entity_type,entity_id,zone_id,date,anomaly_type
bin,AMD-BIN-0322,AMD-Z-18,2025-09-01,composition_shift
bin,AMD-BIN-0333,AMD-Z-19,2025-09-01,overnight_dumping
bin,AMD-BIN-0140,AMD-Z-07,2025-09-01,composition_shift
bin,AMD-BIN-0582,AMD-Z-32,2025-09-01,composition_shift
bin,AMD-BIN-0593,AMD-Z-33,2025-09-01,collection_gap
bin,AMD-BIN-0468,AMD-Z-26,2025-09-01,collection_gap
bin,AMD-BIN-0191,AMD-Z-10,2025-09-01,illegal_dumping_spike
bin,AMD-BIN-0576,AMD-Z-32,2025-09-01,illegal_dumping_spike
bin,AMD-BIN-0322,AMD-Z-18,2025-09-02,composition_shift
bin,AMD-BIN-0216,AMD-Z-12,2025-09-02,collection_gap
bin,AMD-BIN-0315,AMD-Z-18,2025-09-02,composition_shift
bin,AMD-BIN-0333,AMD-Z-19,2025-09-02,overnight_dumping
bin,AMD-BIN-0140,AMD-Z-07,2025-09-02,composition_shift
bin,AMD-BIN-0025,AMD-Z-02,2025-09-02,composition_shift
bin,AMD-BIN-0485,AMD-Z-27,2025-09-02,illegal_dumping_spike
bin,AMD-BIN-0422,AMD-Z-23,2025-09-02,collection_gap
bin,AMD-BIN-0008,AMD-Z-01,2025-09-02,composition_shift
bin,AMD-BIN-0593,AMD-Z-33,2025-09-02,collection_gap
bin,AMD-BIN-0431,AMD-Z-24,2025-09-02,composition_shift
bin,AMD-BIN-0382,AMD-Z-21,2025-09-02,illegal_dumping_spike
bin,AMD-BIN-0044,AMD-Z-02,2025-09-02,illegal_dumping_spike
bin,AMD-BIN-0468,AMD-Z-26,2025-09-02,collection_gap
bin,AMD-BIN-0191,AMD-Z-10,2025-09-02,illegal_dumping_spike
bin,AMD-BIN-0359,AMD-Z-20,2025-09-02,illegal_dumping_spike
bin,AMD-BIN-0411,AMD-Z-23,2025-09-02,overnight_dumping
bin,AMD-BIN-0576,AMD-Z-32,2025-09-02,illegal_dumping_spike
bin,AMD-BIN-0471,AMD-Z-26,2025-09-02,illegal_dumping_spike
bin,AMD-BIN-0403,AMD-Z-22,2025-09-03,overnight_dumping
bin,AMD-BIN-0322,AMD-Z-18,2025-09-03,composition_shift
bin,AMD-BIN-0216,AMD-Z-12,2025-09-03,collection_gap
bin,AMD-BIN-0538,AMD-Z-30,2025-09-03,collection_gap
bin,AMD-BIN-0386,AMD-Z-21,2025-09-03,overnight_dumping
bin,AMD-BIN-0471,AMD-Z-26,2025-09-03,festival_overload
bin,AMD-BIN-0140,AMD-Z-07,2025-09-03,composition_shift
bin,AMD-BIN-0421,AMD-Z-23,2025-09-03,festival_overload
bin,AMD-BIN-0422,AMD-Z-23,2025-09-03,collection_gap
bin,AMD-BIN-0075,AMD-Z-04,2025-09-03,repeated_overflow
bin,AMD-BIN-0382,AMD-Z-21,2025-09-03,illegal_dumping_spike
bin,AMD-BIN-0042,AMD-Z-02,2025-09-03,collection_gap
bin,AMD-BIN-0468,AMD-Z-26,2025-09-03,collection_gap
bin,AMD-BIN-0411,AMD-Z-23,2025-09-03,overnight_dumping
bin,AMD-BIN-0068,AMD-Z-04,2025-09-03,illegal_dumping_spike
bin,AMD-BIN-0120,AMD-Z-06,2025-09-03,composition_shift
bin,AMD-BIN-0385,AMD-Z-21,2025-09-03,illegal_dumping_spike
bin,AMD-BIN-0349,AMD-Z-19,2025-09-04,repeated_overflow
bin,AMD-BIN-0216,AMD-Z-12,2025-09-04,collection_gap
bin,AMD-BIN-0086,AMD-Z-04,2025-09-04,collection_gap
bin,AMD-BIN-0142,AMD-Z-08,2025-09-04,festival_overload
bin,AMD-BIN-0453,AMD-Z-25,2025-09-04,illegal_dumping_spike
bin,AMD-BIN-0529,AMD-Z-29,2025-09-04,festival_overload
bin,AMD-BIN-0538,AMD-Z-30,2025-09-04,collection_gap
bin,AMD-BIN-0348,AMD-Z-19,2025-09-04,overnight_dumping
bin,AMD-BIN-0386,AMD-Z-21,2025-09-04,overnight_dumping
bin,AMD-BIN-0060,AMD-Z-03,2025-09-04,composition_shift
bin,AMD-BIN-0495,AMD-Z-28,2025-09-04,overnight_dumping
bin,AMD-BIN-0397,AMD-Z-22,2025-09-04,repeated_overflow
bin,AMD-BIN-0496,AMD-Z-28,2025-09-04,composition_shift
bin,AMD-BIN-0422,AMD-Z-23,2025-09-04,collection_gap
bin,AMD-BIN-0215,AMD-Z-11,2025-09-04,collection_gap
bin,AMD-BIN-0075,AMD-Z-04,2025-09-04,repeated_overflow
bin,AMD-BIN-0042,AMD-Z-02,2025-09-04,collection_gap
bin,AMD-BIN-0468,AMD-Z-26,2025-09-04,collection_gap
bin,AMD-BIN-0306,AMD-Z-17,2025-09-04,overnight_dumping
bin,AMD-BIN-0068,AMD-Z-04,2025-09-04,illegal_dumping_spike
bin,AMD-BIN-0120,AMD-Z-06,2025-09-04,composition_shift
bin,AMD-BIN-0385,AMD-Z-21,2025-09-04,illegal_dumping_spike
bin,AMD-BIN-0349,AMD-Z-19,2025-09-05,repeated_overflow
bin,AMD-BIN-0086,AMD-Z-04,2025-09-05,collection_gap
bin,AMD-BIN-0142,AMD-Z-08,2025-09-05,festival_overload
bin,AMD-BIN-0453,AMD-Z-25,2025-09-05,illegal_dumping_spike
bin,AMD-BIN-0356,AMD-Z-20,2025-09-05,repeated_overflow
bin,AMD-BIN-0538,AMD-Z-30,2025-09-05,collection_gap
bin,AMD-BIN-0563,AMD-Z-31,2025-09-05,repeated_overflow
bin,AMD-BIN-0060,AMD-Z-03,2025-09-05,composition_shift
bin,AMD-BIN-0397,AMD-Z-22,2025-09-05,repeated_overflow
bin,AMD-BIN-0422,AMD-Z-23,2025-09-05,collection_gap
bin,AMD-BIN-0215,AMD-Z-11,2025-09-05,collection_gap
bin,AMD-BIN-0075,AMD-Z-04,2025-09-05,repeated_overflow
bin,AMD-BIN-0230,AMD-Z-12,2025-09-05,repeated_overflow
bin,AMD-BIN-0306,AMD-Z-17,2025-09-05,overnight_dumping
bin,AMD-BIN-0233,AMD-Z-13,2025-09-05,festival_overload
bin,AMD-BIN-0360,AMD-Z-20,2025-09-05,overnight_dumping
bin,AMD-BIN-0283,AMD-Z-16,2025-09-05,composition_shift
bin,AMD-BIN-0097,AMD-Z-05,2025-09-05,repeated_overflow
bin,AMD-BIN-0120,AMD-Z-06,2025-09-05,composition_shift
bin,AMD-BIN-0349,AMD-Z-19,2025-09-06,repeated_overflow
bin,AMD-BIN-0086,AMD-Z-04,2025-09-06,collection_gap
bin,AMD-BIN-0555,AMD-Z-31,2025-09-06,repeated_overflow
bin,AMD-BIN-0370,AMD-Z-21,2025-09-06,weekend_spike
bin,AMD-BIN-0397,AMD-Z-22,2025-09-06,illegal_dumping_spike
bin,AMD-BIN-0356,AMD-Z-20,2025-09-06,repeated_overflow
bin,AMD-BIN-0563,AMD-Z-31,2025-09-06,repeated_overflow
bin,AMD-BIN-0576,AMD-Z-32,2025-09-06,composition_shift
bin,AMD-BIN-0215,AMD-Z-11,2025-09-06,collection_gap
bin,AMD-BIN-0230,AMD-Z-12,2025-09-06,repeated_overflow
bin,AMD-BIN-0030,AMD-Z-02,2025-09-06,weekend_spike
bin,AMD-BIN-0180,AMD-Z-10,2025-09-06,weekend_spike
bin,AMD-BIN-0155,AMD-Z-08,2025-09-06,repeated_overflow
bin,AMD-BIN-0233,AMD-Z-13,2025-09-06,festival_overload
bin,AMD-BIN-0283,AMD-Z-16,2025-09-06,composition_shift
bin,AMD-BIN-0097,AMD-Z-05,2025-09-06,repeated_overflow
bin,AMD-BIN-0068,AMD-Z-04,2025-09-06,weekend_spike
bin,AMD-BIN-0028,AMD-Z-02,2025-09-06,weekend_spike
bin,AMD-BIN-0349,AMD-Z-19,2025-09-07,repeated_overflow
bin,AMD-BIN-0483,AMD-Z-27,2025-09-07,illegal_dumping_spike
bin,AMD-BIN-0555,AMD-Z-31,2025-09-07,repeated_overflow
bin,AMD-BIN-0397,AMD-Z-22,2025-09-07,illegal_dumping_spike
bin,AMD-BIN-0572,AMD-Z-32,2025-09-07,overnight_dumping
bin,AMD-BIN-0356,AMD-Z-20,2025-09-07,repeated_overflow
bin,AMD-BIN-0323,AMD-Z-18,2025-09-07,illegal_dumping_spike
bin,AMD-BIN-0565,AMD-Z-31,2025-09-07,festival_overload
bin,AMD-BIN-0226,AMD-Z-12,2025-09-07,festival_overload
bin,AMD-BIN-0576,AMD-Z-32,2025-09-07,composition_shift
bin,AMD-BIN-0267,AMD-Z-15,2025-09-07,collection_gap
bin,AMD-BIN-0283,AMD-Z-16,2025-09-07,composition_shift
bin,AMD-BIN-0215,AMD-Z-11,2025-09-07,collection_gap
bin,AMD-BIN-0277,AMD-Z-15,2025-09-07,repeated_overflow
bin,AMD-BIN-0230,AMD-Z-12,2025-09-07,repeated_overflow
bin,AMD-BIN-0030,AMD-Z-02,2025-09-07,weekend_spike
bin,AMD-BIN-0020,AMD-Z-01,2025-09-07,overnight_dumping
bin,AMD-BIN-0155,AMD-Z-08,2025-09-07,repeated_overflow
bin,AMD-BIN-0481,AMD-Z-27,2025-09-07,illegal_dumping_spike
bin,AMD-BIN-0097,AMD-Z-05,2025-09-07,repeated_overflow
zone,AMD-Z-09,AMD-Z-09,2025-09-07,zone_surge
bin,AMD-BIN-0555,AMD-Z-31,2025-09-08,repeated_overflow
bin,AMD-BIN-0572,AMD-Z-32,2025-09-08,overnight_dumping
bin,AMD-BIN-0289,AMD-Z-16,2025-09-08,collection_gap
bin,AMD-BIN-0430,AMD-Z-24,2025-09-08,composition_shift
bin,AMD-BIN-0323,AMD-Z-18,2025-09-08,illegal_dumping_spike
bin,AMD-BIN-0283,AMD-Z-16,2025-09-08,festival_overload
bin,AMD-BIN-0590,AMD-Z-33,2025-09-08,illegal_dumping_spike
bin,AMD-BIN-0226,AMD-Z-12,2025-09-08,festival_overload
bin,AMD-BIN-0576,AMD-Z-32,2025-09-08,composition_shift
bin,AMD-BIN-0267,AMD-Z-15,2025-09-08,collection_gap
bin,AMD-BIN-0327,AMD-Z-18,2025-09-08,illegal_dumping_spike
bin,AMD-BIN-0277,AMD-Z-15,2025-09-08,repeated_overflow
bin,AMD-BIN-0230,AMD-Z-12,2025-09-08,repeated_overflow
bin,AMD-BIN-0155,AMD-Z-08,2025-09-08,repeated_overflow
bin,AMD-BIN-0510,AMD-Z-28,2025-09-08,overnight_dumping
bin,AMD-BIN-0317,AMD-Z-18,2025-09-09,festival_overload
bin,AMD-BIN-0555,AMD-Z-31,2025-09-09,repeated_overflow
bin,AMD-BIN-0299,AMD-Z-17,2025-09-09,illegal_dumping_spike
bin,AMD-BIN-0289,AMD-Z-16,2025-09-09,collection_gap
bin,AMD-BIN-0503,AMD-Z-28,2025-09-09,festival_overload
bin,AMD-BIN-0590,AMD-Z-33,2025-09-09,illegal_dumping_spike
bin,AMD-BIN-0074,AMD-Z-04,2025-09-09,collection_gap
bin,AMD-BIN-0119,AMD-Z-06,2025-09-09,festival_overload
bin,AMD-BIN-0267,AMD-Z-15,2025-09-09,collection_gap
bin,AMD-BIN-0283,AMD-Z-16,2025-09-09,composition_shift
bin,AMD-BIN-0327,AMD-Z-18,2025-09-09,illegal_dumping_spike
bin,AMD-BIN-0155,AMD-Z-08,2025-09-09,repeated_overflow
bin,AMD-BIN-0510,AMD-Z-28,2025-09-09,overnight_dumping
bin,AMD-BIN-0375,AMD-Z-21,2025-09-09,illegal_dumping_spike
bin,AMD-BIN-0148,AMD-Z-08,2025-09-09,composition_shift
bin,AMD-BIN-0317,AMD-Z-18,2025-09-10,festival_overload
bin,AMD-BIN-0217,AMD-Z-12,2025-09-10,composition_shift
bin,AMD-BIN-0058,AMD-Z-03,2025-09-10,illegal_dumping_spike
bin,AMD-BIN-0299,AMD-Z-17,2025-09-10,illegal_dumping_spike
bin,AMD-BIN-0289,AMD-Z-16,2025-09-10,collection_gap
bin,AMD-BIN-0074,AMD-Z-04,2025-09-10,collection_gap
bin,AMD-BIN-0119,AMD-Z-06,2025-09-10,festival_overload
bin,AMD-BIN-0286,AMD-Z-16,2025-09-10,festival_overload
bin,AMD-BIN-0423,AMD-Z-24,2025-09-10,collection_gap
bin,AMD-BIN-0115,AMD-Z-06,2025-09-10,collection_gap
bin,AMD-BIN-0087,AMD-Z-05,2025-09-11,overnight_dumping
bin,AMD-BIN-0217,AMD-Z-12,2025-09-11,composition_shift
bin,AMD-BIN-0289,AMD-Z-16,2025-09-11,collection_gap
bin,AMD-BIN-0074,AMD-Z-04,2025-09-11,collection_gap
bin,AMD-BIN-0423,AMD-Z-24,2025-09-11,collection_gap
bin,AMD-BIN-0578,AMD-Z-32,2025-09-11,collection_gap
bin,AMD-BIN-0012,AMD-Z-01,2025-09-11,festival_overload
bin,AMD-BIN-0491,AMD-Z-27,2025-09-11,overnight_dumping
bin,AMD-BIN-0115,AMD-Z-06,2025-09-11,collection_gap
zone,AMD-Z-22,AMD-Z-22,2025-09-11,zone_surge
bin,AMD-BIN-0217,AMD-Z-12,2025-09-12,composition_shift
bin,AMD-BIN-0352,AMD-Z-20,2025-09-12,collection_gap
bin,AMD-BIN-0094,AMD-Z-05,2025-09-12,festival_overload
bin,AMD-BIN-0496,AMD-Z-28,2025-09-12,illegal_dumping_spike
bin,AMD-BIN-0582,AMD-Z-32,2025-09-12,illegal_dumping_spike
bin,AMD-BIN-0402,AMD-Z-22,2025-09-12,collection_gap
bin,AMD-BIN-0293,AMD-Z-16,2025-09-12,festival_overload
bin,AMD-BIN-0578,AMD-Z-32,2025-09-12,collection_gap
bin,AMD-BIN-0012,AMD-Z-01,2025-09-12,festival_overload
bin,AMD-BIN-0349,AMD-Z-19,2025-09-12,festival_overload
bin,AMD-BIN-0193,AMD-Z-11,2025-09-12,collection_gap
bin,AMD-BIN-0235,AMD-Z-13,2025-09-13,overnight_dumping
bin,AMD-BIN-0362,AMD-Z-20,2025-09-13,weekend_spike
bin,AMD-BIN-0312,AMD-Z-17,2025-09-13,weekend_spike
bin,AMD-BIN-0352,AMD-Z-20,2025-09-13,collection_gap
bin,AMD-BIN-0539,AMD-Z-30,2025-09-13,overnight_dumping
bin,AMD-BIN-0094,AMD-Z-05,2025-09-13,festival_overload
bin,AMD-BIN-0225,AMD-Z-12,2025-09-13,weekend_spike
bin,AMD-BIN-0511,AMD-Z-28,2025-09-13,weekend_spike
bin,AMD-BIN-0496,AMD-Z-28,2025-09-13,illegal_dumping_spike
bin,AMD-BIN-0240,AMD-Z-13,2025-09-13,weekend_spike
bin,AMD-BIN-0402,AMD-Z-22,2025-09-13,collection_gap
bin,AMD-BIN-0207,AMD-Z-11,2025-09-13,weekend_spike
bin,AMD-BIN-0072,AMD-Z-04,2025-09-13,illegal_dumping_spike
bin,AMD-BIN-0090,AMD-Z-05,2025-09-13,illegal_dumping_spike
bin,AMD-BIN-0193,AMD-Z-11,2025-09-13,collection_gap
bin,AMD-BIN-0366,AMD-Z-20,2025-09-13,illegal_dumping_spike
bin,AMD-BIN-0129,AMD-Z-07,2025-09-13,composition_shift
bin,AMD-BIN-0289,AMD-Z-16,2025-09-13,weekend_spike
bin,AMD-BIN-0235,AMD-Z-13,2025-09-14,overnight_dumping
bin,AMD-BIN-0362,AMD-Z-20,2025-09-14,weekend_spike
bin,AMD-BIN-0595,AMD-Z-33,2025-09-14,composition_shift
bin,AMD-BIN-0240,AMD-Z-13,2025-09-14,weekend_spike
bin,AMD-BIN-0137,AMD-Z-07,2025-09-14,illegal_dumping_spike
bin,AMD-BIN-0072,AMD-Z-04,2025-09-14,illegal_dumping_spike
bin,AMD-BIN-0052,AMD-Z-03,2025-09-14,collection_gap
bin,AMD-BIN-0483,AMD-Z-27,2025-09-14,collection_gap
bin,AMD-BIN-0090,AMD-Z-05,2025-09-14,illegal_dumping_spike
bin,AMD-BIN-0366,AMD-Z-20,2025-09-14,illegal_dumping_spike
bin,AMD-BIN-0289,AMD-Z-16,2025-09-14,weekend_spike
bin,AMD-BIN-0416,AMD-Z-23,2025-09-15,collection_gap
bin,AMD-BIN-0304,AMD-Z-17,2025-09-15,illegal_dumping_spike
bin,AMD-BIN-0265,AMD-Z-14,2025-09-15,repeated_overflow
bin,AMD-BIN-0431,AMD-Z-24,2025-09-15,collection_gap
bin,AMD-BIN-0595,AMD-Z-33,2025-09-15,composition_shift
bin,AMD-BIN-0331,AMD-Z-18,2025-09-15,collection_gap
bin,AMD-BIN-0361,AMD-Z-20,2025-09-15,illegal_dumping_spike
bin,AMD-BIN-0277,AMD-Z-15,2025-09-15,collection_gap
bin,AMD-BIN-0011,AMD-Z-01,2025-09-15,overnight_dumping
bin,AMD-BIN-0052,AMD-Z-03,2025-09-15,collection_gap
bin,AMD-BIN-0483,AMD-Z-27,2025-09-15,collection_gap
bin,AMD-BIN-0416,AMD-Z-23,2025-09-16,collection_gap
bin,AMD-BIN-0326,AMD-Z-18,2025-09-16,illegal_dumping_spike
bin,AMD-BIN-0265,AMD-Z-14,2025-09-16,repeated_overflow
bin,AMD-BIN-0431,AMD-Z-24,2025-09-16,collection_gap
bin,AMD-BIN-0241,AMD-Z-13,2025-09-16,festival_overload
bin,AMD-BIN-0331,AMD-Z-18,2025-09-16,collection_gap
bin,AMD-BIN-0361,AMD-Z-20,2025-09-16,illegal_dumping_spike
bin,AMD-BIN-0277,AMD-Z-15,2025-09-16,collection_gap
bin,AMD-BIN-0052,AMD-Z-03,2025-09-16,collection_gap
bin,AMD-BIN-0578,AMD-Z-32,2025-09-16,composition_shift
bin,AMD-BIN-0490,AMD-Z-27,2025-09-17,composition_shift
bin,AMD-BIN-0416,AMD-Z-23,2025-09-17,collection_gap
bin,AMD-BIN-0515,AMD-Z-29,2025-09-17,festival_overload
bin,AMD-BIN-0354,AMD-Z-20,2025-09-17,repeated_overflow
bin,AMD-BIN-0292,AMD-Z-16,2025-09-17,collection_gap
bin,AMD-BIN-0326,AMD-Z-18,2025-09-17,illegal_dumping_spike
bin,AMD-BIN-0265,AMD-Z-14,2025-09-17,repeated_overflow
bin,AMD-BIN-0431,AMD-Z-24,2025-09-17,collection_gap
bin,AMD-BIN-0241,AMD-Z-13,2025-09-17,festival_overload
bin,AMD-BIN-0153,AMD-Z-08,2025-09-17,collection_gap
bin,AMD-BIN-0440,AMD-Z-25,2025-09-17,collection_gap
bin,AMD-BIN-0520,AMD-Z-29,2025-09-17,festival_overload
bin,AMD-BIN-0039,AMD-Z-02,2025-09-17,overnight_dumping
bin,AMD-BIN-0140,AMD-Z-07,2025-09-17,illegal_dumping_spike
bin,AMD-BIN-0117,AMD-Z-06,2025-09-17,collection_gap
bin,AMD-BIN-0578,AMD-Z-32,2025-09-17,composition_shift
bin,AMD-BIN-0451,AMD-Z-25,2025-09-18,composition_shift
bin,AMD-BIN-0258,AMD-Z-14,2025-09-18,illegal_dumping_spike
bin,AMD-BIN-0360,AMD-Z-20,2025-09-18,composition_shift
bin,AMD-BIN-0330,AMD-Z-18,2025-09-18,illegal_dumping_spike
bin,AMD-BIN-0354,AMD-Z-20,2025-09-18,repeated_overflow
bin,AMD-BIN-0292,AMD-Z-16,2025-09-18,collection_gap
bin,AMD-BIN-0180,AMD-Z-10,2025-09-18,illegal_dumping_spike
bin,AMD-BIN-0265,AMD-Z-14,2025-09-18,repeated_overflow
bin,AMD-BIN-0091,AMD-Z-05,2025-09-18,collection_gap
bin,AMD-BIN-0007,AMD-Z-01,2025-09-18,collection_gap
bin,AMD-BIN-0406,AMD-Z-22,2025-09-18,festival_overload
bin,AMD-BIN-0153,AMD-Z-08,2025-09-18,collection_gap
bin,AMD-BIN-0107,AMD-Z-06,2025-09-18,festival_overload
bin,AMD-BIN-0440,AMD-Z-25,2025-09-18,collection_gap
bin,AMD-BIN-0039,AMD-Z-02,2025-09-18,overnight_dumping
bin,AMD-BIN-0140,AMD-Z-07,2025-09-18,illegal_dumping_spike
bin,AMD-BIN-0117,AMD-Z-06,2025-09-18,collection_gap
bin,AMD-BIN-0222,AMD-Z-12,2025-09-19,collection_gap
bin,AMD-BIN-0451,AMD-Z-25,2025-09-19,composition_shift
bin,AMD-BIN-0258,AMD-Z-14,2025-09-19,illegal_dumping_spike
bin,AMD-BIN-0596,AMD-Z-33,2025-09-19,illegal_dumping_spike
bin,AMD-BIN-0360,AMD-Z-20,2025-09-19,composition_shift
bin,AMD-BIN-0330,AMD-Z-18,2025-09-19,illegal_dumping_spike
bin,AMD-BIN-0597,AMD-Z-33,2025-09-19,composition_shift
bin,AMD-BIN-0354,AMD-Z-20,2025-09-19,repeated_overflow
bin,AMD-BIN-0292,AMD-Z-16,2025-09-19,collection_gap
bin,AMD-BIN-0569,AMD-Z-32,2025-09-19,overnight_dumping
bin,AMD-BIN-0091,AMD-Z-05,2025-09-19,collection_gap
bin,AMD-BIN-0007,AMD-Z-01,2025-09-19,collection_gap
bin,AMD-BIN-0196,AMD-Z-11,2025-09-19,illegal_dumping_spike
bin,AMD-BIN-0406,AMD-Z-22,2025-09-19,festival_overload
bin,AMD-BIN-0318,AMD-Z-18,2025-09-19,illegal_dumping_spike
bin,AMD-BIN-0057,AMD-Z-03,2025-09-19,overnight_dumping
bin,AMD-BIN-0107,AMD-Z-06,2025-09-19,festival_overload
bin,AMD-BIN-0440,AMD-Z-25,2025-09-19,collection_gap
bin,AMD-BIN-0598,AMD-Z-33,2025-09-19,repeated_overflow
bin,AMD-BIN-0041,AMD-Z-02,2025-09-19,illegal_dumping_spike
bin,AMD-BIN-0117,AMD-Z-06,2025-09-19,collection_gap
bin,AMD-BIN-0222,AMD-Z-12,2025-09-20,collection_gap
bin,AMD-BIN-0376,AMD-Z-21,2025-09-20,illegal_dumping_spike
bin,AMD-BIN-0360,AMD-Z-20,2025-09-20,composition_shift
bin,AMD-BIN-0597,AMD-Z-33,2025-09-20,composition_shift
bin,AMD-BIN-0354,AMD-Z-20,2025-09-20,repeated_overflow
bin,AMD-BIN-0569,AMD-Z-32,2025-09-20,overnight_dumping
bin,AMD-BIN-0091,AMD-Z-05,2025-09-20,collection_gap
bin,AMD-BIN-0007,AMD-Z-01,2025-09-20,collection_gap
bin,AMD-BIN-0203,AMD-Z-11,2025-09-20,weekend_spike
bin,AMD-BIN-0164,AMD-Z-09,2025-09-20,festival_overload
bin,AMD-BIN-0318,AMD-Z-18,2025-09-20,illegal_dumping_spike
bin,AMD-BIN-0057,AMD-Z-03,2025-09-20,overnight_dumping
bin,AMD-BIN-0130,AMD-Z-07,2025-09-20,festival_overload
bin,AMD-BIN-0598,AMD-Z-33,2025-09-20,repeated_overflow
bin,AMD-BIN-0391,AMD-Z-22,2025-09-20,illegal_dumping_spike
bin,AMD-BIN-0166,AMD-Z-09,2025-09-20,weekend_spike
bin,AMD-BIN-0283,AMD-Z-16,2025-09-20,composition_shift
bin,AMD-BIN-0216,AMD-Z-12,2025-09-20,weekend_spike
bin,AMD-BIN-0222,AMD-Z-12,2025-09-21,collection_gap
bin,AMD-BIN-0376,AMD-Z-21,2025-09-21,illegal_dumping_spike
bin,AMD-BIN-0352,AMD-Z-20,2025-09-21,overnight_dumping
bin,AMD-BIN-0361,AMD-Z-20,2025-09-21,illegal_dumping_spike
bin,AMD-BIN-0073,AMD-Z-04,2025-09-21,overnight_dumping
bin,AMD-BIN-0597,AMD-Z-33,2025-09-21,composition_shift
bin,AMD-BIN-0203,AMD-Z-11,2025-09-21,weekend_spike
bin,AMD-BIN-0170,AMD-Z-09,2025-09-21,composition_shift
bin,AMD-BIN-0177,AMD-Z-10,2025-09-21,collection_gap
bin,AMD-BIN-0457,AMD-Z-26,2025-09-21,overnight_dumping
bin,AMD-BIN-0197,AMD-Z-11,2025-09-21,collection_gap
bin,AMD-BIN-0093,AMD-Z-05,2025-09-21,illegal_dumping_spike
bin,AMD-BIN-0391,AMD-Z-22,2025-09-21,illegal_dumping_spike
bin,AMD-BIN-0440,AMD-Z-25,2025-09-21,composition_shift
bin,AMD-BIN-0260,AMD-Z-14,2025-09-21,illegal_dumping_spike
bin,AMD-BIN-0462,AMD-Z-26,2025-09-21,collection_gap
bin,AMD-BIN-0273,AMD-Z-15,2025-09-21,festival_overload
bin,AMD-BIN-0195,AMD-Z-11,2025-09-21,collection_gap
zone,AMD-Z-03,AMD-Z-03,2025-09-21,zone_surge
bin,AMD-BIN-0571,AMD-Z-32,2025-09-22,composition_shift
bin,AMD-BIN-0222,AMD-Z-12,2025-09-22,collection_gap
bin,AMD-BIN-0352,AMD-Z-20,2025-09-22,overnight_dumping
bin,AMD-BIN-0361,AMD-Z-20,2025-09-22,illegal_dumping_spike
bin,AMD-BIN-0073,AMD-Z-04,2025-09-22,overnight_dumping
bin,AMD-BIN-0016,AMD-Z-01,2025-09-22,overnight_dumping
bin,AMD-BIN-0440,AMD-Z-25,2025-09-22,collection_gap
bin,AMD-BIN-0068,AMD-Z-04,2025-09-22,composition_shift
bin,AMD-BIN-0177,AMD-Z-10,2025-09-22,collection_gap
bin,AMD-BIN-0463,AMD-Z-26,2025-09-22,illegal_dumping_spike
bin,AMD-BIN-0457,AMD-Z-26,2025-09-22,overnight_dumping
bin,AMD-BIN-0197,AMD-Z-11,2025-09-22,collection_gap
bin,AMD-BIN-0093,AMD-Z-05,2025-09-22,illegal_dumping_spike
bin,AMD-BIN-0419,AMD-Z-23,2025-09-22,festival_overload
bin,AMD-BIN-0170,AMD-Z-09,2025-09-22,composition_shift
bin,AMD-BIN-0094,AMD-Z-05,2025-09-22,composition_shift
bin,AMD-BIN-0449,AMD-Z-25,2025-09-22,collection_gap
bin,AMD-BIN-0462,AMD-Z-26,2025-09-22,collection_gap
bin,AMD-BIN-0195,AMD-Z-11,2025-09-22,collection_gap
bin,AMD-BIN-0467,AMD-Z-26,2025-09-23,repeated_overflow
bin,AMD-BIN-0571,AMD-Z-32,2025-09-23,composition_shift
bin,AMD-BIN-0570,AMD-Z-32,2025-09-23,collection_gap
bin,AMD-BIN-0375,AMD-Z-21,2025-09-23,illegal_dumping_spike
bin,AMD-BIN-0278,AMD-Z-15,2025-09-23,composition_shift
bin,AMD-BIN-0440,AMD-Z-25,2025-09-23,collection_gap
bin,AMD-BIN-0266,AMD-Z-15,2025-09-23,illegal_dumping_spike
bin,AMD-BIN-0177,AMD-Z-10,2025-09-23,collection_gap
bin,AMD-BIN-0463,AMD-Z-26,2025-09-23,illegal_dumping_spike
bin,AMD-BIN-0354,AMD-Z-20,2025-09-23,collection_gap
bin,AMD-BIN-0197,AMD-Z-11,2025-09-23,collection_gap
bin,AMD-BIN-0521,AMD-Z-29,2025-09-23,illegal_dumping_spike
bin,AMD-BIN-0170,AMD-Z-09,2025-09-23,composition_shift
bin,AMD-BIN-0449,AMD-Z-25,2025-09-23,collection_gap
bin,AMD-BIN-0195,AMD-Z-11,2025-09-23,collection_gap
bin,AMD-BIN-0136,AMD-Z-07,2025-09-24,overnight_dumping
bin,AMD-BIN-0467,AMD-Z-26,2025-09-24,repeated_overflow
bin,AMD-BIN-0328,AMD-Z-18,2025-09-24,collection_gap
bin,AMD-BIN-0571,AMD-Z-32,2025-09-24,composition_shift
bin,AMD-BIN-0199,AMD-Z-11,2025-09-24,collection_gap
bin,AMD-BIN-0570,AMD-Z-32,2025-09-24,collection_gap
bin,AMD-BIN-0575,AMD-Z-32,2025-09-24,illegal_dumping_spike
bin,AMD-BIN-0591,AMD-Z-33,2025-09-24,illegal_dumping_spike
bin,AMD-BIN-0564,AMD-Z-31,2025-09-24,festival_overload
bin,AMD-BIN-0423,AMD-Z-24,2025-09-24,repeated_overflow
bin,AMD-BIN-0278,AMD-Z-15,2025-09-24,composition_shift
bin,AMD-BIN-0016,AMD-Z-01,2025-09-24,illegal_dumping_spike
bin,AMD-BIN-0440,AMD-Z-25,2025-09-24,collection_gap
bin,AMD-BIN-0174,AMD-Z-09,2025-09-24,collection_gap
bin,AMD-BIN-0336,AMD-Z-19,2025-09-24,collection_gap
bin,AMD-BIN-0354,AMD-Z-20,2025-09-24,collection_gap
bin,AMD-BIN-0197,AMD-Z-11,2025-09-24,collection_gap
bin,AMD-BIN-0532,AMD-Z-30,2025-09-24,repeated_overflow
bin,AMD-BIN-0521,AMD-Z-29,2025-09-24,illegal_dumping_spike
bin,AMD-BIN-0079,AMD-Z-04,2025-09-24,illegal_dumping_spike
bin,AMD-BIN-0273,AMD-Z-15,2025-09-25,repeated_overflow
bin,AMD-BIN-0328,AMD-Z-18,2025-09-25,collection_gap
bin,AMD-BIN-0199,AMD-Z-11,2025-09-25,collection_gap
bin,AMD-BIN-0423,AMD-Z-24,2025-09-25,repeated_overflow
bin,AMD-BIN-0278,AMD-Z-15,2025-09-25,composition_shift
bin,AMD-BIN-0343,AMD-Z-19,2025-09-25,festival_overload
bin,AMD-BIN-0386,AMD-Z-21,2025-09-25,repeated_overflow
bin,AMD-BIN-0412,AMD-Z-23,2025-09-25,collection_gap
bin,AMD-BIN-0174,AMD-Z-09,2025-09-25,collection_gap
bin,AMD-BIN-0508,AMD-Z-28,2025-09-25,collection_gap
bin,AMD-BIN-0336,AMD-Z-19,2025-09-25,collection_gap
bin,AMD-BIN-0354,AMD-Z-20,2025-09-25,collection_gap
bin,AMD-BIN-0351,AMD-Z-20,2025-09-25,illegal_dumping_spike
bin,AMD-BIN-0532,AMD-Z-30,2025-09-25,repeated_overflow
bin,AMD-BIN-0446,AMD-Z-25,2025-09-25,overnight_dumping
bin,AMD-BIN-0580,AMD-Z-32,2025-09-25,collection_gap
bin,AMD-BIN-0079,AMD-Z-04,2025-09-25,illegal_dumping_spike
bin,AMD-BIN-0447,AMD-Z-25,2025-09-25,repeated_overflow
bin,AMD-BIN-0273,AMD-Z-15,2025-09-26,repeated_overflow
bin,AMD-BIN-0199,AMD-Z-11,2025-09-26,collection_gap
bin,AMD-BIN-0249,AMD-Z-13,2025-09-26,festival_overload
bin,AMD-BIN-0227,AMD-Z-12,2025-09-26,illegal_dumping_spike
bin,AMD-BIN-0114,AMD-Z-06,2025-09-26,collection_gap
bin,AMD-BIN-0343,AMD-Z-19,2025-09-26,festival_overload
bin,AMD-BIN-0386,AMD-Z-21,2025-09-26,repeated_overflow
bin,AMD-BIN-0079,AMD-Z-04,2025-09-26,collection_gap
bin,AMD-BIN-0412,AMD-Z-23,2025-09-26,collection_gap
bin,AMD-BIN-0043,AMD-Z-02,2025-09-26,illegal_dumping_spike
bin,AMD-BIN-0191,AMD-Z-10,2025-09-26,collection_gap
bin,AMD-BIN-0174,AMD-Z-09,2025-09-26,collection_gap
bin,AMD-BIN-0508,AMD-Z-28,2025-09-26,collection_gap
bin,AMD-BIN-0206,AMD-Z-11,2025-09-26,festival_overload
bin,AMD-BIN-0160,AMD-Z-09,2025-09-26,repeated_overflow
bin,AMD-BIN-0336,AMD-Z-19,2025-09-26,collection_gap
bin,AMD-BIN-0268,AMD-Z-15,2025-09-26,illegal_dumping_spike
bin,AMD-BIN-0580,AMD-Z-32,2025-09-26,collection_gap
bin,AMD-BIN-0120,AMD-Z-06,2025-09-26,composition_shift
bin,AMD-BIN-0447,AMD-Z-25,2025-09-26,repeated_overflow
zone,AMD-Z-21,AMD-Z-21,2025-09-26,zone_surge
bin,AMD-BIN-0273,AMD-Z-15,2025-09-27,repeated_overflow
bin,AMD-BIN-0026,AMD-Z-02,2025-09-27,illegal_dumping_spike
bin,AMD-BIN-0216,AMD-Z-12,2025-09-27,repeated_overflow
bin,AMD-BIN-0178,AMD-Z-10,2025-09-27,collection_gap
bin,AMD-BIN-0496,AMD-Z-28,2025-09-27,weekend_spike
bin,AMD-BIN-0507,AMD-Z-28,2025-09-27,illegal_dumping_spike
bin,AMD-BIN-0114,AMD-Z-06,2025-09-27,collection_gap
bin,AMD-BIN-0386,AMD-Z-21,2025-09-27,repeated_overflow
bin,AMD-BIN-0079,AMD-Z-04,2025-09-27,collection_gap
bin,AMD-BIN-0426,AMD-Z-24,2025-09-27,repeated_overflow
bin,AMD-BIN-0582,AMD-Z-32,2025-09-27,weekend_spike
bin,AMD-BIN-0248,AMD-Z-13,2025-09-27,overnight_dumping
bin,AMD-BIN-0511,AMD-Z-28,2025-09-27,overnight_dumping
bin,AMD-BIN-0412,AMD-Z-23,2025-09-27,collection_gap
bin,AMD-BIN-0191,AMD-Z-10,2025-09-27,collection_gap
bin,AMD-BIN-0151,AMD-Z-08,2025-09-27,repeated_overflow
bin,AMD-BIN-0174,AMD-Z-09,2025-09-27,collection_gap
bin,AMD-BIN-0206,AMD-Z-11,2025-09-27,festival_overload
bin,AMD-BIN-0160,AMD-Z-09,2025-09-27,repeated_overflow
bin,AMD-BIN-0048,AMD-Z-03,2025-09-27,composition_shift
bin,AMD-BIN-0336,AMD-Z-19,2025-09-27,weekend_spike
bin,AMD-BIN-0590,AMD-Z-33,2025-09-27,overnight_dumping
bin,AMD-BIN-0309,AMD-Z-17,2025-09-27,collection_gap
bin,AMD-BIN-0120,AMD-Z-06,2025-09-27,composition_shift
bin,AMD-BIN-0401,AMD-Z-22,2025-09-27,weekend_spike
bin,AMD-BIN-0555,AMD-Z-31,2025-09-27,repeated_overflow
bin,AMD-BIN-0296,AMD-Z-16,2025-09-27,composition_shift
bin,AMD-BIN-0447,AMD-Z-25,2025-09-27,repeated_overflow
bin,AMD-BIN-0273,AMD-Z-15,2025-09-28,repeated_overflow
bin,AMD-BIN-0216,AMD-Z-12,2025-09-28,repeated_overflow
bin,AMD-BIN-0178,AMD-Z-10,2025-09-28,collection_gap
bin,AMD-BIN-0250,AMD-Z-14,2025-09-28,illegal_dumping_spike
bin,AMD-BIN-0077,AMD-Z-04,2025-09-28,collection_gap
bin,AMD-BIN-0496,AMD-Z-28,2025-09-28,weekend_spike
bin,AMD-BIN-0507,AMD-Z-28,2025-09-28,illegal_dumping_spike
bin,AMD-BIN-0321,AMD-Z-18,2025-09-28,overnight_dumping
bin,AMD-BIN-0114,AMD-Z-06,2025-09-28,collection_gap
bin,AMD-BIN-0386,AMD-Z-21,2025-09-28,repeated_overflow
bin,AMD-BIN-0426,AMD-Z-24,2025-09-28,repeated_overflow
bin,AMD-BIN-0582,AMD-Z-32,2025-09-28,weekend_spike
bin,AMD-BIN-0248,AMD-Z-13,2025-09-28,overnight_dumping
bin,AMD-BIN-0511,AMD-Z-28,2025-09-28,overnight_dumping
bin,AMD-BIN-0191,AMD-Z-10,2025-09-28,collection_gap
bin,AMD-BIN-0151,AMD-Z-08,2025-09-28,repeated_overflow
bin,AMD-BIN-0160,AMD-Z-09,2025-09-28,repeated_overflow
bin,AMD-BIN-0048,AMD-Z-03,2025-09-28,composition_shift
bin,AMD-BIN-0309,AMD-Z-17,2025-09-28,collection_gap
bin,AMD-BIN-0425,AMD-Z-24,2025-09-28,collection_gap
bin,AMD-BIN-0555,AMD-Z-31,2025-09-28,repeated_overflow
bin,AMD-BIN-0296,AMD-Z-16,2025-09-28,composition_shift
bin,AMD-BIN-0216,AMD-Z-12,2025-09-29,repeated_overflow
bin,AMD-BIN-0110,AMD-Z-06,2025-09-29,illegal_dumping_spike
bin,AMD-BIN-0178,AMD-Z-10,2025-09-29,collection_gap
bin,AMD-BIN-0250,AMD-Z-14,2025-09-29,illegal_dumping_spike
bin,AMD-BIN-0077,AMD-Z-04,2025-09-29,collection_gap
bin,AMD-BIN-0347,AMD-Z-19,2025-09-29,overnight_dumping
bin,AMD-BIN-0579,AMD-Z-32,2025-09-29,illegal_dumping_spike
bin,AMD-BIN-0296,AMD-Z-16,2025-09-29,festival_overload
bin,AMD-BIN-0426,AMD-Z-24,2025-09-29,repeated_overflow
bin,AMD-BIN-0082,AMD-Z-04,2025-09-29,illegal_dumping_spike
bin,AMD-BIN-0471,AMD-Z-26,2025-09-29,illegal_dumping_spike
bin,AMD-BIN-0038,AMD-Z-02,2025-09-29,overnight_dumping
bin,AMD-BIN-0191,AMD-Z-10,2025-09-29,collection_gap
bin,AMD-BIN-0425,AMD-Z-24,2025-09-29,collection_gap
bin,AMD-BIN-0555,AMD-Z-31,2025-09-29,repeated_overflow
bin,AMD-BIN-0583,AMD-Z-32,2025-09-29,collection_gap
bin,AMD-BIN-0216,AMD-Z-12,2025-09-30,repeated_overflow
bin,AMD-BIN-0110,AMD-Z-06,2025-09-30,illegal_dumping_spike
bin,AMD-BIN-0178,AMD-Z-10,2025-09-30,collection_gap
bin,AMD-BIN-0579,AMD-Z-32,2025-09-30,illegal_dumping_spike
bin,AMD-BIN-0065,AMD-Z-03,2025-09-30,composition_shift
bin,AMD-BIN-0296,AMD-Z-16,2025-09-30,festival_overload
bin,AMD-BIN-0569,AMD-Z-32,2025-09-30,composition_shift
bin,AMD-BIN-0426,AMD-Z-24,2025-09-30,repeated_overflow
bin,AMD-BIN-0045,AMD-Z-03,2025-09-30,overnight_dumping
bin,AMD-BIN-0543,AMD-Z-30,2025-09-30,repeated_overflow
bin,AMD-BIN-0038,AMD-Z-02,2025-09-30,overnight_dumping
bin,AMD-BIN-0230,AMD-Z-12,2025-09-30,collection_gap
bin,AMD-BIN-0089,AMD-Z-05,2025-09-30,overnight_dumping
bin,AMD-BIN-0293,AMD-Z-16,2025-09-30,collection_gap
bin,AMD-BIN-0430,AMD-Z-24,2025-09-30,composition_shift
bin,AMD-BIN-0037,AMD-Z-02,2025-09-30,collection_gap
bin,AMD-BIN-0583,AMD-Z-32,2025-09-30,collection_gap
bin,AMD-BIN-0066,AMD-Z-03,2025-09-30,festival_overload
bin,AMD-BIN-0503,AMD-Z-28,2025-10-01,illegal_dumping_spike
bin,AMD-BIN-0065,AMD-Z-03,2025-10-01,composition_shift
bin,AMD-BIN-0426,AMD-Z-24,2025-10-01,repeated_overflow
bin,AMD-BIN-0543,AMD-Z-30,2025-10-01,repeated_overflow
bin,AMD-BIN-0143,AMD-Z-08,2025-10-01,overnight_dumping
bin,AMD-BIN-0437,AMD-Z-24,2025-10-01,illegal_dumping_spike
bin,AMD-BIN-0424,AMD-Z-24,2025-10-01,illegal_dumping_spike
bin,AMD-BIN-0353,AMD-Z-20,2025-10-01,composition_shift
bin,AMD-BIN-0230,AMD-Z-12,2025-10-01,collection_gap
bin,AMD-BIN-0089,AMD-Z-05,2025-10-01,overnight_dumping
bin,AMD-BIN-0295,AMD-Z-16,2025-10-01,festival_overload
bin,AMD-BIN-0293,AMD-Z-16,2025-10-01,collection_gap
bin,AMD-BIN-0430,AMD-Z-24,2025-10-01,composition_shift
bin,AMD-BIN-0310,AMD-Z-17,2025-10-01,overnight_dumping
bin,AMD-BIN-0037,AMD-Z-02,2025-10-01,collection_gap
bin,AMD-BIN-0583,AMD-Z-32,2025-10-01,collection_gap
bin,AMD-BIN-0066,AMD-Z-03,2025-10-01,festival_overload
bin,AMD-BIN-0258,AMD-Z-14,2025-10-02,overnight_dumping
bin,AMD-BIN-0073,AMD-Z-04,2025-10-02,illegal_dumping_spike
bin,AMD-BIN-0426,AMD-Z-24,2025-10-02,repeated_overflow
bin,AMD-BIN-0242,AMD-Z-13,2025-10-02,overnight_dumping
bin,AMD-BIN-0260,AMD-Z-14,2025-10-02,overnight_dumping
bin,AMD-BIN-0437,AMD-Z-24,2025-10-02,illegal_dumping_spike
bin,AMD-BIN-0356,AMD-Z-20,2025-10-02,repeated_overflow
bin,AMD-BIN-0230,AMD-Z-12,2025-10-02,collection_gap
bin,AMD-BIN-0030,AMD-Z-02,2025-10-02,illegal_dumping_spike
bin,AMD-BIN-0293,AMD-Z-16,2025-10-02,collection_gap
bin,AMD-BIN-0430,AMD-Z-24,2025-10-02,composition_shift
bin,AMD-BIN-0037,AMD-Z-02,2025-10-02,collection_gap
bin,AMD-BIN-0188,AMD-Z-10,2025-10-02,composition_shift
bin,AMD-BIN-0535,AMD-Z-30,2025-10-03,overnight_dumping
bin,AMD-BIN-0242,AMD-Z-13,2025-10-03,overnight_dumping
bin,AMD-BIN-0066,AMD-Z-03,2025-10-03,composition_shift
bin,AMD-BIN-0260,AMD-Z-14,2025-10-03,overnight_dumping
bin,AMD-BIN-0405,AMD-Z-22,2025-10-03,overnight_dumping
bin,AMD-BIN-0313,AMD-Z-17,2025-10-03,festival_overload
bin,AMD-BIN-0356,AMD-Z-20,2025-10-03,repeated_overflow
bin,AMD-BIN-0348,AMD-Z-19,2025-10-03,illegal_dumping_spike
bin,AMD-BIN-0230,AMD-Z-12,2025-10-03,collection_gap
bin,AMD-BIN-0503,AMD-Z-28,2025-10-03,festival_overload
bin,AMD-BIN-0462,AMD-Z-26,2025-10-03,composition_shift
bin,AMD-BIN-0293,AMD-Z-16,2025-10-03,collection_gap
bin,AMD-BIN-0245,AMD-Z-13,2025-10-03,collection_gap
bin,AMD-BIN-0188,AMD-Z-10,2025-10-03,composition_shift
bin,AMD-BIN-0439,AMD-Z-25,2025-10-03,overnight_dumping
bin,AMD-BIN-0356,AMD-Z-20,2025-10-04,weekend_spike
bin,AMD-BIN-0219,AMD-Z-12,2025-10-04,illegal_dumping_spike
bin,AMD-BIN-0009,AMD-Z-01,2025-10-04,overnight_dumping
bin,AMD-BIN-0066,AMD-Z-03,2025-10-04,composition_shift
bin,AMD-BIN-0462,AMD-Z-26,2025-10-04,composition_shift
bin,AMD-BIN-0133,AMD-Z-07,2025-10-04,weekend_spike
bin,AMD-BIN-0166,AMD-Z-09,2025-10-04,overnight_dumping
bin,AMD-BIN-0245,AMD-Z-13,2025-10-04,collection_gap
bin,AMD-BIN-0217,AMD-Z-12,2025-10-04,weekend_spike
bin,AMD-BIN-0439,AMD-Z-25,2025-10-04,overnight_dumping
bin,AMD-BIN-0239,AMD-Z-13,2025-10-04,weekend_spike
zone,AMD-Z-06,AMD-Z-06,2025-10-04,zone_surge
bin,AMD-BIN-0471,AMD-Z-26,2025-10-05,festival_overload
bin,AMD-BIN-0356,AMD-Z-20,2025-10-05,repeated_overflow
bin,AMD-BIN-0462,AMD-Z-26,2025-10-05,composition_shift
bin,AMD-BIN-0245,AMD-Z-13,2025-10-05,collection_gap
bin,AMD-BIN-0217,AMD-Z-12,2025-10-05,weekend_spike
bin,AMD-BIN-0423,AMD-Z-24,2025-10-05,composition_shift
bin,AMD-BIN-0387,AMD-Z-21,2025-10-05,illegal_dumping_spike
bin,AMD-BIN-0074,AMD-Z-04,2025-10-06,illegal_dumping_spike
bin,AMD-BIN-0471,AMD-Z-26,2025-10-06,festival_overload
bin,AMD-BIN-0247,AMD-Z-13,2025-10-06,illegal_dumping_spike
bin,AMD-BIN-0292,AMD-Z-16,2025-10-06,festival_overload
bin,AMD-BIN-0468,AMD-Z-26,2025-10-06,overnight_dumping
bin,AMD-BIN-0560,AMD-Z-31,2025-10-06,collection_gap
bin,AMD-BIN-0305,AMD-Z-17,2025-10-06,overnight_dumping
bin,AMD-BIN-0151,AMD-Z-08,2025-10-06,collection_gap
bin,AMD-BIN-0345,AMD-Z-19,2025-10-06,collection_gap
bin,AMD-BIN-0245,AMD-Z-13,2025-10-06,collection_gap
bin,AMD-BIN-0423,AMD-Z-24,2025-10-06,composition_shift
bin,AMD-BIN-0387,AMD-Z-21,2025-10-06,illegal_dumping_spike
bin,AMD-BIN-0517,AMD-Z-29,2025-10-06,repeated_overflow
zone,AMD-Z-21,AMD-Z-21,2025-10-06,zone_surge
bin,AMD-BIN-0074,AMD-Z-04,2025-10-07,illegal_dumping_spike
bin,AMD-BIN-0247,AMD-Z-13,2025-10-07,illegal_dumping_spike
bin,AMD-BIN-0562,AMD-Z-31,2025-10-07,repeated_overflow
bin,AMD-BIN-0474,AMD-Z-27,2025-10-07,illegal_dumping_spike
bin,AMD-BIN-0292,AMD-Z-16,2025-10-07,festival_overload
bin,AMD-BIN-0560,AMD-Z-31,2025-10-07,collection_gap
bin,AMD-BIN-0305,AMD-Z-17,2025-10-07,overnight_dumping
bin,AMD-BIN-0287,AMD-Z-16,2025-10-07,illegal_dumping_spike
bin,AMD-BIN-0151,AMD-Z-08,2025-10-07,collection_gap
bin,AMD-BIN-0345,AMD-Z-19,2025-10-07,collection_gap
bin,AMD-BIN-0330,AMD-Z-18,2025-10-07,overnight_dumping
bin,AMD-BIN-0517,AMD-Z-29,2025-10-07,repeated_overflow
bin,AMD-BIN-0347,AMD-Z-19,2025-10-08,repeated_overflow
bin,AMD-BIN-0562,AMD-Z-31,2025-10-08,repeated_overflow
bin,AMD-BIN-0486,AMD-Z-27,2025-10-08,illegal_dumping_spike
bin,AMD-BIN-0026,AMD-Z-02,2025-10-08,overnight_dumping
bin,AMD-BIN-0402,AMD-Z-22,2025-10-08,illegal_dumping_spike
bin,AMD-BIN-0560,AMD-Z-31,2025-10-08,collection_gap
bin,AMD-BIN-0287,AMD-Z-16,2025-10-08,illegal_dumping_spike
bin,AMD-BIN-0424,AMD-Z-24,2025-10-08,composition_shift
bin,AMD-BIN-0151,AMD-Z-08,2025-10-08,collection_gap
bin,AMD-BIN-0180,AMD-Z-10,2025-10-08,illegal_dumping_spike
bin,AMD-BIN-0330,AMD-Z-18,2025-10-08,overnight_dumping
bin,AMD-BIN-0517,AMD-Z-29,2025-10-08,repeated_overflow
bin,AMD-BIN-0347,AMD-Z-19,2025-10-09,repeated_overflow
bin,AMD-BIN-0325,AMD-Z-18,2025-10-09,illegal_dumping_spike
bin,AMD-BIN-0562,AMD-Z-31,2025-10-09,repeated_overflow
bin,AMD-BIN-0486,AMD-Z-27,2025-10-09,illegal_dumping_spike
bin,AMD-BIN-0474,AMD-Z-27,2025-10-09,festival_overload
bin,AMD-BIN-0560,AMD-Z-31,2025-10-09,collection_gap
bin,AMD-BIN-0073,AMD-Z-04,2025-10-09,collection_gap
bin,AMD-BIN-0287,AMD-Z-16,2025-10-09,repeated_overflow
bin,AMD-BIN-0229,AMD-Z-12,2025-10-09,collection_gap
bin,AMD-BIN-0250,AMD-Z-14,2025-10-09,composition_shift
bin,AMD-BIN-0370,AMD-Z-21,2025-10-09,festival_overload
bin,AMD-BIN-0517,AMD-Z-29,2025-10-09,repeated_overflow
bin,AMD-BIN-0060,AMD-Z-03,2025-10-10,overnight_dumping
bin,AMD-BIN-0347,AMD-Z-19,2025-10-10,repeated_overflow
bin,AMD-BIN-0086,AMD-Z-04,2025-10-10,collection_gap
bin,AMD-BIN-0474,AMD-Z-27,2025-10-10,festival_overload
bin,AMD-BIN-0523,AMD-Z-29,2025-10-10,illegal_dumping_spike
bin,AMD-BIN-0451,AMD-Z-25,2025-10-10,overnight_dumping
bin,AMD-BIN-0073,AMD-Z-04,2025-10-10,collection_gap
bin,AMD-BIN-0287,AMD-Z-16,2025-10-10,repeated_overflow
bin,AMD-BIN-0310,AMD-Z-17,2025-10-10,repeated_overflow
bin,AMD-BIN-0285,AMD-Z-16,2025-10-10,composition_shift
bin,AMD-BIN-0594,AMD-Z-33,2025-10-10,illegal_dumping_spike
bin,AMD-BIN-0229,AMD-Z-12,2025-10-10,collection_gap
bin,AMD-BIN-0250,AMD-Z-14,2025-10-10,composition_shift
bin,AMD-BIN-0007,AMD-Z-01,2025-10-10,collection_gap
bin,AMD-BIN-0060,AMD-Z-03,2025-10-11,overnight_dumping
bin,AMD-BIN-0347,AMD-Z-19,2025-10-11,repeated_overflow
bin,AMD-BIN-0119,AMD-Z-06,2025-10-11,weekend_spike
bin,AMD-BIN-0086,AMD-Z-04,2025-10-11,collection_gap
bin,AMD-BIN-0487,AMD-Z-27,2025-10-11,composition_shift
bin,AMD-BIN-0523,AMD-Z-29,2025-10-11,illegal_dumping_spike
bin,AMD-BIN-0073,AMD-Z-04,2025-10-11,collection_gap
bin,AMD-BIN-0470,AMD-Z-26,2025-10-11,weekend_spike
bin,AMD-BIN-0287,AMD-Z-16,2025-10-11,repeated_overflow
bin,AMD-BIN-0310,AMD-Z-17,2025-10-11,repeated_overflow
bin,AMD-BIN-0285,AMD-Z-16,2025-10-11,composition_shift
bin,AMD-BIN-0594,AMD-Z-33,2025-10-11,illegal_dumping_spike
bin,AMD-BIN-0229,AMD-Z-12,2025-10-11,collection_gap
bin,AMD-BIN-0435,AMD-Z-24,2025-10-11,illegal_dumping_spike
bin,AMD-BIN-0250,AMD-Z-14,2025-10-11,composition_shift
bin,AMD-BIN-0118,AMD-Z-06,2025-10-11,repeated_overflow
bin,AMD-BIN-0404,AMD-Z-22,2025-10-11,repeated_overflow
bin,AMD-BIN-0539,AMD-Z-30,2025-10-11,illegal_dumping_spike
bin,AMD-BIN-0106,AMD-Z-06,2025-10-11,repeated_overflow
bin,AMD-BIN-0225,AMD-Z-12,2025-10-11,weekend_spike
bin,AMD-BIN-0181,AMD-Z-10,2025-10-11,composition_shift
bin,AMD-BIN-0007,AMD-Z-01,2025-10-11,collection_gap
bin,AMD-BIN-0079,AMD-Z-04,2025-10-11,festival_overload
bin,AMD-BIN-0119,AMD-Z-06,2025-10-12,weekend_spike
bin,AMD-BIN-0369,AMD-Z-20,2025-10-12,collection_gap
bin,AMD-BIN-0086,AMD-Z-04,2025-10-12,collection_gap
bin,AMD-BIN-0487,AMD-Z-27,2025-10-12,composition_shift
bin,AMD-BIN-0434,AMD-Z-24,2025-10-12,overnight_dumping
bin,AMD-BIN-0482,AMD-Z-27,2025-10-12,collection_gap
bin,AMD-BIN-0470,AMD-Z-26,2025-10-12,weekend_spike
bin,AMD-BIN-0287,AMD-Z-16,2025-10-12,repeated_overflow
bin,AMD-BIN-0285,AMD-Z-16,2025-10-12,composition_shift
bin,AMD-BIN-0118,AMD-Z-06,2025-10-12,repeated_overflow
bin,AMD-BIN-0404,AMD-Z-22,2025-10-12,repeated_overflow
bin,AMD-BIN-0106,AMD-Z-06,2025-10-12,repeated_overflow
bin,AMD-BIN-0181,AMD-Z-10,2025-10-12,composition_shift
bin,AMD-BIN-0007,AMD-Z-01,2025-10-12,collection_gap
bin,AMD-BIN-0407,AMD-Z-23,2025-10-13,overnight_dumping
bin,AMD-BIN-0369,AMD-Z-20,2025-10-13,collection_gap
bin,AMD-BIN-0143,AMD-Z-08,2025-10-13,collection_gap
bin,AMD-BIN-0086,AMD-Z-04,2025-10-13,collection_gap
bin,AMD-BIN-0434,AMD-Z-24,2025-10-13,overnight_dumping
bin,AMD-BIN-0482,AMD-Z-27,2025-10-13,collection_gap
bin,AMD-BIN-0375,AMD-Z-21,2025-10-13,overnight_dumping
bin,AMD-BIN-0553,AMD-Z-31,2025-10-13,collection_gap
bin,AMD-BIN-0246,AMD-Z-13,2025-10-13,illegal_dumping_spike
bin,AMD-BIN-0162,AMD-Z-09,2025-10-13,collection_gap
bin,AMD-BIN-0568,AMD-Z-31,2025-10-13,illegal_dumping_spike
bin,AMD-BIN-0428,AMD-Z-24,2025-10-13,repeated_overflow
bin,AMD-BIN-0181,AMD-Z-10,2025-10-13,composition_shift
bin,AMD-BIN-0056,AMD-Z-03,2025-10-13,overnight_dumping
bin,AMD-BIN-0574,AMD-Z-32,2025-10-13,illegal_dumping_spike
bin,AMD-BIN-0202,AMD-Z-11,2025-10-14,illegal_dumping_spike
bin,AMD-BIN-0369,AMD-Z-20,2025-10-14,collection_gap
bin,AMD-BIN-0143,AMD-Z-08,2025-10-14,collection_gap
bin,AMD-BIN-0482,AMD-Z-27,2025-10-14,collection_gap
bin,AMD-BIN-0553,AMD-Z-31,2025-10-14,collection_gap
bin,AMD-BIN-0332,AMD-Z-18,2025-10-14,collection_gap
bin,AMD-BIN-0171,AMD-Z-09,2025-10-14,illegal_dumping_spike
bin,AMD-BIN-0162,AMD-Z-09,2025-10-14,collection_gap
bin,AMD-BIN-0428,AMD-Z-24,2025-10-14,repeated_overflow
bin,AMD-BIN-0056,AMD-Z-03,2025-10-14,overnight_dumping
bin,AMD-BIN-0574,AMD-Z-32,2025-10-14,illegal_dumping_spike
bin,AMD-BIN-0115,AMD-Z-06,2025-10-14,collection_gap
bin,AMD-BIN-0202,AMD-Z-11,2025-10-15,illegal_dumping_spike
bin,AMD-BIN-0369,AMD-Z-20,2025-10-15,collection_gap
bin,AMD-BIN-0233,AMD-Z-13,2025-10-15,festival_overload
bin,AMD-BIN-0143,AMD-Z-08,2025-10-15,collection_gap
bin,AMD-BIN-0112,AMD-Z-06,2025-10-15,composition_shift
bin,AMD-BIN-0491,AMD-Z-27,2025-10-15,illegal_dumping_spike
bin,AMD-BIN-0332,AMD-Z-18,2025-10-15,collection_gap
bin,AMD-BIN-0479,AMD-Z-27,2025-10-15,collection_gap
bin,AMD-BIN-0171,AMD-Z-09,2025-10-15,illegal_dumping_spike
bin,AMD-BIN-0126,AMD-Z-07,2025-10-15,composition_shift
bin,AMD-BIN-0272,AMD-Z-15,2025-10-15,illegal_dumping_spike
bin,AMD-BIN-0571,AMD-Z-32,2025-10-15,overnight_dumping
bin,AMD-BIN-0210,AMD-Z-11,2025-10-15,repeated_overflow
bin,AMD-BIN-0428,AMD-Z-24,2025-10-15,repeated_overflow
bin,AMD-BIN-0556,AMD-Z-31,2025-10-15,overnight_dumping
bin,AMD-BIN-0115,AMD-Z-06,2025-10-15,collection_gap
bin,AMD-BIN-0177,AMD-Z-10,2025-10-16,festival_overload
bin,AMD-BIN-0143,AMD-Z-08,2025-10-16,collection_gap
bin,AMD-BIN-0491,AMD-Z-27,2025-10-16,illegal_dumping_spike
bin,AMD-BIN-0332,AMD-Z-18,2025-10-16,collection_gap
bin,AMD-BIN-0479,AMD-Z-27,2025-10-16,collection_gap
bin,AMD-BIN-0126,AMD-Z-07,2025-10-16,composition_shift
bin,AMD-BIN-0210,AMD-Z-11,2025-10-16,repeated_overflow
bin,AMD-BIN-0197,AMD-Z-11,2025-10-16,collection_gap
bin,AMD-BIN-0428,AMD-Z-24,2025-10-16,illegal_dumping_spike
bin,AMD-BIN-0115,AMD-Z-06,2025-10-16,collection_gap
bin,AMD-BIN-0177,AMD-Z-10,2025-10-17,festival_overload
bin,AMD-BIN-0279,AMD-Z-15,2025-10-17,collection_gap
bin,AMD-BIN-0458,AMD-Z-26,2025-10-17,illegal_dumping_spike
bin,AMD-BIN-0116,AMD-Z-06,2025-10-17,overnight_dumping
bin,AMD-BIN-0046,AMD-Z-03,2025-10-17,illegal_dumping_spike
bin,AMD-BIN-0151,AMD-Z-08,2025-10-17,illegal_dumping_spike
bin,AMD-BIN-0210,AMD-Z-11,2025-10-17,repeated_overflow
bin,AMD-BIN-0197,AMD-Z-11,2025-10-17,collection_gap
bin,AMD-BIN-0428,AMD-Z-24,2025-10-17,illegal_dumping_spike
bin,AMD-BIN-0115,AMD-Z-06,2025-10-17,collection_gap
zone,AMD-Z-09,AMD-Z-09,2025-10-17,zone_surge
bin,AMD-BIN-0396,AMD-Z-22,2025-10-18,weekend_spike
bin,AMD-BIN-0574,AMD-Z-32,2025-10-18,weekend_spike
bin,AMD-BIN-0095,AMD-Z-05,2025-10-18,composition_shift
bin,AMD-BIN-0042,AMD-Z-02,2025-10-18,weekend_spike
bin,AMD-BIN-0279,AMD-Z-15,2025-10-18,collection_gap
bin,AMD-BIN-0289,AMD-Z-16,2025-10-18,collection_gap
bin,AMD-BIN-0156,AMD-Z-08,2025-10-18,illegal_dumping_spike
bin,AMD-BIN-0197,AMD-Z-11,2025-10-18,illegal_dumping_spike
bin,AMD-BIN-0143,AMD-Z-08,2025-10-18,illegal_dumping_spike
bin,AMD-BIN-0458,AMD-Z-26,2025-10-18,illegal_dumping_spike
bin,AMD-BIN-0281,AMD-Z-15,2025-10-18,weekend_spike
bin,AMD-BIN-0046,AMD-Z-03,2025-10-18,illegal_dumping_spike
bin,AMD-BIN-0567,AMD-Z-31,2025-10-18,illegal_dumping_spike
bin,AMD-BIN-0490,AMD-Z-27,2025-10-18,repeated_overflow
bin,AMD-BIN-0261,AMD-Z-14,2025-10-18,weekend_spike
bin,AMD-BIN-0506,AMD-Z-28,2025-10-18,collection_gap
bin,AMD-BIN-0393,AMD-Z-22,2025-10-18,illegal_dumping_spike
bin,AMD-BIN-0278,AMD-Z-15,2025-10-18,weekend_spike
bin,AMD-BIN-0158,AMD-Z-09,2025-10-18,weekend_spike
bin,AMD-BIN-0426,AMD-Z-24,2025-10-19,collection_gap
bin,AMD-BIN-0396,AMD-Z-22,2025-10-19,weekend_spike
bin,AMD-BIN-0344,AMD-Z-19,2025-10-19,overnight_dumping
bin,AMD-BIN-0574,AMD-Z-32,2025-10-19,weekend_spike
bin,AMD-BIN-0095,AMD-Z-05,2025-10-19,composition_shift
bin,AMD-BIN-0042,AMD-Z-02,2025-10-19,weekend_spike
bin,AMD-BIN-0393,AMD-Z-22,2025-10-19,illegal_dumping_spike
bin,AMD-BIN-0173,AMD-Z-09,2025-10-19,illegal_dumping_spike
bin,AMD-BIN-0289,AMD-Z-16,2025-10-19,collection_gap
bin,AMD-BIN-0197,AMD-Z-11,2025-10-19,illegal_dumping_spike
bin,AMD-BIN-0281,AMD-Z-15,2025-10-19,weekend_spike
bin,AMD-BIN-0490,AMD-Z-27,2025-10-19,repeated_overflow
bin,AMD-BIN-0261,AMD-Z-14,2025-10-19,weekend_spike
bin,AMD-BIN-0506,AMD-Z-28,2025-10-19,collection_gap
bin,AMD-BIN-0278,AMD-Z-15,2025-10-19,weekend_spike
bin,AMD-BIN-0483,AMD-Z-27,2025-10-19,collection_gap
bin,AMD-BIN-0426,AMD-Z-24,2025-10-20,collection_gap
bin,AMD-BIN-0344,AMD-Z-19,2025-10-20,overnight_dumping
bin,AMD-BIN-0170,AMD-Z-09,2025-10-20,illegal_dumping_spike
bin,AMD-BIN-0474,AMD-Z-27,2025-10-20,overnight_dumping
bin,AMD-BIN-0398,AMD-Z-22,2025-10-20,illegal_dumping_spike
bin,AMD-BIN-0362,AMD-Z-20,2025-10-20,illegal_dumping_spike
bin,AMD-BIN-0080,AMD-Z-04,2025-10-20,composition_shift
bin,AMD-BIN-0483,AMD-Z-27,2025-10-20,collection_gap
bin,AMD-BIN-0177,AMD-Z-10,2025-10-20,illegal_dumping_spike
bin,AMD-BIN-0236,AMD-Z-13,2025-10-21,collection_gap
bin,AMD-BIN-0426,AMD-Z-24,2025-10-21,collection_gap
bin,AMD-BIN-0170,AMD-Z-09,2025-10-21,illegal_dumping_spike
bin,AMD-BIN-0474,AMD-Z-27,2025-10-21,overnight_dumping
bin,AMD-BIN-0240,AMD-Z-13,2025-10-21,festival_overload
bin,AMD-BIN-0362,AMD-Z-20,2025-10-21,illegal_dumping_spike
bin,AMD-BIN-0093,AMD-Z-05,2025-10-21,festival_overload
bin,AMD-BIN-0080,AMD-Z-04,2025-10-21,composition_shift
bin,AMD-BIN-0483,AMD-Z-27,2025-10-21,collection_gap
bin,AMD-BIN-0177,AMD-Z-10,2025-10-21,illegal_dumping_spike
bin,AMD-BIN-0335,AMD-Z-19,2025-10-21,repeated_overflow
bin,AMD-BIN-0271,AMD-Z-15,2025-10-22,illegal_dumping_spike
bin,AMD-BIN-0236,AMD-Z-13,2025-10-22,collection_gap
bin,AMD-BIN-0192,AMD-Z-10,2025-10-22,repeated_overflow
bin,AMD-BIN-0469,AMD-Z-26,2025-10-22,overnight_dumping
bin,AMD-BIN-0590,AMD-Z-33,2025-10-22,collection_gap
bin,AMD-BIN-0019,AMD-Z-01,2025-10-22,overnight_dumping
bin,AMD-BIN-0567,AMD-Z-31,2025-10-22,composition_shift
bin,AMD-BIN-0312,AMD-Z-17,2025-10-22,collection_gap
bin,AMD-BIN-0093,AMD-Z-05,2025-10-22,festival_overload
bin,AMD-BIN-0080,AMD-Z-04,2025-10-22,composition_shift
bin,AMD-BIN-0335,AMD-Z-19,2025-10-22,repeated_overflow
bin,AMD-BIN-0596,AMD-Z-33,2025-10-22,illegal_dumping_spike
bin,AMD-BIN-0271,AMD-Z-15,2025-10-23,illegal_dumping_spike
bin,AMD-BIN-0192,AMD-Z-10,2025-10-23,repeated_overflow
bin,AMD-BIN-0469,AMD-Z-26,2025-10-23,overnight_dumping
bin,AMD-BIN-0590,AMD-Z-33,2025-10-23,collection_gap
bin,AMD-BIN-0558,AMD-Z-31,2025-10-23,collection_gap
bin,AMD-BIN-0285,AMD-Z-16,2025-10-23,festival_overload
bin,AMD-BIN-0586,AMD-Z-33,2025-10-23,collection_gap
bin,AMD-BIN-0567,AMD-Z-31,2025-10-23,composition_shift
bin,AMD-BIN-0312,AMD-Z-17,2025-10-23,collection_gap
bin,AMD-BIN-0402,AMD-Z-22,2025-10-23,illegal_dumping_spike
bin,AMD-BIN-0183,AMD-Z-10,2025-10-23,illegal_dumping_spike
bin,AMD-BIN-0431,AMD-Z-24,2025-10-23,collection_gap
bin,AMD-BIN-0335,AMD-Z-19,2025-10-23,repeated_overflow
bin,AMD-BIN-0596,AMD-Z-33,2025-10-23,illegal_dumping_spike
bin,AMD-BIN-0219,AMD-Z-12,2025-10-24,illegal_dumping_spike
bin,AMD-BIN-0175,AMD-Z-09,2025-10-24,illegal_dumping_spike
bin,AMD-BIN-0192,AMD-Z-10,2025-10-24,repeated_overflow
bin,AMD-BIN-0541,AMD-Z-30,2025-10-24,repeated_overflow
bin,AMD-BIN-0087,AMD-Z-05,2025-10-24,illegal_dumping_spike
bin,AMD-BIN-0131,AMD-Z-07,2025-10-24,composition_shift
bin,AMD-BIN-0590,AMD-Z-33,2025-10-24,collection_gap
bin,AMD-BIN-0001,AMD-Z-01,2025-10-24,composition_shift
bin,AMD-BIN-0558,AMD-Z-31,2025-10-24,collection_gap
bin,AMD-BIN-0382,AMD-Z-21,2025-10-24,overnight_dumping
bin,AMD-BIN-0092,AMD-Z-05,2025-10-24,repeated_overflow
bin,AMD-BIN-0285,AMD-Z-16,2025-10-24,festival_overload
bin,AMD-BIN-0586,AMD-Z-33,2025-10-24,collection_gap
bin,AMD-BIN-0567,AMD-Z-31,2025-10-24,composition_shift
bin,AMD-BIN-0193,AMD-Z-11,2025-10-24,illegal_dumping_spike
bin,AMD-BIN-0170,AMD-Z-09,2025-10-24,festival_overload
bin,AMD-BIN-0402,AMD-Z-22,2025-10-24,illegal_dumping_spike
bin,AMD-BIN-0183,AMD-Z-10,2025-10-24,illegal_dumping_spike
bin,AMD-BIN-0431,AMD-Z-24,2025-10-24,collection_gap
bin,AMD-BIN-0399,AMD-Z-22,2025-10-24,composition_shift
bin,AMD-BIN-0335,AMD-Z-19,2025-10-24,repeated_overflow
bin,AMD-BIN-0081,AMD-Z-04,2025-10-24,overnight_dumping
bin,AMD-BIN-0286,AMD-Z-16,2025-10-24,repeated_overflow
bin,AMD-BIN-0192,AMD-Z-10,2025-10-25,repeated_overflow
bin,AMD-BIN-0541,AMD-Z-30,2025-10-25,repeated_overflow
bin,AMD-BIN-0166,AMD-Z-09,2025-10-25,weekend_spike
bin,AMD-BIN-0131,AMD-Z-07,2025-10-25,composition_shift
bin,AMD-BIN-0001,AMD-Z-01,2025-10-25,composition_shift
bin,AMD-BIN-0092,AMD-Z-05,2025-10-25,repeated_overflow
bin,AMD-BIN-0586,AMD-Z-33,2025-10-25,collection_gap
bin,AMD-BIN-0495,AMD-Z-28,2025-10-25,weekend_spike
bin,AMD-BIN-0453,AMD-Z-25,2025-10-25,repeated_overflow
bin,AMD-BIN-0401,AMD-Z-22,2025-10-25,weekend_spike
bin,AMD-BIN-0193,AMD-Z-11,2025-10-25,illegal_dumping_spike
bin,AMD-BIN-0385,AMD-Z-21,2025-10-25,weekend_spike
bin,AMD-BIN-0445,AMD-Z-25,2025-10-25,repeated_overflow
bin,AMD-BIN-0203,AMD-Z-11,2025-10-25,composition_shift
bin,AMD-BIN-0170,AMD-Z-09,2025-10-25,festival_overload
bin,AMD-BIN-0431,AMD-Z-24,2025-10-25,collection_gap
bin,AMD-BIN-0399,AMD-Z-22,2025-10-25,composition_shift
bin,AMD-BIN-0030,AMD-Z-02,2025-10-25,collection_gap
bin,AMD-BIN-0215,AMD-Z-11,2025-10-25,repeated_overflow
bin,AMD-BIN-0286,AMD-Z-16,2025-10-25,repeated_overflow
bin,AMD-BIN-0541,AMD-Z-30,2025-10-26,repeated_overflow
bin,AMD-BIN-0041,AMD-Z-02,2025-10-26,collection_gap
bin,AMD-BIN-0092,AMD-Z-05,2025-10-26,repeated_overflow
bin,AMD-BIN-0586,AMD-Z-33,2025-10-26,collection_gap
bin,AMD-BIN-0495,AMD-Z-28,2025-10-26,weekend_spike
bin,AMD-BIN-0247,AMD-Z-13,2025-10-26,overnight_dumping
bin,AMD-BIN-0196,AMD-Z-11,2025-10-26,overnight_dumping
bin,AMD-BIN-0453,AMD-Z-25,2025-10-26,repeated_overflow
bin,AMD-BIN-0401,AMD-Z-22,2025-10-26,weekend_spike
bin,AMD-BIN-0456,AMD-Z-26,2025-10-26,illegal_dumping_spike
bin,AMD-BIN-0445,AMD-Z-25,2025-10-26,repeated_overflow
bin,AMD-BIN-0473,AMD-Z-27,2025-10-26,overnight_dumping
bin,AMD-BIN-0549,AMD-Z-30,2025-10-26,composition_shift
bin,AMD-BIN-0399,AMD-Z-22,2025-10-26,composition_shift
bin,AMD-BIN-0030,AMD-Z-02,2025-10-26,collection_gap
bin,AMD-BIN-0215,AMD-Z-11,2025-10-26,repeated_overflow
bin,AMD-BIN-0286,AMD-Z-16,2025-10-26,repeated_overflow
bin,AMD-BIN-0292,AMD-Z-16,2025-10-27,composition_shift
bin,AMD-BIN-0541,AMD-Z-30,2025-10-27,repeated_overflow
bin,AMD-BIN-0041,AMD-Z-02,2025-10-27,collection_gap
bin,AMD-BIN-0355,AMD-Z-20,2025-10-27,overnight_dumping
bin,AMD-BIN-0124,AMD-Z-07,2025-10-27,festival_overload
bin,AMD-BIN-0552,AMD-Z-30,2025-10-27,illegal_dumping_spike
bin,AMD-BIN-0066,AMD-Z-03,2025-10-27,repeated_overflow
bin,AMD-BIN-0092,AMD-Z-05,2025-10-27,repeated_overflow
bin,AMD-BIN-0453,AMD-Z-25,2025-10-27,repeated_overflow
bin,AMD-BIN-0521,AMD-Z-29,2025-10-27,illegal_dumping_spike
bin,AMD-BIN-0473,AMD-Z-27,2025-10-27,overnight_dumping
bin,AMD-BIN-0549,AMD-Z-30,2025-10-27,composition_shift
bin,AMD-BIN-0290,AMD-Z-16,2025-10-27,overnight_dumping
bin,AMD-BIN-0030,AMD-Z-02,2025-10-27,collection_gap
bin,AMD-BIN-0215,AMD-Z-11,2025-10-27,repeated_overflow
bin,AMD-BIN-0286,AMD-Z-16,2025-10-27,repeated_overflow
bin,AMD-BIN-0292,AMD-Z-16,2025-10-28,composition_shift
bin,AMD-BIN-0372,AMD-Z-21,2025-10-28,illegal_dumping_spike
bin,AMD-BIN-0124,AMD-Z-07,2025-10-28,festival_overload
bin,AMD-BIN-0552,AMD-Z-30,2025-10-28,illegal_dumping_spike
bin,AMD-BIN-0066,AMD-Z-03,2025-10-28,repeated_overflow
bin,AMD-BIN-0453,AMD-Z-25,2025-10-28,repeated_overflow
bin,AMD-BIN-0429,AMD-Z-24,2025-10-28,repeated_overflow
bin,AMD-BIN-0496,AMD-Z-28,2025-10-28,illegal_dumping_spike
bin,AMD-BIN-0521,AMD-Z-29,2025-10-28,illegal_dumping_spike
bin,AMD-BIN-0546,AMD-Z-30,2025-10-28,festival_overload
bin,AMD-BIN-0157,AMD-Z-08,2025-10-28,illegal_dumping_spike
bin,AMD-BIN-0215,AMD-Z-11,2025-10-28,repeated_overflow
bin,AMD-BIN-0165,AMD-Z-09,2025-10-28,overnight_dumping
bin,AMD-BIN-0235,AMD-Z-13,2025-10-29,illegal_dumping_spike
bin,AMD-BIN-0423,AMD-Z-24,2025-10-29,repeated_overflow
bin,AMD-BIN-0372,AMD-Z-21,2025-10-29,illegal_dumping_spike
bin,AMD-BIN-0066,AMD-Z-03,2025-10-29,repeated_overflow
bin,AMD-BIN-0250,AMD-Z-14,2025-10-29,collection_gap
bin,AMD-BIN-0429,AMD-Z-24,2025-10-29,repeated_overflow
bin,AMD-BIN-0047,AMD-Z-03,2025-10-29,collection_gap
bin,AMD-BIN-0471,AMD-Z-26,2025-10-29,repeated_overflow
bin,AMD-BIN-0546,AMD-Z-30,2025-10-29,festival_overload
bin,AMD-BIN-0402,AMD-Z-22,2025-10-29,composition_shift
bin,AMD-BIN-0113,AMD-Z-06,2025-10-29,collection_gap
bin,AMD-BIN-0165,AMD-Z-09,2025-10-29,overnight_dumping
zone,AMD-Z-13,AMD-Z-13,2025-10-29,zone_surge
bin,AMD-BIN-0423,AMD-Z-24,2025-10-30,repeated_overflow
bin,AMD-BIN-0407,AMD-Z-23,2025-10-30,illegal_dumping_spike
bin,AMD-BIN-0504,AMD-Z-28,2025-10-30,festival_overload
bin,AMD-BIN-0322,AMD-Z-18,2025-10-30,collection_gap
bin,AMD-BIN-0066,AMD-Z-03,2025-10-30,repeated_overflow
bin,AMD-BIN-0250,AMD-Z-14,2025-10-30,collection_gap
bin,AMD-BIN-0429,AMD-Z-24,2025-10-30,repeated_overflow
bin,AMD-BIN-0047,AMD-Z-03,2025-10-30,collection_gap
bin,AMD-BIN-0574,AMD-Z-32,2025-10-30,collection_gap
bin,AMD-BIN-0471,AMD-Z-26,2025-10-30,repeated_overflow
bin,AMD-BIN-0402,AMD-Z-22,2025-10-30,composition_shift
bin,AMD-BIN-0113,AMD-Z-06,2025-10-30,collection_gap
bin,AMD-BIN-0237,AMD-Z-13,2025-10-31,illegal_dumping_spike
bin,AMD-BIN-0423,AMD-Z-24,2025-10-31,repeated_overflow
bin,AMD-BIN-0504,AMD-Z-28,2025-10-31,festival_overload
bin,AMD-BIN-0322,AMD-Z-18,2025-10-31,collection_gap
bin,AMD-BIN-0428,AMD-Z-24,2025-10-31,illegal_dumping_spike
bin,AMD-BIN-0250,AMD-Z-14,2025-10-31,collection_gap
bin,AMD-BIN-0429,AMD-Z-24,2025-10-31,repeated_overflow
bin,AMD-BIN-0047,AMD-Z-03,2025-10-31,collection_gap
bin,AMD-BIN-0574,AMD-Z-32,2025-10-31,collection_gap
bin,AMD-BIN-0471,AMD-Z-26,2025-10-31,repeated_overflow
bin,AMD-BIN-0512,AMD-Z-28,2025-10-31,festival_overload
bin,AMD-BIN-0137,AMD-Z-07,2025-10-31,repeated_overflow
bin,AMD-BIN-0402,AMD-Z-22,2025-10-31,composition_shift
bin,AMD-BIN-0113,AMD-Z-06,2025-10-31,collection_gap
bin,AMD-BIN-0467,AMD-Z-26,2025-11-01,illegal_dumping_spike
bin,AMD-BIN-0322,AMD-Z-18,2025-11-01,collection_gap
bin,AMD-BIN-0428,AMD-Z-24,2025-11-01,illegal_dumping_spike
bin,AMD-BIN-0336,AMD-Z-19,2025-11-01,illegal_dumping_spike
bin,AMD-BIN-0479,AMD-Z-27,2025-11-01,collection_gap
bin,AMD-BIN-0470,AMD-Z-26,2025-11-01,weekend_spike
bin,AMD-BIN-0047,AMD-Z-03,2025-11-01,collection_gap
bin,AMD-BIN-0574,AMD-Z-32,2025-11-01,collection_gap
bin,AMD-BIN-0137,AMD-Z-07,2025-11-01,repeated_overflow
bin,AMD-BIN-0324,AMD-Z-18,2025-11-01,weekend_spike
bin,AMD-BIN-0243,AMD-Z-13,2025-11-01,repeated_overflow
bin,AMD-BIN-0113,AMD-Z-06,2025-11-01,collection_gap
bin,AMD-BIN-0416,AMD-Z-23,2025-11-01,overnight_dumping
bin,AMD-BIN-0529,AMD-Z-29,2025-11-01,weekend_spike
bin,AMD-BIN-0467,AMD-Z-26,2025-11-02,illegal_dumping_spike
bin,AMD-BIN-0083,AMD-Z-04,2025-11-02,illegal_dumping_spike
bin,AMD-BIN-0322,AMD-Z-18,2025-11-02,collection_gap
bin,AMD-BIN-0340,AMD-Z-19,2025-11-02,collection_gap
bin,AMD-BIN-0479,AMD-Z-27,2025-11-02,collection_gap
bin,AMD-BIN-0333,AMD-Z-19,2025-11-02,composition_shift
bin,AMD-BIN-0429,AMD-Z-24,2025-11-02,repeated_overflow
bin,AMD-BIN-0137,AMD-Z-07,2025-11-02,repeated_overflow
bin,AMD-BIN-0055,AMD-Z-03,2025-11-02,festival_overload
bin,AMD-BIN-0243,AMD-Z-13,2025-11-02,repeated_overflow
bin,AMD-BIN-0313,AMD-Z-17,2025-11-02,collection_gap
bin,AMD-BIN-0416,AMD-Z-23,2025-11-02,overnight_dumping
bin,AMD-BIN-0458,AMD-Z-26,2025-11-03,overnight_dumping
bin,AMD-BIN-0024,AMD-Z-02,2025-11-03,festival_overload
bin,AMD-BIN-0575,AMD-Z-32,2025-11-03,collection_gap
bin,AMD-BIN-0347,AMD-Z-19,2025-11-03,repeated_overflow
bin,AMD-BIN-0179,AMD-Z-10,2025-11-03,collection_gap
bin,AMD-BIN-0340,AMD-Z-19,2025-11-03,collection_gap
bin,AMD-BIN-0212,AMD-Z-11,2025-11-03,composition_shift
bin,AMD-BIN-0241,AMD-Z-13,2025-11-03,collection_gap
bin,AMD-BIN-0333,AMD-Z-19,2025-11-03,composition_shift
bin,AMD-BIN-0171,AMD-Z-09,2025-11-03,illegal_dumping_spike
bin,AMD-BIN-0587,AMD-Z-33,2025-11-03,illegal_dumping_spike
bin,AMD-BIN-0169,AMD-Z-09,2025-11-03,composition_shift
bin,AMD-BIN-0429,AMD-Z-24,2025-11-03,repeated_overflow
bin,AMD-BIN-0481,AMD-Z-27,2025-11-03,collection_gap
bin,AMD-BIN-0055,AMD-Z-03,2025-11-03,festival_overload
bin,AMD-BIN-0216,AMD-Z-12,2025-11-03,composition_shift
bin,AMD-BIN-0240,AMD-Z-13,2025-11-03,repeated_overflow
bin,AMD-BIN-0243,AMD-Z-13,2025-11-03,repeated_overflow
bin,AMD-BIN-0532,AMD-Z-30,2025-11-03,illegal_dumping_spike
bin,AMD-BIN-0313,AMD-Z-17,2025-11-03,collection_gap
bin,AMD-BIN-0273,AMD-Z-15,2025-11-03,collection_gap
bin,AMD-BIN-0024,AMD-Z-02,2025-11-04,festival_overload
bin,AMD-BIN-0575,AMD-Z-32,2025-11-04,collection_gap
bin,AMD-BIN-0347,AMD-Z-19,2025-11-04,repeated_overflow
bin,AMD-BIN-0179,AMD-Z-10,2025-11-04,collection_gap
bin,AMD-BIN-0340,AMD-Z-19,2025-11-04,collection_gap
bin,AMD-BIN-0212,AMD-Z-11,2025-11-04,composition_shift
bin,AMD-BIN-0241,AMD-Z-13,2025-11-04,collection_gap
bin,AMD-BIN-0333,AMD-Z-19,2025-11-04,composition_shift
bin,AMD-BIN-0171,AMD-Z-09,2025-11-04,illegal_dumping_spike
bin,AMD-BIN-0019,AMD-Z-01,2025-11-04,collection_gap
bin,AMD-BIN-0169,AMD-Z-09,2025-11-04,composition_shift
bin,AMD-BIN-0481,AMD-Z-27,2025-11-04,collection_gap
bin,AMD-BIN-0277,AMD-Z-15,2025-11-04,illegal_dumping_spike
bin,AMD-BIN-0550,AMD-Z-30,2025-11-04,collection_gap
bin,AMD-BIN-0240,AMD-Z-13,2025-11-04,repeated_overflow
bin,AMD-BIN-0532,AMD-Z-30,2025-11-04,illegal_dumping_spike
bin,AMD-BIN-0314,AMD-Z-17,2025-11-04,composition_shift
bin,AMD-BIN-0273,AMD-Z-15,2025-11-04,collection_gap
bin,AMD-BIN-0451,AMD-Z-25,2025-11-05,composition_shift
bin,AMD-BIN-0575,AMD-Z-32,2025-11-05,collection_gap
bin,AMD-BIN-0347,AMD-Z-19,2025-11-05,repeated_overflow
bin,AMD-BIN-0156,AMD-Z-08,2025-11-05,overnight_dumping
bin,AMD-BIN-0179,AMD-Z-10,2025-11-05,collection_gap
bin,AMD-BIN-0340,AMD-Z-19,2025-11-05,collection_gap
bin,AMD-BIN-0212,AMD-Z-11,2025-11-05,composition_shift
bin,AMD-BIN-0357,AMD-Z-20,2025-11-05,composition_shift
bin,AMD-BIN-0576,AMD-Z-32,2025-11-05,festival_overload
bin,AMD-BIN-0241,AMD-Z-13,2025-11-05,collection_gap
bin,AMD-BIN-0019,AMD-Z-01,2025-11-05,collection_gap
bin,AMD-BIN-0481,AMD-Z-27,2025-11-05,collection_gap
bin,AMD-BIN-0277,AMD-Z-15,2025-11-05,illegal_dumping_spike
bin,AMD-BIN-0240,AMD-Z-13,2025-11-05,overnight_dumping
bin,AMD-BIN-0550,AMD-Z-30,2025-11-05,collection_gap
bin,AMD-BIN-0429,AMD-Z-24,2025-11-05,overnight_dumping
bin,AMD-BIN-0314,AMD-Z-17,2025-11-05,composition_shift
bin,AMD-BIN-0096,AMD-Z-05,2025-11-05,illegal_dumping_spike
zone,AMD-Z-22,AMD-Z-22,2025-11-05,zone_surge
bin,AMD-BIN-0222,AMD-Z-12,2025-11-06,repeated_overflow
bin,AMD-BIN-0214,AMD-Z-11,2025-11-06,overnight_dumping
bin,AMD-BIN-0548,AMD-Z-30,2025-11-06,collection_gap
bin,AMD-BIN-0597,AMD-Z-33,2025-11-06,overnight_dumping
bin,AMD-BIN-0535,AMD-Z-30,2025-11-06,illegal_dumping_spike
bin,AMD-BIN-0279,AMD-Z-15,2025-11-06,collection_gap
bin,AMD-BIN-0179,AMD-Z-10,2025-11-06,collection_gap
bin,AMD-BIN-0357,AMD-Z-20,2025-11-06,composition_shift
bin,AMD-BIN-0576,AMD-Z-32,2025-11-06,festival_overload
bin,AMD-BIN-0241,AMD-Z-13,2025-11-06,collection_gap
bin,AMD-BIN-0019,AMD-Z-01,2025-11-06,collection_gap
bin,AMD-BIN-0439,AMD-Z-25,2025-11-06,composition_shift
bin,AMD-BIN-0273,AMD-Z-15,2025-11-06,collection_gap
bin,AMD-BIN-0481,AMD-Z-27,2025-11-06,collection_gap
bin,AMD-BIN-0282,AMD-Z-15,2025-11-06,festival_overload
bin,AMD-BIN-0243,AMD-Z-13,2025-11-06,illegal_dumping_spike
bin,AMD-BIN-0314,AMD-Z-17,2025-11-06,composition_shift
bin,AMD-BIN-0222,AMD-Z-12,2025-11-07,repeated_overflow
bin,AMD-BIN-0518,AMD-Z-29,2025-11-07,collection_gap
bin,AMD-BIN-0275,AMD-Z-15,2025-11-07,composition_shift
bin,AMD-BIN-0548,AMD-Z-30,2025-11-07,collection_gap
bin,AMD-BIN-0597,AMD-Z-33,2025-11-07,overnight_dumping
bin,AMD-BIN-0397,AMD-Z-22,2025-11-07,repeated_overflow
bin,AMD-BIN-0535,AMD-Z-30,2025-11-07,illegal_dumping_spike
bin,AMD-BIN-0279,AMD-Z-15,2025-11-07,collection_gap
bin,AMD-BIN-0056,AMD-Z-03,2025-11-07,repeated_overflow
bin,AMD-BIN-0439,AMD-Z-25,2025-11-07,composition_shift
bin,AMD-BIN-0273,AMD-Z-15,2025-11-07,collection_gap
bin,AMD-BIN-0222,AMD-Z-12,2025-11-08,repeated_overflow
bin,AMD-BIN-0518,AMD-Z-29,2025-11-08,collection_gap
bin,AMD-BIN-0275,AMD-Z-15,2025-11-08,composition_shift
bin,AMD-BIN-0548,AMD-Z-30,2025-11-08,collection_gap
bin,AMD-BIN-0397,AMD-Z-22,2025-11-08,repeated_overflow
bin,AMD-BIN-0279,AMD-Z-15,2025-11-08,collection_gap
bin,AMD-BIN-0427,AMD-Z-24,2025-11-08,illegal_dumping_spike
bin,AMD-BIN-0401,AMD-Z-22,2025-11-08,overnight_dumping
bin,AMD-BIN-0056,AMD-Z-03,2025-11-08,repeated_overflow
bin,AMD-BIN-0270,AMD-Z-15,2025-11-08,festival_overload
bin,AMD-BIN-0439,AMD-Z-25,2025-11-08,composition_shift
bin,AMD-BIN-0273,AMD-Z-15,2025-11-08,collection_gap
bin,AMD-BIN-0530,AMD-Z-29,2025-11-08,collection_gap
bin,AMD-BIN-0334,AMD-Z-19,2025-11-08,illegal_dumping_spike
bin,AMD-BIN-0222,AMD-Z-12,2025-11-09,repeated_overflow
bin,AMD-BIN-0548,AMD-Z-30,2025-11-09,collection_gap
bin,AMD-BIN-0279,AMD-Z-15,2025-11-09,collection_gap
bin,AMD-BIN-0427,AMD-Z-24,2025-11-09,illegal_dumping_spike
bin,AMD-BIN-0401,AMD-Z-22,2025-11-09,overnight_dumping
bin,AMD-BIN-0580,AMD-Z-32,2025-11-09,repeated_overflow
bin,AMD-BIN-0224,AMD-Z-12,2025-11-09,collection_gap
bin,AMD-BIN-0056,AMD-Z-03,2025-11-09,repeated_overflow
bin,AMD-BIN-0115,AMD-Z-06,2025-11-09,overnight_dumping
bin,AMD-BIN-0241,AMD-Z-13,2025-11-09,overnight_dumping
bin,AMD-BIN-0559,AMD-Z-31,2025-11-09,illegal_dumping_spike
bin,AMD-BIN-0469,AMD-Z-26,2025-11-09,collection_gap
bin,AMD-BIN-0530,AMD-Z-29,2025-11-09,collection_gap
bin,AMD-BIN-0251,AMD-Z-14,2025-11-09,composition_shift
bin,AMD-BIN-0591,AMD-Z-33,2025-11-09,illegal_dumping_spike
bin,AMD-BIN-0316,AMD-Z-18,2025-11-10,repeated_overflow
bin,AMD-BIN-0580,AMD-Z-32,2025-11-10,repeated_overflow
bin,AMD-BIN-0224,AMD-Z-12,2025-11-10,collection_gap
bin,AMD-BIN-0056,AMD-Z-03,2025-11-10,repeated_overflow
bin,AMD-BIN-0186,AMD-Z-10,2025-11-10,illegal_dumping_spike
bin,AMD-BIN-0115,AMD-Z-06,2025-11-10,overnight_dumping
bin,AMD-BIN-0241,AMD-Z-13,2025-11-10,overnight_dumping
bin,AMD-BIN-0559,AMD-Z-31,2025-11-10,illegal_dumping_spike
bin,AMD-BIN-0110,AMD-Z-06,2025-11-10,collection_gap
bin,AMD-BIN-0469,AMD-Z-26,2025-11-10,collection_gap
bin,AMD-BIN-0179,AMD-Z-10,2025-11-10,collection_gap
bin,AMD-BIN-0333,AMD-Z-19,2025-11-10,collection_gap
bin,AMD-BIN-0530,AMD-Z-29,2025-11-10,collection_gap
bin,AMD-BIN-0251,AMD-Z-14,2025-11-10,composition_shift
bin,AMD-BIN-0591,AMD-Z-33,2025-11-10,illegal_dumping_spike
bin,AMD-BIN-0521,AMD-Z-29,2025-11-10,illegal_dumping_spike
zone,AMD-Z-26,AMD-Z-26,2025-11-10,zone_surge
bin,AMD-BIN-0493,AMD-Z-28,2025-11-11,festival_overload
bin,AMD-BIN-0361,AMD-Z-20,2025-11-11,composition_shift
bin,AMD-BIN-0316,AMD-Z-18,2025-11-11,repeated_overflow
bin,AMD-BIN-0544,AMD-Z-30,2025-11-11,composition_shift
bin,AMD-BIN-0405,AMD-Z-22,2025-11-11,collection_gap
bin,AMD-BIN-0224,AMD-Z-12,2025-11-11,collection_gap
bin,AMD-BIN-0186,AMD-Z-10,2025-11-11,illegal_dumping_spike
bin,AMD-BIN-0485,AMD-Z-27,2025-11-11,festival_overload
bin,AMD-BIN-0293,AMD-Z-16,2025-11-11,composition_shift
bin,AMD-BIN-0110,AMD-Z-06,2025-11-11,collection_gap
bin,AMD-BIN-0294,AMD-Z-16,2025-11-11,repeated_overflow
bin,AMD-BIN-0179,AMD-Z-10,2025-11-11,collection_gap
bin,AMD-BIN-0333,AMD-Z-19,2025-11-11,collection_gap
bin,AMD-BIN-0071,AMD-Z-04,2025-11-11,festival_overload
bin,AMD-BIN-0330,AMD-Z-18,2025-11-11,composition_shift
bin,AMD-BIN-0530,AMD-Z-29,2025-11-11,collection_gap
bin,AMD-BIN-0251,AMD-Z-14,2025-11-11,composition_shift
bin,AMD-BIN-0521,AMD-Z-29,2025-11-11,illegal_dumping_spike
bin,AMD-BIN-0416,AMD-Z-23,2025-11-12,composition_shift
bin,AMD-BIN-0361,AMD-Z-20,2025-11-12,composition_shift
bin,AMD-BIN-0324,AMD-Z-18,2025-11-12,overnight_dumping
bin,AMD-BIN-0544,AMD-Z-30,2025-11-12,composition_shift
bin,AMD-BIN-0112,AMD-Z-06,2025-11-12,collection_gap
bin,AMD-BIN-0405,AMD-Z-22,2025-11-12,collection_gap
bin,AMD-BIN-0533,AMD-Z-30,2025-11-12,overnight_dumping
bin,AMD-BIN-0224,AMD-Z-12,2025-11-12,collection_gap
bin,AMD-BIN-0293,AMD-Z-16,2025-11-12,composition_shift
bin,AMD-BIN-0110,AMD-Z-06,2025-11-12,collection_gap
bin,AMD-BIN-0294,AMD-Z-16,2025-11-12,repeated_overflow
bin,AMD-BIN-0152,AMD-Z-08,2025-11-12,overnight_dumping
bin,AMD-BIN-0414,AMD-Z-23,2025-11-12,illegal_dumping_spike
bin,AMD-BIN-0333,AMD-Z-19,2025-11-12,collection_gap
bin,AMD-BIN-0071,AMD-Z-04,2025-11-12,festival_overload
bin,AMD-BIN-0330,AMD-Z-18,2025-11-12,composition_shift
bin,AMD-BIN-0297,AMD-Z-16,2025-11-12,overnight_dumping
zone,AMD-Z-32,AMD-Z-32,2025-11-12,zone_surge
bin,AMD-BIN-0416,AMD-Z-23,2025-11-13,composition_shift
bin,AMD-BIN-0544,AMD-Z-30,2025-11-13,composition_shift
bin,AMD-BIN-0123,AMD-Z-06,2025-11-13,overnight_dumping
bin,AMD-BIN-0112,AMD-Z-06,2025-11-13,collection_gap
bin,AMD-BIN-0107,AMD-Z-06,2025-11-13,collection_gap
bin,AMD-BIN-0089,AMD-Z-05,2025-11-13,illegal_dumping_spike
bin,AMD-BIN-0405,AMD-Z-22,2025-11-13,collection_gap
bin,AMD-BIN-0062,AMD-Z-03,2025-11-13,festival_overload
bin,AMD-BIN-0574,AMD-Z-32,2025-11-13,overnight_dumping
bin,AMD-BIN-0533,AMD-Z-30,2025-11-13,overnight_dumping
bin,AMD-BIN-0293,AMD-Z-16,2025-11-13,composition_shift
bin,AMD-BIN-0110,AMD-Z-06,2025-11-13,collection_gap
bin,AMD-BIN-0225,AMD-Z-12,2025-11-13,illegal_dumping_spike
bin,AMD-BIN-0464,AMD-Z-26,2025-11-13,overnight_dumping
bin,AMD-BIN-0330,AMD-Z-18,2025-11-13,composition_shift
bin,AMD-BIN-0297,AMD-Z-16,2025-11-13,overnight_dumping
bin,AMD-BIN-0353,AMD-Z-20,2025-11-13,collection_gap
bin,AMD-BIN-0416,AMD-Z-23,2025-11-14,composition_shift
bin,AMD-BIN-0588,AMD-Z-33,2025-11-14,overnight_dumping
bin,AMD-BIN-0107,AMD-Z-06,2025-11-14,collection_gap
bin,AMD-BIN-0089,AMD-Z-05,2025-11-14,illegal_dumping_spike
bin,AMD-BIN-0405,AMD-Z-22,2025-11-14,collection_gap
bin,AMD-BIN-0062,AMD-Z-03,2025-11-14,festival_overload
bin,AMD-BIN-0574,AMD-Z-32,2025-11-14,overnight_dumping
bin,AMD-BIN-0076,AMD-Z-04,2025-11-14,illegal_dumping_spike
bin,AMD-BIN-0150,AMD-Z-08,2025-11-14,illegal_dumping_spike
bin,AMD-BIN-0275,AMD-Z-15,2025-11-14,repeated_overflow
bin,AMD-BIN-0314,AMD-Z-17,2025-11-14,collection_gap
bin,AMD-BIN-0584,AMD-Z-32,2025-11-14,festival_overload
bin,AMD-BIN-0462,AMD-Z-26,2025-11-14,illegal_dumping_spike
bin,AMD-BIN-0353,AMD-Z-20,2025-11-14,collection_gap
bin,AMD-BIN-0025,AMD-Z-02,2025-11-15,composition_shift
bin,AMD-BIN-0333,AMD-Z-19,2025-11-15,weekend_spike
bin,AMD-BIN-0203,AMD-Z-11,2025-11-15,weekend_spike
bin,AMD-BIN-0280,AMD-Z-15,2025-11-15,weekend_spike
bin,AMD-BIN-0330,AMD-Z-18,2025-11-15,weekend_spike
bin,AMD-BIN-0107,AMD-Z-06,2025-11-15,collection_gap
bin,AMD-BIN-0072,AMD-Z-04,2025-11-15,collection_gap
bin,AMD-BIN-0511,AMD-Z-28,2025-11-15,collection_gap
bin,AMD-BIN-0076,AMD-Z-04,2025-11-15,illegal_dumping_spike
bin,AMD-BIN-0009,AMD-Z-01,2025-11-15,weekend_spike
bin,AMD-BIN-0150,AMD-Z-08,2025-11-15,illegal_dumping_spike
bin,AMD-BIN-0136,AMD-Z-07,2025-11-15,weekend_spike
bin,AMD-BIN-0275,AMD-Z-15,2025-11-15,repeated_overflow
bin,AMD-BIN-0594,AMD-Z-33,2025-11-15,composition_shift
bin,AMD-BIN-0368,AMD-Z-20,2025-11-15,weekend_spike
bin,AMD-BIN-0314,AMD-Z-17,2025-11-15,collection_gap
bin,AMD-BIN-0043,AMD-Z-02,2025-11-15,repeated_overflow
bin,AMD-BIN-0597,AMD-Z-33,2025-11-15,weekend_spike
bin,AMD-BIN-0353,AMD-Z-20,2025-11-15,collection_gap
bin,AMD-BIN-0025,AMD-Z-02,2025-11-16,composition_shift
bin,AMD-BIN-0203,AMD-Z-11,2025-11-16,weekend_spike
bin,AMD-BIN-0280,AMD-Z-15,2025-11-16,weekend_spike
bin,AMD-BIN-0031,AMD-Z-02,2025-11-16,collection_gap
bin,AMD-BIN-0107,AMD-Z-06,2025-11-16,collection_gap
bin,AMD-BIN-0072,AMD-Z-04,2025-11-16,collection_gap
bin,AMD-BIN-0511,AMD-Z-28,2025-11-16,collection_gap
bin,AMD-BIN-0009,AMD-Z-01,2025-11-16,weekend_spike
bin,AMD-BIN-0275,AMD-Z-15,2025-11-16,repeated_overflow
bin,AMD-BIN-0245,AMD-Z-13,2025-11-16,collection_gap
bin,AMD-BIN-0594,AMD-Z-33,2025-11-16,composition_shift
bin,AMD-BIN-0368,AMD-Z-20,2025-11-16,weekend_spike
bin,AMD-BIN-0314,AMD-Z-17,2025-11-16,collection_gap
bin,AMD-BIN-0178,AMD-Z-10,2025-11-16,composition_shift
bin,AMD-BIN-0408,AMD-Z-23,2025-11-16,illegal_dumping_spike
bin,AMD-BIN-0043,AMD-Z-02,2025-11-16,repeated_overflow
bin,AMD-BIN-0597,AMD-Z-33,2025-11-16,weekend_spike
bin,AMD-BIN-0270,AMD-Z-15,2025-11-16,composition_shift
bin,AMD-BIN-0025,AMD-Z-02,2025-11-17,composition_shift
bin,AMD-BIN-0326,AMD-Z-18,2025-11-17,illegal_dumping_spike
bin,AMD-BIN-0335,AMD-Z-19,2025-11-17,illegal_dumping_spike
bin,AMD-BIN-0031,AMD-Z-02,2025-11-17,collection_gap
bin,AMD-BIN-0141,AMD-Z-08,2025-11-17,illegal_dumping_spike
bin,AMD-BIN-0511,AMD-Z-28,2025-11-17,collection_gap
bin,AMD-BIN-0509,AMD-Z-28,2025-11-17,illegal_dumping_spike
bin,AMD-BIN-0566,AMD-Z-31,2025-11-17,illegal_dumping_spike
bin,AMD-BIN-0457,AMD-Z-26,2025-11-17,overnight_dumping
bin,AMD-BIN-0245,AMD-Z-13,2025-11-17,collection_gap
bin,AMD-BIN-0594,AMD-Z-33,2025-11-17,composition_shift
bin,AMD-BIN-0434,AMD-Z-24,2025-11-17,illegal_dumping_spike
bin,AMD-BIN-0408,AMD-Z-23,2025-11-17,illegal_dumping_spike
bin,AMD-BIN-0043,AMD-Z-02,2025-11-17,repeated_overflow
bin,AMD-BIN-0071,AMD-Z-04,2025-11-17,collection_gap
bin,AMD-BIN-0007,AMD-Z-01,2025-11-17,illegal_dumping_spike
zone,AMD-Z-32,AMD-Z-32,2025-11-17,zone_surge
bin,AMD-BIN-0369,AMD-Z-20,2025-11-18,repeated_overflow
bin,AMD-BIN-0335,AMD-Z-19,2025-11-18,illegal_dumping_spike
bin,AMD-BIN-0031,AMD-Z-02,2025-11-18,collection_gap
bin,AMD-BIN-0561,AMD-Z-31,2025-11-18,festival_overload
bin,AMD-BIN-0451,AMD-Z-25,2025-11-18,overnight_dumping
bin,AMD-BIN-0189,AMD-Z-10,2025-11-18,overnight_dumping
bin,AMD-BIN-0104,AMD-Z-05,2025-11-18,festival_overload
bin,AMD-BIN-0511,AMD-Z-28,2025-11-18,collection_gap
bin,AMD-BIN-0592,AMD-Z-33,2025-11-18,illegal_dumping_spike
bin,AMD-BIN-0509,AMD-Z-28,2025-11-18,illegal_dumping_spike
bin,AMD-BIN-0566,AMD-Z-31,2025-11-18,illegal_dumping_spike
bin,AMD-BIN-0245,AMD-Z-13,2025-11-18,collection_gap
bin,AMD-BIN-0133,AMD-Z-07,2025-11-18,illegal_dumping_spike
bin,AMD-BIN-0455,AMD-Z-26,2025-11-18,collection_gap
bin,AMD-BIN-0071,AMD-Z-04,2025-11-18,collection_gap
bin,AMD-BIN-0369,AMD-Z-20,2025-11-19,repeated_overflow
bin,AMD-BIN-0385,AMD-Z-21,2025-11-19,illegal_dumping_spike
bin,AMD-BIN-0001,AMD-Z-01,2025-11-19,illegal_dumping_spike
bin,AMD-BIN-0584,AMD-Z-32,2025-11-19,illegal_dumping_spike
bin,AMD-BIN-0335,AMD-Z-19,2025-11-19,repeated_overflow
bin,AMD-BIN-0529,AMD-Z-29,2025-11-19,composition_shift
bin,AMD-BIN-0451,AMD-Z-25,2025-11-19,overnight_dumping
bin,AMD-BIN-0537,AMD-Z-30,2025-11-19,illegal_dumping_spike
bin,AMD-BIN-0592,AMD-Z-33,2025-11-19,illegal_dumping_spike
bin,AMD-BIN-0284,AMD-Z-16,2025-11-19,illegal_dumping_spike
bin,AMD-BIN-0149,AMD-Z-08,2025-11-19,illegal_dumping_spike
bin,AMD-BIN-0304,AMD-Z-17,2025-11-19,collection_gap
bin,AMD-BIN-0133,AMD-Z-07,2025-11-19,illegal_dumping_spike
bin,AMD-BIN-0597,AMD-Z-33,2025-11-19,collection_gap
bin,AMD-BIN-0455,AMD-Z-26,2025-11-19,collection_gap
bin,AMD-BIN-0389,AMD-Z-22,2025-11-19,illegal_dumping_spike
bin,AMD-BIN-0369,AMD-Z-20,2025-11-20,repeated_overflow
bin,AMD-BIN-0441,AMD-Z-25,2025-11-20,repeated_overflow
bin,AMD-BIN-0514,AMD-Z-28,2025-11-20,overnight_dumping
bin,AMD-BIN-0385,AMD-Z-21,2025-11-20,illegal_dumping_spike
bin,AMD-BIN-0187,AMD-Z-10,2025-11-20,collection_gap
bin,AMD-BIN-0001,AMD-Z-01,2025-11-20,illegal_dumping_spike
bin,AMD-BIN-0166,AMD-Z-09,2025-11-20,repeated_overflow
bin,AMD-BIN-0335,AMD-Z-19,2025-11-20,repeated_overflow
bin,AMD-BIN-0529,AMD-Z-29,2025-11-20,composition_shift
bin,AMD-BIN-0134,AMD-Z-07,2025-11-20,repeated_overflow
bin,AMD-BIN-0215,AMD-Z-11,2025-11-20,illegal_dumping_spike
bin,AMD-BIN-0408,AMD-Z-23,2025-11-20,repeated_overflow
bin,AMD-BIN-0371,AMD-Z-21,2025-11-20,festival_overload
bin,AMD-BIN-0007,AMD-Z-01,2025-11-20,composition_shift
bin,AMD-BIN-0304,AMD-Z-17,2025-11-20,collection_gap
bin,AMD-BIN-0597,AMD-Z-33,2025-11-20,collection_gap
bin,AMD-BIN-0149,AMD-Z-08,2025-11-20,collection_gap
bin,AMD-BIN-0061,AMD-Z-03,2025-11-20,illegal_dumping_spike
bin,AMD-BIN-0455,AMD-Z-26,2025-11-20,collection_gap
bin,AMD-BIN-0389,AMD-Z-22,2025-11-20,illegal_dumping_spike
bin,AMD-BIN-0567,AMD-Z-31,2025-11-20,collection_gap
zone,AMD-Z-04,AMD-Z-04,2025-11-20,zone_surge
bin,AMD-BIN-0441,AMD-Z-25,2025-11-21,repeated_overflow
bin,AMD-BIN-0187,AMD-Z-10,2025-11-21,collection_gap
bin,AMD-BIN-0166,AMD-Z-09,2025-11-21,repeated_overflow
bin,AMD-BIN-0585,AMD-Z-33,2025-11-21,festival_overload
bin,AMD-BIN-0335,AMD-Z-19,2025-11-21,repeated_overflow
bin,AMD-BIN-0134,AMD-Z-07,2025-11-21,repeated_overflow
bin,AMD-BIN-0446,AMD-Z-25,2025-11-21,repeated_overflow
bin,AMD-BIN-0595,AMD-Z-33,2025-11-21,overnight_dumping
bin,AMD-BIN-0215,AMD-Z-11,2025-11-21,illegal_dumping_spike
bin,AMD-BIN-0408,AMD-Z-23,2025-11-21,repeated_overflow
bin,AMD-BIN-0371,AMD-Z-21,2025-11-21,festival_overload
bin,AMD-BIN-0007,AMD-Z-01,2025-11-21,composition_shift
bin,AMD-BIN-0510,AMD-Z-28,2025-11-21,overnight_dumping
bin,AMD-BIN-0418,AMD-Z-23,2025-11-21,repeated_overflow
bin,AMD-BIN-0304,AMD-Z-17,2025-11-21,collection_gap
bin,AMD-BIN-0597,AMD-Z-33,2025-11-21,collection_gap
bin,AMD-BIN-0149,AMD-Z-08,2025-11-21,collection_gap
bin,AMD-BIN-0061,AMD-Z-03,2025-11-21,illegal_dumping_spike
bin,AMD-BIN-0567,AMD-Z-31,2025-11-21,collection_gap
bin,AMD-BIN-0337,AMD-Z-19,2025-11-22,overnight_dumping
bin,AMD-BIN-0550,AMD-Z-30,2025-11-22,composition_shift
bin,AMD-BIN-0166,AMD-Z-09,2025-11-22,repeated_overflow
bin,AMD-BIN-0585,AMD-Z-33,2025-11-22,festival_overload
bin,AMD-BIN-0134,AMD-Z-07,2025-11-22,repeated_overflow
bin,AMD-BIN-0535,AMD-Z-30,2025-11-22,illegal_dumping_spike
bin,AMD-BIN-0446,AMD-Z-25,2025-11-22,repeated_overflow
bin,AMD-BIN-0027,AMD-Z-02,2025-11-22,collection_gap
bin,AMD-BIN-0237,AMD-Z-13,2025-11-22,weekend_spike
bin,AMD-BIN-0198,AMD-Z-11,2025-11-22,illegal_dumping_spike
bin,AMD-BIN-0408,AMD-Z-23,2025-11-22,repeated_overflow
bin,AMD-BIN-0498,AMD-Z-28,2025-11-22,composition_shift
bin,AMD-BIN-0566,AMD-Z-31,2025-11-22,collection_gap
bin,AMD-BIN-0437,AMD-Z-24,2025-11-22,collection_gap
bin,AMD-BIN-0126,AMD-Z-07,2025-11-22,composition_shift
bin,AMD-BIN-0418,AMD-Z-23,2025-11-22,repeated_overflow
bin,AMD-BIN-0304,AMD-Z-17,2025-11-22,collection_gap
bin,AMD-BIN-0239,AMD-Z-13,2025-11-22,weekend_spike
bin,AMD-BIN-0597,AMD-Z-33,2025-11-22,collection_gap
bin,AMD-BIN-0149,AMD-Z-08,2025-11-22,collection_gap
bin,AMD-BIN-0326,AMD-Z-18,2025-11-22,festival_overload
bin,AMD-BIN-0567,AMD-Z-31,2025-11-22,collection_gap
bin,AMD-BIN-0367,AMD-Z-20,2025-11-23,overnight_dumping
bin,AMD-BIN-0506,AMD-Z-28,2025-11-23,composition_shift
bin,AMD-BIN-0337,AMD-Z-19,2025-11-23,overnight_dumping
bin,AMD-BIN-0406,AMD-Z-22,2025-11-23,illegal_dumping_spike
bin,AMD-BIN-0446,AMD-Z-25,2025-11-23,repeated_overflow
bin,AMD-BIN-0027,AMD-Z-02,2025-11-23,collection_gap
bin,AMD-BIN-0141,AMD-Z-08,2025-11-23,overnight_dumping
bin,AMD-BIN-0198,AMD-Z-11,2025-11-23,illegal_dumping_spike
bin,AMD-BIN-0408,AMD-Z-23,2025-11-23,repeated_overflow
bin,AMD-BIN-0498,AMD-Z-28,2025-11-23,composition_shift
bin,AMD-BIN-0566,AMD-Z-31,2025-11-23,collection_gap
bin,AMD-BIN-0471,AMD-Z-26,2025-11-23,repeated_overflow
bin,AMD-BIN-0437,AMD-Z-24,2025-11-23,collection_gap
bin,AMD-BIN-0136,AMD-Z-07,2025-11-23,overnight_dumping
bin,AMD-BIN-0272,AMD-Z-15,2025-11-23,illegal_dumping_spike
bin,AMD-BIN-0126,AMD-Z-07,2025-11-23,composition_shift
bin,AMD-BIN-0041,AMD-Z-02,2025-11-23,illegal_dumping_spike
bin,AMD-BIN-0418,AMD-Z-23,2025-11-23,repeated_overflow
bin,AMD-BIN-0326,AMD-Z-18,2025-11-23,festival_overload
bin,AMD-BIN-0242,AMD-Z-13,2025-11-23,illegal_dumping_spike
bin,AMD-BIN-0542,AMD-Z-30,2025-11-24,overnight_dumping
bin,AMD-BIN-0008,AMD-Z-01,2025-11-24,collection_gap
bin,AMD-BIN-0406,AMD-Z-22,2025-11-24,illegal_dumping_spike
bin,AMD-BIN-0027,AMD-Z-02,2025-11-24,collection_gap
bin,AMD-BIN-0141,AMD-Z-08,2025-11-24,overnight_dumping
bin,AMD-BIN-0498,AMD-Z-28,2025-11-24,composition_shift
bin,AMD-BIN-0454,AMD-Z-25,2025-11-24,illegal_dumping_spike
bin,AMD-BIN-0219,AMD-Z-12,2025-11-24,repeated_overflow
bin,AMD-BIN-0471,AMD-Z-26,2025-11-24,repeated_overflow
bin,AMD-BIN-0089,AMD-Z-05,2025-11-24,overnight_dumping
bin,AMD-BIN-0517,AMD-Z-29,2025-11-24,collection_gap
bin,AMD-BIN-0126,AMD-Z-07,2025-11-24,composition_shift
bin,AMD-BIN-0418,AMD-Z-23,2025-11-24,repeated_overflow
bin,AMD-BIN-0045,AMD-Z-03,2025-11-24,festival_overload
bin,AMD-BIN-0303,AMD-Z-17,2025-11-25,overnight_dumping
bin,AMD-BIN-0163,AMD-Z-09,2025-11-25,composition_shift
bin,AMD-BIN-0542,AMD-Z-30,2025-11-25,overnight_dumping
bin,AMD-BIN-0008,AMD-Z-01,2025-11-25,collection_gap
bin,AMD-BIN-0390,AMD-Z-22,2025-11-25,collection_gap
bin,AMD-BIN-0112,AMD-Z-06,2025-11-25,repeated_overflow
bin,AMD-BIN-0167,AMD-Z-09,2025-11-25,illegal_dumping_spike
bin,AMD-BIN-0593,AMD-Z-33,2025-11-25,collection_gap
bin,AMD-BIN-0454,AMD-Z-25,2025-11-25,illegal_dumping_spike
bin,AMD-BIN-0219,AMD-Z-12,2025-11-25,repeated_overflow
bin,AMD-BIN-0185,AMD-Z-10,2025-11-25,illegal_dumping_spike
bin,AMD-BIN-0471,AMD-Z-26,2025-11-25,repeated_overflow
bin,AMD-BIN-0089,AMD-Z-05,2025-11-25,overnight_dumping
bin,AMD-BIN-0517,AMD-Z-29,2025-11-25,collection_gap
bin,AMD-BIN-0392,AMD-Z-22,2025-11-25,overnight_dumping
bin,AMD-BIN-0045,AMD-Z-03,2025-11-25,festival_overload
bin,AMD-BIN-0308,AMD-Z-17,2025-11-25,composition_shift
bin,AMD-BIN-0008,AMD-Z-01,2025-11-26,collection_gap
bin,AMD-BIN-0424,AMD-Z-24,2025-11-26,illegal_dumping_spike
bin,AMD-BIN-0390,AMD-Z-22,2025-11-26,collection_gap
bin,AMD-BIN-0112,AMD-Z-06,2025-11-26,repeated_overflow
bin,AMD-BIN-0593,AMD-Z-33,2025-11-26,collection_gap
bin,AMD-BIN-0185,AMD-Z-10,2025-11-26,illegal_dumping_spike
bin,AMD-BIN-0308,AMD-Z-17,2025-11-26,composition_shift
bin,AMD-BIN-0094,AMD-Z-05,2025-11-26,repeated_overflow
bin,AMD-BIN-0226,AMD-Z-12,2025-11-27,illegal_dumping_spike
bin,AMD-BIN-0542,AMD-Z-30,2025-11-27,festival_overload
bin,AMD-BIN-0022,AMD-Z-01,2025-11-27,composition_shift
bin,AMD-BIN-0424,AMD-Z-24,2025-11-27,illegal_dumping_spike
bin,AMD-BIN-0390,AMD-Z-22,2025-11-27,collection_gap
bin,AMD-BIN-0008,AMD-Z-01,2025-11-27,collection_gap
bin,AMD-BIN-0487,AMD-Z-27,2025-11-27,festival_overload
bin,AMD-BIN-0534,AMD-Z-30,2025-11-27,illegal_dumping_spike
bin,AMD-BIN-0593,AMD-Z-33,2025-11-27,collection_gap
bin,AMD-BIN-0581,AMD-Z-32,2025-11-27,festival_overload
bin,AMD-BIN-0181,AMD-Z-10,2025-11-27,illegal_dumping_spike
bin,AMD-BIN-0094,AMD-Z-05,2025-11-27,repeated_overflow
bin,AMD-BIN-0502,AMD-Z-28,2025-11-28,overnight_dumping
bin,AMD-BIN-0146,AMD-Z-08,2025-11-28,collection_gap
bin,AMD-BIN-0542,AMD-Z-30,2025-11-28,festival_overload
bin,AMD-BIN-0022,AMD-Z-01,2025-11-28,composition_shift
bin,AMD-BIN-0560,AMD-Z-31,2025-11-28,festival_overload
bin,AMD-BIN-0487,AMD-Z-27,2025-11-28,festival_overload
bin,AMD-BIN-0261,AMD-Z-14,2025-11-28,repeated_overflow
bin,AMD-BIN-0534,AMD-Z-30,2025-11-28,illegal_dumping_spike
bin,AMD-BIN-0593,AMD-Z-33,2025-11-28,collection_gap
bin,AMD-BIN-0327,AMD-Z-18,2025-11-28,collection_gap
bin,AMD-BIN-0222,AMD-Z-12,2025-11-28,illegal_dumping_spike
bin,AMD-BIN-0094,AMD-Z-05,2025-11-28,repeated_overflow
bin,AMD-BIN-0427,AMD-Z-24,2025-11-29,weekend_spike
bin,AMD-BIN-0146,AMD-Z-08,2025-11-29,collection_gap
bin,AMD-BIN-0332,AMD-Z-18,2025-11-29,illegal_dumping_spike
bin,AMD-BIN-0539,AMD-Z-30,2025-11-29,collection_gap
bin,AMD-BIN-0322,AMD-Z-18,2025-11-29,repeated_overflow
bin,AMD-BIN-0457,AMD-Z-26,2025-11-29,repeated_overflow
bin,AMD-BIN-0022,AMD-Z-01,2025-11-29,composition_shift
bin,AMD-BIN-0345,AMD-Z-19,2025-11-29,weekend_spike
bin,AMD-BIN-0170,AMD-Z-09,2025-11-29,collection_gap
bin,AMD-BIN-0295,AMD-Z-16,2025-11-29,composition_shift
bin,AMD-BIN-0434,AMD-Z-24,2025-11-29,weekend_spike
bin,AMD-BIN-0001,AMD-Z-01,2025-11-29,weekend_spike
bin,AMD-BIN-0600,AMD-Z-33,2025-11-29,weekend_spike
bin,AMD-BIN-0261,AMD-Z-14,2025-11-29,repeated_overflow
bin,AMD-BIN-0553,AMD-Z-31,2025-11-29,collection_gap
bin,AMD-BIN-0327,AMD-Z-18,2025-11-29,collection_gap
bin,AMD-BIN-0103,AMD-Z-05,2025-11-29,overnight_dumping
bin,AMD-BIN-0475,AMD-Z-27,2025-11-29,weekend_spike
bin,AMD-BIN-0075,AMD-Z-04,2025-11-29,illegal_dumping_spike
bin,AMD-BIN-0590,AMD-Z-33,2025-11-29,festival_overload
bin,AMD-BIN-0360,AMD-Z-20,2025-11-29,overnight_dumping
bin,AMD-BIN-0270,AMD-Z-15,2025-11-29,weekend_spike
bin,AMD-BIN-0094,AMD-Z-05,2025-11-29,repeated_overflow
bin,AMD-BIN-0146,AMD-Z-08,2025-11-30,collection_gap
bin,AMD-BIN-0539,AMD-Z-30,2025-11-30,collection_gap
bin,AMD-BIN-0151,AMD-Z-08,2025-11-30,illegal_dumping_spike
bin,AMD-BIN-0322,AMD-Z-18,2025-11-30,repeated_overflow
bin,AMD-BIN-0457,AMD-Z-26,2025-11-30,repeated_overflow
bin,AMD-BIN-0170,AMD-Z-09,2025-11-30,collection_gap
bin,AMD-BIN-0249,AMD-Z-13,2025-11-30,collection_gap
bin,AMD-BIN-0530,AMD-Z-29,2025-11-30,festival_overload
bin,AMD-BIN-0409,AMD-Z-23,2025-11-30,composition_shift
bin,AMD-BIN-0013,AMD-Z-01,2025-11-30,illegal_dumping_spike
bin,AMD-BIN-0434,AMD-Z-24,2025-11-30,weekend_spike
bin,AMD-BIN-0269,AMD-Z-15,2025-11-30,repeated_overflow
bin,AMD-BIN-0001,AMD-Z-01,2025-11-30,weekend_spike
bin,AMD-BIN-0553,AMD-Z-31,2025-11-30,collection_gap
bin,AMD-BIN-0382,AMD-Z-21,2025-11-30,composition_shift
bin,AMD-BIN-0327,AMD-Z-18,2025-11-30,collection_gap
bin,AMD-BIN-0283,AMD-Z-16,2025-11-30,composition_shift
bin,AMD-BIN-0075,AMD-Z-04,2025-11-30,illegal_dumping_spike
bin,AMD-BIN-0270,AMD-Z-15,2025-11-30,weekend_spike
bin,AMD-BIN-0128,AMD-Z-07,2025-11-30,overnight_dumping
bin,AMD-BIN-0539,AMD-Z-30,2025-12-01,collection_gap
bin,AMD-BIN-0151,AMD-Z-08,2025-12-01,illegal_dumping_spike
bin,AMD-BIN-0322,AMD-Z-18,2025-12-01,repeated_overflow
bin,AMD-BIN-0457,AMD-Z-26,2025-12-01,repeated_overflow
bin,AMD-BIN-0250,AMD-Z-14,2025-12-01,overnight_dumping
bin,AMD-BIN-0198,AMD-Z-11,2025-12-01,illegal_dumping_spike
bin,AMD-BIN-0319,AMD-Z-18,2025-12-01,overnight_dumping
bin,AMD-BIN-0249,AMD-Z-13,2025-12-01,collection_gap
bin,AMD-BIN-0409,AMD-Z-23,2025-12-01,composition_shift
bin,AMD-BIN-0013,AMD-Z-01,2025-12-01,illegal_dumping_spike
bin,AMD-BIN-0443,AMD-Z-25,2025-12-01,collection_gap
bin,AMD-BIN-0269,AMD-Z-15,2025-12-01,repeated_overflow
bin,AMD-BIN-0424,AMD-Z-24,2025-12-01,repeated_overflow
bin,AMD-BIN-0382,AMD-Z-21,2025-12-01,composition_shift
bin,AMD-BIN-0327,AMD-Z-18,2025-12-01,collection_gap
bin,AMD-BIN-0283,AMD-Z-16,2025-12-01,composition_shift
bin,AMD-BIN-0448,AMD-Z-25,2025-12-01,repeated_overflow
bin,AMD-BIN-0596,AMD-Z-33,2025-12-01,composition_shift
bin,AMD-BIN-0354,AMD-Z-20,2025-12-02,overnight_dumping
bin,AMD-BIN-0045,AMD-Z-03,2025-12-02,composition_shift
bin,AMD-BIN-0188,AMD-Z-10,2025-12-02,composition_shift
bin,AMD-BIN-0457,AMD-Z-26,2025-12-02,repeated_overflow
bin,AMD-BIN-0250,AMD-Z-14,2025-12-02,overnight_dumping
bin,AMD-BIN-0540,AMD-Z-30,2025-12-02,composition_shift
bin,AMD-BIN-0319,AMD-Z-18,2025-12-02,overnight_dumping
bin,AMD-BIN-0409,AMD-Z-23,2025-12-02,composition_shift
bin,AMD-BIN-0443,AMD-Z-25,2025-12-02,collection_gap
bin,AMD-BIN-0269,AMD-Z-15,2025-12-02,repeated_overflow
bin,AMD-BIN-0424,AMD-Z-24,2025-12-02,repeated_overflow
bin,AMD-BIN-0382,AMD-Z-21,2025-12-02,composition_shift
bin,AMD-BIN-0265,AMD-Z-14,2025-12-02,repeated_overflow
bin,AMD-BIN-0334,AMD-Z-19,2025-12-02,overnight_dumping
bin,AMD-BIN-0451,AMD-Z-25,2025-12-02,composition_shift
bin,AMD-BIN-0448,AMD-Z-25,2025-12-02,repeated_overflow
bin,AMD-BIN-0091,AMD-Z-05,2025-12-02,overnight_dumping
bin,AMD-BIN-0596,AMD-Z-33,2025-12-02,composition_shift
bin,AMD-BIN-0545,AMD-Z-30,2025-12-03,festival_overload
bin,AMD-BIN-0045,AMD-Z-03,2025-12-03,composition_shift
bin,AMD-BIN-0188,AMD-Z-10,2025-12-03,composition_shift
bin,AMD-BIN-0028,AMD-Z-02,2025-12-03,collection_gap
bin,AMD-BIN-0498,AMD-Z-28,2025-12-03,overnight_dumping
bin,AMD-BIN-0249,AMD-Z-13,2025-12-03,repeated_overflow
bin,AMD-BIN-0288,AMD-Z-16,2025-12-03,composition_shift
bin,AMD-BIN-0055,AMD-Z-03,2025-12-03,illegal_dumping_spike
bin,AMD-BIN-0022,AMD-Z-01,2025-12-03,collection_gap
bin,AMD-BIN-0366,AMD-Z-20,2025-12-03,collection_gap
bin,AMD-BIN-0229,AMD-Z-12,2025-12-03,collection_gap
bin,AMD-BIN-0443,AMD-Z-25,2025-12-03,collection_gap
bin,AMD-BIN-0522,AMD-Z-29,2025-12-03,illegal_dumping_spike
bin,AMD-BIN-0187,AMD-Z-10,2025-12-03,illegal_dumping_spike
bin,AMD-BIN-0265,AMD-Z-14,2025-12-03,repeated_overflow
bin,AMD-BIN-0334,AMD-Z-19,2025-12-03,overnight_dumping
bin,AMD-BIN-0448,AMD-Z-25,2025-12-03,repeated_overflow
bin,AMD-BIN-0011,AMD-Z-01,2025-12-03,composition_shift
bin,AMD-BIN-0596,AMD-Z-33,2025-12-03,composition_shift
bin,AMD-BIN-0430,AMD-Z-24,2025-12-04,collection_gap
bin,AMD-BIN-0087,AMD-Z-05,2025-12-04,illegal_dumping_spike
bin,AMD-BIN-0188,AMD-Z-10,2025-12-04,composition_shift
bin,AMD-BIN-0429,AMD-Z-24,2025-12-04,collection_gap
bin,AMD-BIN-0028,AMD-Z-02,2025-12-04,collection_gap
bin,AMD-BIN-0450,AMD-Z-25,2025-12-04,overnight_dumping
bin,AMD-BIN-0249,AMD-Z-13,2025-12-04,repeated_overflow
bin,AMD-BIN-0110,AMD-Z-06,2025-12-04,repeated_overflow
bin,AMD-BIN-0528,AMD-Z-29,2025-12-04,repeated_overflow
bin,AMD-BIN-0288,AMD-Z-16,2025-12-04,composition_shift
bin,AMD-BIN-0022,AMD-Z-01,2025-12-04,collection_gap
bin,AMD-BIN-0366,AMD-Z-20,2025-12-04,collection_gap
bin,AMD-BIN-0229,AMD-Z-12,2025-12-04,collection_gap
bin,AMD-BIN-0522,AMD-Z-29,2025-12-04,illegal_dumping_spike
bin,AMD-BIN-0243,AMD-Z-13,2025-12-04,illegal_dumping_spike
bin,AMD-BIN-0083,AMD-Z-04,2025-12-04,repeated_overflow
bin,AMD-BIN-0140,AMD-Z-07,2025-12-04,illegal_dumping_spike
bin,AMD-BIN-0008,AMD-Z-01,2025-12-04,repeated_overflow
bin,AMD-BIN-0448,AMD-Z-25,2025-12-04,repeated_overflow
bin,AMD-BIN-0011,AMD-Z-01,2025-12-04,composition_shift
bin,AMD-BIN-0430,AMD-Z-24,2025-12-05,collection_gap
bin,AMD-BIN-0593,AMD-Z-33,2025-12-05,illegal_dumping_spike
bin,AMD-BIN-0335,AMD-Z-19,2025-12-05,illegal_dumping_spike
bin,AMD-BIN-0429,AMD-Z-24,2025-12-05,collection_gap
bin,AMD-BIN-0450,AMD-Z-25,2025-12-05,overnight_dumping
bin,AMD-BIN-0249,AMD-Z-13,2025-12-05,repeated_overflow
bin,AMD-BIN-0110,AMD-Z-06,2025-12-05,repeated_overflow
bin,AMD-BIN-0528,AMD-Z-29,2025-12-05,repeated_overflow
bin,AMD-BIN-0022,AMD-Z-01,2025-12-05,collection_gap
bin,AMD-BIN-0366,AMD-Z-20,2025-12-05,collection_gap
bin,AMD-BIN-0507,AMD-Z-28,2025-12-05,festival_overload
bin,AMD-BIN-0083,AMD-Z-04,2025-12-05,repeated_overflow
bin,AMD-BIN-0008,AMD-Z-01,2025-12-05,repeated_overflow
bin,AMD-BIN-0011,AMD-Z-01,2025-12-05,composition_shift
bin,AMD-BIN-0572,AMD-Z-32,2025-12-06,collection_gap
bin,AMD-BIN-0528,AMD-Z-29,2025-12-06,repeated_overflow
bin,AMD-BIN-0070,AMD-Z-04,2025-12-06,weekend_spike
bin,AMD-BIN-0574,AMD-Z-32,2025-12-06,overnight_dumping
bin,AMD-BIN-0586,AMD-Z-33,2025-12-06,weekend_spike
bin,AMD-BIN-0366,AMD-Z-20,2025-12-06,collection_gap
bin,AMD-BIN-0507,AMD-Z-28,2025-12-06,festival_overload
bin,AMD-BIN-0355,AMD-Z-20,2025-12-06,composition_shift
bin,AMD-BIN-0559,AMD-Z-31,2025-12-06,repeated_overflow
bin,AMD-BIN-0536,AMD-Z-30,2025-12-06,composition_shift
bin,AMD-BIN-0411,AMD-Z-23,2025-12-06,weekend_spike
bin,AMD-BIN-0345,AMD-Z-19,2025-12-06,collection_gap
bin,AMD-BIN-0223,AMD-Z-12,2025-12-06,collection_gap
bin,AMD-BIN-0008,AMD-Z-01,2025-12-06,repeated_overflow
bin,AMD-BIN-0359,AMD-Z-20,2025-12-06,composition_shift
bin,AMD-BIN-0031,AMD-Z-02,2025-12-06,illegal_dumping_spike
bin,AMD-BIN-0495,AMD-Z-28,2025-12-07,repeated_overflow
bin,AMD-BIN-0572,AMD-Z-32,2025-12-07,collection_gap
bin,AMD-BIN-0007,AMD-Z-01,2025-12-07,festival_overload
bin,AMD-BIN-0574,AMD-Z-32,2025-12-07,overnight_dumping
bin,AMD-BIN-0508,AMD-Z-28,2025-12-07,collection_gap
bin,AMD-BIN-0465,AMD-Z-26,2025-12-07,illegal_dumping_spike
bin,AMD-BIN-0355,AMD-Z-20,2025-12-07,composition_shift
bin,AMD-BIN-0559,AMD-Z-31,2025-12-07,repeated_overflow
bin,AMD-BIN-0074,AMD-Z-04,2025-12-07,composition_shift
bin,AMD-BIN-0075,AMD-Z-04,2025-12-07,collection_gap
bin,AMD-BIN-0536,AMD-Z-30,2025-12-07,composition_shift
bin,AMD-BIN-0411,AMD-Z-23,2025-12-07,weekend_spike
bin,AMD-BIN-0345,AMD-Z-19,2025-12-07,collection_gap
bin,AMD-BIN-0223,AMD-Z-12,2025-12-07,collection_gap
bin,AMD-BIN-0359,AMD-Z-20,2025-12-07,composition_shift
bin,AMD-BIN-0031,AMD-Z-02,2025-12-07,illegal_dumping_spike
bin,AMD-BIN-0522,AMD-Z-29,2025-12-07,repeated_overflow
bin,AMD-BIN-0495,AMD-Z-28,2025-12-08,repeated_overflow
bin,AMD-BIN-0441,AMD-Z-25,2025-12-08,illegal_dumping_spike
bin,AMD-BIN-0508,AMD-Z-28,2025-12-08,collection_gap
bin,AMD-BIN-0465,AMD-Z-26,2025-12-08,illegal_dumping_spike
bin,AMD-BIN-0074,AMD-Z-04,2025-12-08,composition_shift
bin,AMD-BIN-0321,AMD-Z-18,2025-12-08,illegal_dumping_spike
bin,AMD-BIN-0297,AMD-Z-16,2025-12-08,illegal_dumping_spike
bin,AMD-BIN-0075,AMD-Z-04,2025-12-08,collection_gap
bin,AMD-BIN-0345,AMD-Z-19,2025-12-08,collection_gap
bin,AMD-BIN-0223,AMD-Z-12,2025-12-08,collection_gap
bin,AMD-BIN-0142,AMD-Z-08,2025-12-08,illegal_dumping_spike
bin,AMD-BIN-0359,AMD-Z-20,2025-12-08,composition_shift
bin,AMD-BIN-0522,AMD-Z-29,2025-12-08,repeated_overflow
bin,AMD-BIN-0026,AMD-Z-02,2025-12-09,overnight_dumping
bin,AMD-BIN-0441,AMD-Z-25,2025-12-09,illegal_dumping_spike
bin,AMD-BIN-0562,AMD-Z-31,2025-12-09,overnight_dumping
bin,AMD-BIN-0530,AMD-Z-29,2025-12-09,illegal_dumping_spike
bin,AMD-BIN-0508,AMD-Z-28,2025-12-09,collection_gap
bin,AMD-BIN-0505,AMD-Z-28,2025-12-09,illegal_dumping_spike
bin,AMD-BIN-0074,AMD-Z-04,2025-12-09,composition_shift
bin,AMD-BIN-0321,AMD-Z-18,2025-12-09,illegal_dumping_spike
bin,AMD-BIN-0229,AMD-Z-12,2025-12-09,overnight_dumping
bin,AMD-BIN-0075,AMD-Z-04,2025-12-09,collection_gap
bin,AMD-BIN-0522,AMD-Z-29,2025-12-09,repeated_overflow
bin,AMD-BIN-0530,AMD-Z-29,2025-12-10,illegal_dumping_spike
bin,AMD-BIN-0508,AMD-Z-28,2025-12-10,collection_gap
bin,AMD-BIN-0041,AMD-Z-02,2025-12-10,overnight_dumping
bin,AMD-BIN-0336,AMD-Z-19,2025-12-10,composition_shift
bin,AMD-BIN-0112,AMD-Z-06,2025-12-10,overnight_dumping
bin,AMD-BIN-0448,AMD-Z-25,2025-12-10,illegal_dumping_spike
bin,AMD-BIN-0522,AMD-Z-29,2025-12-10,repeated_overflow
bin,AMD-BIN-0032,AMD-Z-02,2025-12-11,overnight_dumping
bin,AMD-BIN-0084,AMD-Z-04,2025-12-11,illegal_dumping_spike
bin,AMD-BIN-0354,AMD-Z-20,2025-12-11,festival_overload
bin,AMD-BIN-0357,AMD-Z-20,2025-12-11,illegal_dumping_spike
bin,AMD-BIN-0336,AMD-Z-19,2025-12-11,composition_shift
bin,AMD-BIN-0024,AMD-Z-02,2025-12-11,illegal_dumping_spike
zone,AMD-Z-03,AMD-Z-03,2025-12-11,zone_surge
bin,AMD-BIN-0255,AMD-Z-14,2025-12-12,collection_gap
bin,AMD-BIN-0084,AMD-Z-04,2025-12-12,illegal_dumping_spike
bin,AMD-BIN-0500,AMD-Z-28,2025-12-12,illegal_dumping_spike
bin,AMD-BIN-0354,AMD-Z-20,2025-12-12,festival_overload
bin,AMD-BIN-0357,AMD-Z-20,2025-12-12,illegal_dumping_spike
bin,AMD-BIN-0024,AMD-Z-02,2025-12-12,illegal_dumping_spike
bin,AMD-BIN-0314,AMD-Z-17,2025-12-13,illegal_dumping_spike
bin,AMD-BIN-0255,AMD-Z-14,2025-12-13,collection_gap
bin,AMD-BIN-0203,AMD-Z-11,2025-12-13,weekend_spike
bin,AMD-BIN-0234,AMD-Z-13,2025-12-13,repeated_overflow
bin,AMD-BIN-0548,AMD-Z-30,2025-12-13,repeated_overflow
bin,AMD-BIN-0166,AMD-Z-09,2025-12-13,weekend_spike
bin,AMD-BIN-0236,AMD-Z-13,2025-12-13,illegal_dumping_spike
bin,AMD-BIN-0131,AMD-Z-07,2025-12-13,festival_overload
bin,AMD-BIN-0273,AMD-Z-15,2025-12-13,composition_shift
bin,AMD-BIN-0539,AMD-Z-30,2025-12-13,repeated_overflow
bin,AMD-BIN-0295,AMD-Z-16,2025-12-13,overnight_dumping
bin,AMD-BIN-0515,AMD-Z-29,2025-12-13,repeated_overflow
bin,AMD-BIN-0148,AMD-Z-08,2025-12-13,illegal_dumping_spike
bin,AMD-BIN-0368,AMD-Z-20,2025-12-13,composition_shift
bin,AMD-BIN-0302,AMD-Z-17,2025-12-13,weekend_spike
bin,AMD-BIN-0187,AMD-Z-10,2025-12-13,weekend_spike
zone,AMD-Z-05,AMD-Z-05,2025-12-13,zone_surge
bin,AMD-BIN-0314,AMD-Z-17,2025-12-14,illegal_dumping_spike
bin,AMD-BIN-0255,AMD-Z-14,2025-12-14,collection_gap
bin,AMD-BIN-0203,AMD-Z-11,2025-12-14,weekend_spike
bin,AMD-BIN-0155,AMD-Z-08,2025-12-14,illegal_dumping_spike
bin,AMD-BIN-0234,AMD-Z-13,2025-12-14,repeated_overflow
bin,AMD-BIN-0548,AMD-Z-30,2025-12-14,repeated_overflow
bin,AMD-BIN-0496,AMD-Z-28,2025-12-14,illegal_dumping_spike
bin,AMD-BIN-0437,AMD-Z-24,2025-12-14,repeated_overflow
bin,AMD-BIN-0131,AMD-Z-07,2025-12-14,festival_overload
bin,AMD-BIN-0403,AMD-Z-22,2025-12-14,repeated_overflow
bin,AMD-BIN-0539,AMD-Z-30,2025-12-14,repeated_overflow
bin,AMD-BIN-0515,AMD-Z-29,2025-12-14,repeated_overflow
bin,AMD-BIN-0148,AMD-Z-08,2025-12-14,illegal_dumping_spike
bin,AMD-BIN-0120,AMD-Z-06,2025-12-14,composition_shift
bin,AMD-BIN-0302,AMD-Z-17,2025-12-14,weekend_spike
bin,AMD-BIN-0087,AMD-Z-05,2025-12-14,repeated_overflow
bin,AMD-BIN-0255,AMD-Z-14,2025-12-15,collection_gap
bin,AMD-BIN-0155,AMD-Z-08,2025-12-15,illegal_dumping_spike
bin,AMD-BIN-0234,AMD-Z-13,2025-12-15,repeated_overflow
bin,AMD-BIN-0496,AMD-Z-28,2025-12-15,illegal_dumping_spike
bin,AMD-BIN-0299,AMD-Z-17,2025-12-15,collection_gap
bin,AMD-BIN-0437,AMD-Z-24,2025-12-15,repeated_overflow
bin,AMD-BIN-0403,AMD-Z-22,2025-12-15,repeated_overflow
bin,AMD-BIN-0184,AMD-Z-10,2025-12-15,composition_shift
bin,AMD-BIN-0490,AMD-Z-27,2025-12-15,repeated_overflow
bin,AMD-BIN-0539,AMD-Z-30,2025-12-15,repeated_overflow
bin,AMD-BIN-0515,AMD-Z-29,2025-12-15,repeated_overflow
bin,AMD-BIN-0399,AMD-Z-22,2025-12-15,illegal_dumping_spike
bin,AMD-BIN-0120,AMD-Z-06,2025-12-15,composition_shift
bin,AMD-BIN-0150,AMD-Z-08,2025-12-15,illegal_dumping_spike
bin,AMD-BIN-0183,AMD-Z-10,2025-12-15,illegal_dumping_spike
bin,AMD-BIN-0087,AMD-Z-05,2025-12-15,repeated_overflow
bin,AMD-BIN-0160,AMD-Z-09,2025-12-16,repeated_overflow
bin,AMD-BIN-0205,AMD-Z-11,2025-12-16,illegal_dumping_spike
bin,AMD-BIN-0563,AMD-Z-31,2025-12-16,repeated_overflow
bin,AMD-BIN-0440,AMD-Z-25,2025-12-16,collection_gap
bin,AMD-BIN-0299,AMD-Z-17,2025-12-16,collection_gap
bin,AMD-BIN-0437,AMD-Z-24,2025-12-16,repeated_overflow
bin,AMD-BIN-0403,AMD-Z-22,2025-12-16,repeated_overflow
bin,AMD-BIN-0184,AMD-Z-10,2025-12-16,composition_shift
bin,AMD-BIN-0568,AMD-Z-31,2025-12-16,festival_overload
bin,AMD-BIN-0490,AMD-Z-27,2025-12-16,repeated_overflow
bin,AMD-BIN-0539,AMD-Z-30,2025-12-16,repeated_overflow
bin,AMD-BIN-0120,AMD-Z-06,2025-12-16,composition_shift
bin,AMD-BIN-0596,AMD-Z-33,2025-12-16,illegal_dumping_spike
bin,AMD-BIN-0183,AMD-Z-10,2025-12-16,illegal_dumping_spike
bin,AMD-BIN-0087,AMD-Z-05,2025-12-16,repeated_overflow
bin,AMD-BIN-0321,AMD-Z-18,2025-12-17,overnight_dumping
bin,AMD-BIN-0577,AMD-Z-32,2025-12-17,illegal_dumping_spike
bin,AMD-BIN-0244,AMD-Z-13,2025-12-17,collection_gap
bin,AMD-BIN-0160,AMD-Z-09,2025-12-17,repeated_overflow
bin,AMD-BIN-0254,AMD-Z-14,2025-12-17,collection_gap
bin,AMD-BIN-0563,AMD-Z-31,2025-12-17,repeated_overflow
bin,AMD-BIN-0440,AMD-Z-25,2025-12-17,collection_gap
bin,AMD-BIN-0299,AMD-Z-17,2025-12-17,collection_gap
bin,AMD-BIN-0256,AMD-Z-14,2025-12-17,collection_gap
bin,AMD-BIN-0437,AMD-Z-24,2025-12-17,repeated_overflow
bin,AMD-BIN-0109,AMD-Z-06,2025-12-17,festival_overload
bin,AMD-BIN-0034,AMD-Z-02,2025-12-17,festival_overload
bin,AMD-BIN-0365,AMD-Z-20,2025-12-17,illegal_dumping_spike
bin,AMD-BIN-0221,AMD-Z-12,2025-12-17,illegal_dumping_spike
bin,AMD-BIN-0011,AMD-Z-01,2025-12-17,illegal_dumping_spike
bin,AMD-BIN-0184,AMD-Z-10,2025-12-17,composition_shift
bin,AMD-BIN-0568,AMD-Z-31,2025-12-17,festival_overload
bin,AMD-BIN-0523,AMD-Z-29,2025-12-17,repeated_overflow
bin,AMD-BIN-0490,AMD-Z-27,2025-12-17,repeated_overflow
bin,AMD-BIN-0390,AMD-Z-22,2025-12-17,repeated_overflow
bin,AMD-BIN-0070,AMD-Z-04,2025-12-17,overnight_dumping
bin,AMD-BIN-0384,AMD-Z-21,2025-12-17,collection_gap
bin,AMD-BIN-0087,AMD-Z-05,2025-12-17,repeated_overflow
bin,AMD-BIN-0426,AMD-Z-24,2025-12-18,composition_shift
bin,AMD-BIN-0008,AMD-Z-01,2025-12-18,collection_gap
bin,AMD-BIN-0244,AMD-Z-13,2025-12-18,collection_gap
bin,AMD-BIN-0160,AMD-Z-09,2025-12-18,repeated_overflow
bin,AMD-BIN-0254,AMD-Z-14,2025-12-18,collection_gap
bin,AMD-BIN-0563,AMD-Z-31,2025-12-18,repeated_overflow
bin,AMD-BIN-0440,AMD-Z-25,2025-12-18,collection_gap
bin,AMD-BIN-0256,AMD-Z-14,2025-12-18,collection_gap
bin,AMD-BIN-0219,AMD-Z-12,2025-12-18,composition_shift
bin,AMD-BIN-0109,AMD-Z-06,2025-12-18,festival_overload
bin,AMD-BIN-0034,AMD-Z-02,2025-12-18,festival_overload
bin,AMD-BIN-0516,AMD-Z-29,2025-12-18,illegal_dumping_spike
bin,AMD-BIN-0221,AMD-Z-12,2025-12-18,illegal_dumping_spike
bin,AMD-BIN-0523,AMD-Z-29,2025-12-18,repeated_overflow
bin,AMD-BIN-0041,AMD-Z-02,2025-12-18,overnight_dumping
bin,AMD-BIN-0490,AMD-Z-27,2025-12-18,repeated_overflow
bin,AMD-BIN-0390,AMD-Z-22,2025-12-18,repeated_overflow
bin,AMD-BIN-0070,AMD-Z-04,2025-12-18,overnight_dumping
bin,AMD-BIN-0384,AMD-Z-21,2025-12-18,collection_gap
bin,AMD-BIN-0369,AMD-Z-20,2025-12-18,repeated_overflow
bin,AMD-BIN-0182,AMD-Z-10,2025-12-18,repeated_overflow
bin,AMD-BIN-0510,AMD-Z-28,2025-12-19,illegal_dumping_spike
bin,AMD-BIN-0008,AMD-Z-01,2025-12-19,collection_gap
bin,AMD-BIN-0171,AMD-Z-09,2025-12-19,illegal_dumping_spike
bin,AMD-BIN-0068,AMD-Z-04,2025-12-19,composition_shift
bin,AMD-BIN-0244,AMD-Z-13,2025-12-19,collection_gap
bin,AMD-BIN-0160,AMD-Z-09,2025-12-19,repeated_overflow
bin,AMD-BIN-0055,AMD-Z-03,2025-12-19,repeated_overflow
bin,AMD-BIN-0254,AMD-Z-14,2025-12-19,collection_gap
bin,AMD-BIN-0563,AMD-Z-31,2025-12-19,repeated_overflow
bin,AMD-BIN-0440,AMD-Z-25,2025-12-19,collection_gap
bin,AMD-BIN-0492,AMD-Z-27,2025-12-19,collection_gap
bin,AMD-BIN-0256,AMD-Z-14,2025-12-19,collection_gap
bin,AMD-BIN-0219,AMD-Z-12,2025-12-19,composition_shift
bin,AMD-BIN-0066,AMD-Z-03,2025-12-19,festival_overload
bin,AMD-BIN-0227,AMD-Z-12,2025-12-19,repeated_overflow
bin,AMD-BIN-0523,AMD-Z-29,2025-12-19,repeated_overflow
bin,AMD-BIN-0041,AMD-Z-02,2025-12-19,overnight_dumping
bin,AMD-BIN-0568,AMD-Z-31,2025-12-19,repeated_overflow
bin,AMD-BIN-0390,AMD-Z-22,2025-12-19,repeated_overflow
bin,AMD-BIN-0305,AMD-Z-17,2025-12-19,repeated_overflow
bin,AMD-BIN-0583,AMD-Z-32,2025-12-19,repeated_overflow
bin,AMD-BIN-0369,AMD-Z-20,2025-12-19,repeated_overflow
bin,AMD-BIN-0182,AMD-Z-10,2025-12-19,repeated_overflow
zone,AMD-Z-12,AMD-Z-12,2025-12-19,zone_surge
bin,AMD-BIN-0456,AMD-Z-26,2025-12-20,overnight_dumping
bin,AMD-BIN-0412,AMD-Z-23,2025-12-20,weekend_spike
bin,AMD-BIN-0348,AMD-Z-19,2025-12-20,festival_overload
bin,AMD-BIN-0008,AMD-Z-01,2025-12-20,collection_gap
bin,AMD-BIN-0171,AMD-Z-09,2025-12-20,illegal_dumping_spike
bin,AMD-BIN-0068,AMD-Z-04,2025-12-20,composition_shift
bin,AMD-BIN-0244,AMD-Z-13,2025-12-20,collection_gap
bin,AMD-BIN-0055,AMD-Z-03,2025-12-20,repeated_overflow
bin,AMD-BIN-0254,AMD-Z-14,2025-12-20,collection_gap
bin,AMD-BIN-0492,AMD-Z-27,2025-12-20,collection_gap
bin,AMD-BIN-0572,AMD-Z-32,2025-12-20,composition_shift
bin,AMD-BIN-0173,AMD-Z-09,2025-12-20,weekend_spike
bin,AMD-BIN-0227,AMD-Z-12,2025-12-20,repeated_overflow
bin,AMD-BIN-0118,AMD-Z-06,2025-12-20,weekend_spike
bin,AMD-BIN-0252,AMD-Z-14,2025-12-20,repeated_overflow
bin,AMD-BIN-0344,AMD-Z-19,2025-12-20,overnight_dumping
bin,AMD-BIN-0568,AMD-Z-31,2025-12-20,repeated_overflow
bin,AMD-BIN-0390,AMD-Z-22,2025-12-20,repeated_overflow
bin,AMD-BIN-0305,AMD-Z-17,2025-12-20,repeated_overflow
bin,AMD-BIN-0583,AMD-Z-32,2025-12-20,repeated_overflow
bin,AMD-BIN-0369,AMD-Z-20,2025-12-20,repeated_overflow
bin,AMD-BIN-0380,AMD-Z-21,2025-12-20,repeated_overflow
bin,AMD-BIN-0106,AMD-Z-06,2025-12-20,composition_shift
bin,AMD-BIN-0068,AMD-Z-04,2025-12-21,composition_shift
bin,AMD-BIN-0233,AMD-Z-13,2025-12-21,collection_gap
bin,AMD-BIN-0241,AMD-Z-13,2025-12-21,illegal_dumping_spike
bin,AMD-BIN-0572,AMD-Z-32,2025-12-21,composition_shift
bin,AMD-BIN-0227,AMD-Z-12,2025-12-21,repeated_overflow
bin,AMD-BIN-0118,AMD-Z-06,2025-12-21,weekend_spike
bin,AMD-BIN-0444,AMD-Z-25,2025-12-21,illegal_dumping_spike
bin,AMD-BIN-0252,AMD-Z-14,2025-12-21,repeated_overflow
bin,AMD-BIN-0456,AMD-Z-26,2025-12-21,repeated_overflow
bin,AMD-BIN-0294,AMD-Z-16,2025-12-21,illegal_dumping_spike
bin,AMD-BIN-0154,AMD-Z-08,2025-12-21,composition_shift
bin,AMD-BIN-0568,AMD-Z-31,2025-12-21,repeated_overflow
bin,AMD-BIN-0249,AMD-Z-13,2025-12-21,festival_overload
bin,AMD-BIN-0305,AMD-Z-17,2025-12-21,repeated_overflow
bin,AMD-BIN-0245,AMD-Z-13,2025-12-21,overnight_dumping
bin,AMD-BIN-0548,AMD-Z-30,2025-12-21,composition_shift
bin,AMD-BIN-0369,AMD-Z-20,2025-12-21,repeated_overflow
bin,AMD-BIN-0380,AMD-Z-21,2025-12-21,repeated_overflow
bin,AMD-BIN-0388,AMD-Z-22,2025-12-21,repeated_overflow
zone,AMD-Z-25,AMD-Z-25,2025-12-21,zone_surge
bin,AMD-BIN-0233,AMD-Z-13,2025-12-22,collection_gap
bin,AMD-BIN-0241,AMD-Z-13,2025-12-22,illegal_dumping_spike
bin,AMD-BIN-0444,AMD-Z-25,2025-12-22,illegal_dumping_spike
bin,AMD-BIN-0218,AMD-Z-12,2025-12-22,collection_gap
bin,AMD-BIN-0208,AMD-Z-11,2025-12-22,illegal_dumping_spike
bin,AMD-BIN-0252,AMD-Z-14,2025-12-22,repeated_overflow
bin,AMD-BIN-0456,AMD-Z-26,2025-12-22,repeated_overflow
bin,AMD-BIN-0568,AMD-Z-31,2025-12-22,repeated_overflow
bin,AMD-BIN-0305,AMD-Z-17,2025-12-22,repeated_overflow
bin,AMD-BIN-0245,AMD-Z-13,2025-12-22,overnight_dumping
bin,AMD-BIN-0548,AMD-Z-30,2025-12-22,composition_shift
bin,AMD-BIN-0388,AMD-Z-22,2025-12-22,repeated_overflow
bin,AMD-BIN-0180,AMD-Z-10,2025-12-22,illegal_dumping_spike
zone,AMD-Z-20,AMD-Z-20,2025-12-22,zone_surge
bin,AMD-BIN-0489,AMD-Z-27,2025-12-23,overnight_dumping
bin,AMD-BIN-0049,AMD-Z-03,2025-12-23,illegal_dumping_spike
bin,AMD-BIN-0026,AMD-Z-02,2025-12-23,overnight_dumping
bin,AMD-BIN-0200,AMD-Z-11,2025-12-23,composition_shift
bin,AMD-BIN-0218,AMD-Z-12,2025-12-23,collection_gap
bin,AMD-BIN-0208,AMD-Z-11,2025-12-23,illegal_dumping_spike
bin,AMD-BIN-0252,AMD-Z-14,2025-12-23,repeated_overflow
bin,AMD-BIN-0456,AMD-Z-26,2025-12-23,repeated_overflow
bin,AMD-BIN-0331,AMD-Z-18,2025-12-23,collection_gap
bin,AMD-BIN-0217,AMD-Z-12,2025-12-23,composition_shift
bin,AMD-BIN-0548,AMD-Z-30,2025-12-23,composition_shift
bin,AMD-BIN-0033,AMD-Z-02,2025-12-23,repeated_overflow
bin,AMD-BIN-0259,AMD-Z-14,2025-12-23,festival_overload
bin,AMD-BIN-0180,AMD-Z-10,2025-12-23,illegal_dumping_spike
bin,AMD-BIN-0348,AMD-Z-19,2025-12-24,illegal_dumping_spike
bin,AMD-BIN-0489,AMD-Z-27,2025-12-24,overnight_dumping
bin,AMD-BIN-0049,AMD-Z-03,2025-12-24,illegal_dumping_spike
bin,AMD-BIN-0463,AMD-Z-26,2025-12-24,festival_overload
bin,AMD-BIN-0475,AMD-Z-27,2025-12-24,repeated_overflow
bin,AMD-BIN-0026,AMD-Z-02,2025-12-24,overnight_dumping
bin,AMD-BIN-0200,AMD-Z-11,2025-12-24,composition_shift
bin,AMD-BIN-0218,AMD-Z-12,2025-12-24,collection_gap
bin,AMD-BIN-0580,AMD-Z-32,2025-12-24,repeated_overflow
bin,AMD-BIN-0331,AMD-Z-18,2025-12-24,collection_gap
bin,AMD-BIN-0263,AMD-Z-14,2025-12-24,collection_gap
bin,AMD-BIN-0033,AMD-Z-02,2025-12-24,repeated_overflow
bin,AMD-BIN-0244,AMD-Z-13,2025-12-24,collection_gap
bin,AMD-BIN-0180,AMD-Z-10,2025-12-24,collection_gap
zone,AMD-Z-02,AMD-Z-02,2025-12-24,zone_surge
bin,AMD-BIN-0348,AMD-Z-19,2025-12-25,illegal_dumping_spike
bin,AMD-BIN-0136,AMD-Z-07,2025-12-25,composition_shift
bin,AMD-BIN-0475,AMD-Z-27,2025-12-25,repeated_overflow
bin,AMD-BIN-0218,AMD-Z-12,2025-12-25,collection_gap
bin,AMD-BIN-0580,AMD-Z-32,2025-12-25,repeated_overflow
bin,AMD-BIN-0457,AMD-Z-26,2025-12-25,composition_shift
bin,AMD-BIN-0331,AMD-Z-18,2025-12-25,collection_gap
bin,AMD-BIN-0263,AMD-Z-14,2025-12-25,collection_gap
bin,AMD-BIN-0380,AMD-Z-21,2025-12-25,festival_overload
bin,AMD-BIN-0273,AMD-Z-15,2025-12-25,collection_gap
bin,AMD-BIN-0033,AMD-Z-02,2025-12-25,repeated_overflow
bin,AMD-BIN-0563,AMD-Z-31,2025-12-25,illegal_dumping_spike
bin,AMD-BIN-0244,AMD-Z-13,2025-12-25,collection_gap
bin,AMD-BIN-0180,AMD-Z-10,2025-12-25,collection_gap
bin,AMD-BIN-0133,AMD-Z-07,2025-12-26,repeated_overflow
bin,AMD-BIN-0457,AMD-Z-26,2025-12-26,composition_shift
bin,AMD-BIN-0116,AMD-Z-06,2025-12-26,illegal_dumping_spike
bin,AMD-BIN-0331,AMD-Z-18,2025-12-26,collection_gap
bin,AMD-BIN-0257,AMD-Z-14,2025-12-26,illegal_dumping_spike
bin,AMD-BIN-0273,AMD-Z-15,2025-12-26,collection_gap
bin,AMD-BIN-0024,AMD-Z-02,2025-12-26,illegal_dumping_spike
bin,AMD-BIN-0244,AMD-Z-13,2025-12-26,collection_gap
bin,AMD-BIN-0133,AMD-Z-07,2025-12-27,repeated_overflow
bin,AMD-BIN-0575,AMD-Z-32,2025-12-27,weekend_spike
bin,AMD-BIN-0121,AMD-Z-06,2025-12-27,collection_gap
bin,AMD-BIN-0198,AMD-Z-11,2025-12-27,weekend_spike
bin,AMD-BIN-0191,AMD-Z-10,2025-12-27,repeated_overflow
bin,AMD-BIN-0107,AMD-Z-06,2025-12-27,weekend_spike
bin,AMD-BIN-0195,AMD-Z-11,2025-12-27,festival_overload
bin,AMD-BIN-0099,AMD-Z-05,2025-12-27,collection_gap
bin,AMD-BIN-0457,AMD-Z-26,2025-12-27,composition_shift
bin,AMD-BIN-0120,AMD-Z-06,2025-12-27,weekend_spike
bin,AMD-BIN-0257,AMD-Z-14,2025-12-27,illegal_dumping_spike
bin,AMD-BIN-0419,AMD-Z-23,2025-12-27,weekend_spike
bin,AMD-BIN-0044,AMD-Z-02,2025-12-27,weekend_spike
bin,AMD-BIN-0281,AMD-Z-15,2025-12-27,composition_shift
bin,AMD-BIN-0024,AMD-Z-02,2025-12-27,illegal_dumping_spike
bin,AMD-BIN-0244,AMD-Z-13,2025-12-27,collection_gap
bin,AMD-BIN-0133,AMD-Z-07,2025-12-28,repeated_overflow
bin,AMD-BIN-0243,AMD-Z-13,2025-12-28,composition_shift
bin,AMD-BIN-0281,AMD-Z-15,2025-12-28,composition_shift
bin,AMD-BIN-0366,AMD-Z-20,2025-12-28,repeated_overflow
bin,AMD-BIN-0575,AMD-Z-32,2025-12-28,weekend_spike
bin,AMD-BIN-0121,AMD-Z-06,2025-12-28,collection_gap
bin,AMD-BIN-0191,AMD-Z-10,2025-12-28,repeated_overflow
bin,AMD-BIN-0195,AMD-Z-11,2025-12-28,festival_overload
bin,AMD-BIN-0574,AMD-Z-32,2025-12-28,overnight_dumping
bin,AMD-BIN-0099,AMD-Z-05,2025-12-28,collection_gap
bin,AMD-BIN-0235,AMD-Z-13,2025-12-28,composition_shift
bin,AMD-BIN-0419,AMD-Z-23,2025-12-28,weekend_spike
bin,AMD-BIN-0044,AMD-Z-02,2025-12-28,weekend_spike
bin,AMD-BIN-0226,AMD-Z-12,2025-12-28,repeated_overflow
bin,AMD-BIN-0321,AMD-Z-18,2025-12-28,illegal_dumping_spike
bin,AMD-BIN-0439,AMD-Z-25,2025-12-28,illegal_dumping_spike
bin,AMD-BIN-0267,AMD-Z-15,2025-12-29,collection_gap
bin,AMD-BIN-0547,AMD-Z-30,2025-12-29,overnight_dumping
bin,AMD-BIN-0281,AMD-Z-15,2025-12-29,composition_shift
bin,AMD-BIN-0031,AMD-Z-02,2025-12-29,composition_shift
bin,AMD-BIN-0366,AMD-Z-20,2025-12-29,repeated_overflow
bin,AMD-BIN-0121,AMD-Z-06,2025-12-29,collection_gap
bin,AMD-BIN-0191,AMD-Z-10,2025-12-29,repeated_overflow
bin,AMD-BIN-0049,AMD-Z-03,2025-12-29,festival_overload
bin,AMD-BIN-0505,AMD-Z-28,2025-12-29,collection_gap
bin,AMD-BIN-0071,AMD-Z-04,2025-12-29,illegal_dumping_spike
bin,AMD-BIN-0119,AMD-Z-06,2025-12-29,illegal_dumping_spike
bin,AMD-BIN-0235,AMD-Z-13,2025-12-29,composition_shift
bin,AMD-BIN-0597,AMD-Z-33,2025-12-29,composition_shift
bin,AMD-BIN-0226,AMD-Z-12,2025-12-29,repeated_overflow
bin,AMD-BIN-0321,AMD-Z-18,2025-12-29,illegal_dumping_spike
bin,AMD-BIN-0305,AMD-Z-17,2025-12-29,illegal_dumping_spike
bin,AMD-BIN-0315,AMD-Z-18,2025-12-29,illegal_dumping_spike
zone,AMD-Z-06,AMD-Z-06,2025-12-29,zone_surge
zone,AMD-Z-23,AMD-Z-23,2025-12-29,zone_surge
bin,AMD-BIN-0438,AMD-Z-24,2025-12-30,illegal_dumping_spike
bin,AMD-BIN-0474,AMD-Z-27,2025-12-30,repeated_overflow
bin,AMD-BIN-0267,AMD-Z-15,2025-12-30,collection_gap
bin,AMD-BIN-0125,AMD-Z-07,2025-12-30,illegal_dumping_spike
bin,AMD-BIN-0281,AMD-Z-15,2025-12-30,composition_shift
bin,AMD-BIN-0121,AMD-Z-06,2025-12-30,collection_gap
bin,AMD-BIN-0116,AMD-Z-06,2025-12-30,collection_gap
bin,AMD-BIN-0191,AMD-Z-10,2025-12-30,repeated_overflow
bin,AMD-BIN-0409,AMD-Z-23,2025-12-30,illegal_dumping_spike
bin,AMD-BIN-0049,AMD-Z-03,2025-12-30,festival_overload
bin,AMD-BIN-0505,AMD-Z-28,2025-12-30,collection_gap
bin,AMD-BIN-0119,AMD-Z-06,2025-12-30,illegal_dumping_spike
bin,AMD-BIN-0499,AMD-Z-28,2025-12-30,composition_shift
bin,AMD-BIN-0453,AMD-Z-25,2025-12-30,overnight_dumping
bin,AMD-BIN-0023,AMD-Z-01,2025-12-30,festival_overload
bin,AMD-BIN-0235,AMD-Z-13,2025-12-30,composition_shift
bin,AMD-BIN-0597,AMD-Z-33,2025-12-30,composition_shift
bin,AMD-BIN-0592,AMD-Z-33,2025-12-30,illegal_dumping_spike
bin,AMD-BIN-0484,AMD-Z-27,2025-12-30,overnight_dumping
bin,AMD-BIN-0386,AMD-Z-21,2025-12-30,collection_gap
bin,AMD-BIN-0363,AMD-Z-20,2025-12-30,composition_shift
bin,AMD-BIN-0474,AMD-Z-27,2025-12-31,repeated_overflow
bin,AMD-BIN-0267,AMD-Z-15,2025-12-31,collection_gap
bin,AMD-BIN-0014,AMD-Z-01,2025-12-31,repeated_overflow
bin,AMD-BIN-0116,AMD-Z-06,2025-12-31,collection_gap
bin,AMD-BIN-0505,AMD-Z-28,2025-12-31,collection_gap
bin,AMD-BIN-0409,AMD-Z-23,2025-12-31,collection_gap
bin,AMD-BIN-0499,AMD-Z-28,2025-12-31,composition_shift
bin,AMD-BIN-0023,AMD-Z-01,2025-12-31,festival_overload
bin,AMD-BIN-0592,AMD-Z-33,2025-12-31,illegal_dumping_spike
bin,AMD-BIN-0222,AMD-Z-12,2025-12-31,illegal_dumping_spike
bin,AMD-BIN-0386,AMD-Z-21,2025-12-31,collection_gap
bin,AMD-BIN-0363,AMD-Z-20,2025-12-31,composition_shift
bin,AMD-BIN-0280,AMD-Z-15,2025-12-31,collection_gap
bin,AMD-BIN-0474,AMD-Z-27,2026-01-01,repeated_overflow
bin,AMD-BIN-0014,AMD-Z-01,2026-01-01,repeated_overflow
bin,AMD-BIN-0436,AMD-Z-24,2026-01-01,illegal_dumping_spike
bin,AMD-BIN-0116,AMD-Z-06,2026-01-01,collection_gap
bin,AMD-BIN-0201,AMD-Z-11,2026-01-01,collection_gap
bin,AMD-BIN-0544,AMD-Z-30,2026-01-01,repeated_overflow
bin,AMD-BIN-0037,AMD-Z-02,2026-01-01,overnight_dumping
bin,AMD-BIN-0449,AMD-Z-25,2026-01-01,collection_gap
bin,AMD-BIN-0409,AMD-Z-23,2026-01-01,collection_gap
bin,AMD-BIN-0266,AMD-Z-15,2026-01-01,illegal_dumping_spike
bin,AMD-BIN-0222,AMD-Z-12,2026-01-01,illegal_dumping_spike
bin,AMD-BIN-0345,AMD-Z-19,2026-01-01,repeated_overflow
bin,AMD-BIN-0280,AMD-Z-15,2026-01-01,collection_gap
bin,AMD-BIN-0192,AMD-Z-10,2026-01-02,composition_shift
bin,AMD-BIN-0474,AMD-Z-27,2026-01-02,repeated_overflow
bin,AMD-BIN-0014,AMD-Z-01,2026-01-02,repeated_overflow
bin,AMD-BIN-0436,AMD-Z-24,2026-01-02,illegal_dumping_spike
bin,AMD-BIN-0100,AMD-Z-05,2026-01-02,collection_gap
bin,AMD-BIN-0116,AMD-Z-06,2026-01-02,collection_gap
bin,AMD-BIN-0567,AMD-Z-31,2026-01-02,illegal_dumping_spike
bin,AMD-BIN-0335,AMD-Z-19,2026-01-02,collection_gap
bin,AMD-BIN-0201,AMD-Z-11,2026-01-02,collection_gap
bin,AMD-BIN-0544,AMD-Z-30,2026-01-02,repeated_overflow
bin,AMD-BIN-0464,AMD-Z-26,2026-01-02,collection_gap
bin,AMD-BIN-0449,AMD-Z-25,2026-01-02,collection_gap
bin,AMD-BIN-0282,AMD-Z-15,2026-01-02,composition_shift
bin,AMD-BIN-0589,AMD-Z-33,2026-01-02,festival_overload
bin,AMD-BIN-0571,AMD-Z-32,2026-01-02,illegal_dumping_spike
bin,AMD-BIN-0266,AMD-Z-15,2026-01-02,illegal_dumping_spike
bin,AMD-BIN-0583,AMD-Z-32,2026-01-02,repeated_overflow
bin,AMD-BIN-0008,AMD-Z-01,2026-01-02,illegal_dumping_spike
bin,AMD-BIN-0345,AMD-Z-19,2026-01-02,repeated_overflow
bin,AMD-BIN-0192,AMD-Z-10,2026-01-03,composition_shift
bin,AMD-BIN-0563,AMD-Z-31,2026-01-03,overnight_dumping
bin,AMD-BIN-0335,AMD-Z-19,2026-01-03,festival_overload
bin,AMD-BIN-0416,AMD-Z-23,2026-01-03,festival_overload
bin,AMD-BIN-0014,AMD-Z-01,2026-01-03,repeated_overflow
bin,AMD-BIN-0100,AMD-Z-05,2026-01-03,collection_gap
bin,AMD-BIN-0567,AMD-Z-31,2026-01-03,illegal_dumping_spike
bin,AMD-BIN-0201,AMD-Z-11,2026-01-03,collection_gap
bin,AMD-BIN-0409,AMD-Z-23,2026-01-03,collection_gap
bin,AMD-BIN-0394,AMD-Z-22,2026-01-03,weekend_spike
bin,AMD-BIN-0464,AMD-Z-26,2026-01-03,collection_gap
bin,AMD-BIN-0449,AMD-Z-25,2026-01-03,collection_gap
bin,AMD-BIN-0297,AMD-Z-16,2026-01-03,composition_shift
bin,AMD-BIN-0425,AMD-Z-24,2026-01-03,weekend_spike
bin,AMD-BIN-0282,AMD-Z-15,2026-01-03,composition_shift
bin,AMD-BIN-0589,AMD-Z-33,2026-01-03,illegal_dumping_spike
bin,AMD-BIN-0384,AMD-Z-21,2026-01-03,festival_overload
bin,AMD-BIN-0569,AMD-Z-32,2026-01-03,illegal_dumping_spike
bin,AMD-BIN-0372,AMD-Z-21,2026-01-03,weekend_spike
bin,AMD-BIN-0016,AMD-Z-01,2026-01-03,illegal_dumping_spike
bin,AMD-BIN-0571,AMD-Z-32,2026-01-03,illegal_dumping_spike
bin,AMD-BIN-0539,AMD-Z-30,2026-01-03,collection_gap
bin,AMD-BIN-0583,AMD-Z-32,2026-01-03,repeated_overflow
bin,AMD-BIN-0008,AMD-Z-01,2026-01-03,illegal_dumping_spike
bin,AMD-BIN-0345,AMD-Z-19,2026-01-03,repeated_overflow
bin,AMD-BIN-0192,AMD-Z-10,2026-01-04,composition_shift
bin,AMD-BIN-0416,AMD-Z-23,2026-01-04,festival_overload
bin,AMD-BIN-0501,AMD-Z-28,2026-01-04,collection_gap
bin,AMD-BIN-0157,AMD-Z-08,2026-01-04,overnight_dumping
bin,AMD-BIN-0221,AMD-Z-12,2026-01-04,composition_shift
bin,AMD-BIN-0100,AMD-Z-05,2026-01-04,collection_gap
bin,AMD-BIN-0335,AMD-Z-19,2026-01-04,collection_gap
bin,AMD-BIN-0409,AMD-Z-23,2026-01-04,collection_gap
bin,AMD-BIN-0394,AMD-Z-22,2026-01-04,weekend_spike
bin,AMD-BIN-0417,AMD-Z-23,2026-01-04,composition_shift
bin,AMD-BIN-0464,AMD-Z-26,2026-01-04,collection_gap
bin,AMD-BIN-0449,AMD-Z-25,2026-01-04,collection_gap
bin,AMD-BIN-0265,AMD-Z-14,2026-01-04,overnight_dumping
bin,AMD-BIN-0282,AMD-Z-15,2026-01-04,composition_shift
bin,AMD-BIN-0589,AMD-Z-33,2026-01-04,illegal_dumping_spike
bin,AMD-BIN-0384,AMD-Z-21,2026-01-04,festival_overload
bin,AMD-BIN-0569,AMD-Z-32,2026-01-04,illegal_dumping_spike
bin,AMD-BIN-0372,AMD-Z-21,2026-01-04,weekend_spike
bin,AMD-BIN-0539,AMD-Z-30,2026-01-04,collection_gap
bin,AMD-BIN-0481,AMD-Z-27,2026-01-04,festival_overload
bin,AMD-BIN-0583,AMD-Z-32,2026-01-04,repeated_overflow
bin,AMD-BIN-0501,AMD-Z-28,2026-01-05,collection_gap
bin,AMD-BIN-0221,AMD-Z-12,2026-01-05,composition_shift
bin,AMD-BIN-0409,AMD-Z-23,2026-01-05,collection_gap
bin,AMD-BIN-0245,AMD-Z-13,2026-01-05,collection_gap
bin,AMD-BIN-0136,AMD-Z-07,2026-01-05,festival_overload
bin,AMD-BIN-0489,AMD-Z-27,2026-01-05,collection_gap
bin,AMD-BIN-0193,AMD-Z-11,2026-01-05,overnight_dumping
bin,AMD-BIN-0483,AMD-Z-27,2026-01-05,composition_shift
bin,AMD-BIN-0265,AMD-Z-14,2026-01-05,overnight_dumping
bin,AMD-BIN-0168,AMD-Z-09,2026-01-05,overnight_dumping
bin,AMD-BIN-0569,AMD-Z-32,2026-01-05,collection_gap
bin,AMD-BIN-0539,AMD-Z-30,2026-01-05,collection_gap
bin,AMD-BIN-0376,AMD-Z-21,2026-01-05,collection_gap
bin,AMD-BIN-0084,AMD-Z-04,2026-01-05,collection_gap
bin,AMD-BIN-0501,AMD-Z-28,2026-01-06,collection_gap
bin,AMD-BIN-0570,AMD-Z-32,2026-01-06,overnight_dumping
bin,AMD-BIN-0221,AMD-Z-12,2026-01-06,composition_shift
bin,AMD-BIN-0239,AMD-Z-13,2026-01-06,repeated_overflow
bin,AMD-BIN-0262,AMD-Z-14,2026-01-06,collection_gap
bin,AMD-BIN-0409,AMD-Z-23,2026-01-06,collection_gap
bin,AMD-BIN-0245,AMD-Z-13,2026-01-06,collection_gap
bin,AMD-BIN-0136,AMD-Z-07,2026-01-06,festival_overload
bin,AMD-BIN-0489,AMD-Z-27,2026-01-06,collection_gap
bin,AMD-BIN-0201,AMD-Z-11,2026-01-06,composition_shift
bin,AMD-BIN-0483,AMD-Z-27,2026-01-06,composition_shift
bin,AMD-BIN-0031,AMD-Z-02,2026-01-06,illegal_dumping_spike
bin,AMD-BIN-0569,AMD-Z-32,2026-01-06,collection_gap
bin,AMD-BIN-0283,AMD-Z-16,2026-01-06,repeated_overflow
bin,AMD-BIN-0376,AMD-Z-21,2026-01-06,collection_gap
bin,AMD-BIN-0084,AMD-Z-04,2026-01-06,collection_gap
bin,AMD-BIN-0543,AMD-Z-30,2026-01-07,overnight_dumping
bin,AMD-BIN-0123,AMD-Z-06,2026-01-07,collection_gap
bin,AMD-BIN-0570,AMD-Z-32,2026-01-07,overnight_dumping
bin,AMD-BIN-0239,AMD-Z-13,2026-01-07,repeated_overflow
bin,AMD-BIN-0262,AMD-Z-14,2026-01-07,collection_gap
bin,AMD-BIN-0041,AMD-Z-02,2026-01-07,overnight_dumping
bin,AMD-BIN-0245,AMD-Z-13,2026-01-07,collection_gap
bin,AMD-BIN-0407,AMD-Z-23,2026-01-07,illegal_dumping_spike
bin,AMD-BIN-0283,AMD-Z-16,2026-01-07,repeated_overflow
bin,AMD-BIN-0572,AMD-Z-32,2026-01-07,repeated_overflow
bin,AMD-BIN-0376,AMD-Z-21,2026-01-07,collection_gap
bin,AMD-BIN-0084,AMD-Z-04,2026-01-07,collection_gap
bin,AMD-BIN-0544,AMD-Z-30,2026-01-08,composition_shift
bin,AMD-BIN-0011,AMD-Z-01,2026-01-08,collection_gap
bin,AMD-BIN-0477,AMD-Z-27,2026-01-08,overnight_dumping
bin,AMD-BIN-0123,AMD-Z-06,2026-01-08,collection_gap
bin,AMD-BIN-0058,AMD-Z-03,2026-01-08,illegal_dumping_spike
bin,AMD-BIN-0279,AMD-Z-15,2026-01-08,collection_gap
bin,AMD-BIN-0239,AMD-Z-13,2026-01-08,repeated_overflow
bin,AMD-BIN-0262,AMD-Z-14,2026-01-08,collection_gap
bin,AMD-BIN-0372,AMD-Z-21,2026-01-08,composition_shift
bin,AMD-BIN-0030,AMD-Z-02,2026-01-08,repeated_overflow
bin,AMD-BIN-0245,AMD-Z-13,2026-01-08,collection_gap
bin,AMD-BIN-0113,AMD-Z-06,2026-01-08,illegal_dumping_spike
bin,AMD-BIN-0435,AMD-Z-24,2026-01-08,repeated_overflow
bin,AMD-BIN-0283,AMD-Z-16,2026-01-08,repeated_overflow
bin,AMD-BIN-0572,AMD-Z-32,2026-01-08,repeated_overflow
bin,AMD-BIN-0016,AMD-Z-01,2026-01-08,collection_gap
bin,AMD-BIN-0593,AMD-Z-33,2026-01-08,illegal_dumping_spike
bin,AMD-BIN-0544,AMD-Z-30,2026-01-09,composition_shift
bin,AMD-BIN-0029,AMD-Z-02,2026-01-09,composition_shift
bin,AMD-BIN-0011,AMD-Z-01,2026-01-09,collection_gap
bin,AMD-BIN-0477,AMD-Z-27,2026-01-09,overnight_dumping
bin,AMD-BIN-0123,AMD-Z-06,2026-01-09,collection_gap
bin,AMD-BIN-0279,AMD-Z-15,2026-01-09,collection_gap
bin,AMD-BIN-0152,AMD-Z-08,2026-01-09,collection_gap
bin,AMD-BIN-0239,AMD-Z-13,2026-01-09,repeated_overflow
bin,AMD-BIN-0262,AMD-Z-14,2026-01-09,collection_gap
bin,AMD-BIN-0372,AMD-Z-21,2026-01-09,composition_shift
bin,AMD-BIN-0030,AMD-Z-02,2026-01-09,repeated_overflow
bin,AMD-BIN-0163,AMD-Z-09,2026-01-09,illegal_dumping_spike
bin,AMD-BIN-0384,AMD-Z-21,2026-01-09,illegal_dumping_spike
bin,AMD-BIN-0113,AMD-Z-06,2026-01-09,illegal_dumping_spike
bin,AMD-BIN-0174,AMD-Z-09,2026-01-09,collection_gap
bin,AMD-BIN-0435,AMD-Z-24,2026-01-09,repeated_overflow
bin,AMD-BIN-0149,AMD-Z-08,2026-01-09,illegal_dumping_spike
bin,AMD-BIN-0004,AMD-Z-01,2026-01-09,festival_overload
bin,AMD-BIN-0283,AMD-Z-16,2026-01-09,repeated_overflow
bin,AMD-BIN-0016,AMD-Z-01,2026-01-09,collection_gap
bin,AMD-BIN-0593,AMD-Z-33,2026-01-09,illegal_dumping_spike
bin,AMD-BIN-0264,AMD-Z-14,2026-01-09,festival_overload
bin,AMD-BIN-0180,AMD-Z-10,2026-01-10,illegal_dumping_spike
bin,AMD-BIN-0153,AMD-Z-08,2026-01-10,weekend_spike
bin,AMD-BIN-0219,AMD-Z-12,2026-01-10,illegal_dumping_spike
bin,AMD-BIN-0011,AMD-Z-01,2026-01-10,collection_gap
bin,AMD-BIN-0123,AMD-Z-06,2026-01-10,collection_gap
bin,AMD-BIN-0377,AMD-Z-21,2026-01-10,composition_shift
bin,AMD-BIN-0391,AMD-Z-22,2026-01-10,weekend_spike
bin,AMD-BIN-0279,AMD-Z-15,2026-01-10,collection_gap
bin,AMD-BIN-0174,AMD-Z-09,2026-01-10,weekend_spike
bin,AMD-BIN-0152,AMD-Z-08,2026-01-10,collection_gap
bin,AMD-BIN-0030,AMD-Z-02,2026-01-10,repeated_overflow
bin,AMD-BIN-0163,AMD-Z-09,2026-01-10,illegal_dumping_spike
bin,AMD-BIN-0384,AMD-Z-21,2026-01-10,illegal_dumping_spike
bin,AMD-BIN-0185,AMD-Z-10,2026-01-10,collection_gap
bin,AMD-BIN-0214,AMD-Z-11,2026-01-10,weekend_spike
bin,AMD-BIN-0004,AMD-Z-01,2026-01-10,festival_overload
bin,AMD-BIN-0097,AMD-Z-05,2026-01-10,collection_gap
bin,AMD-BIN-0456,AMD-Z-26,2026-01-10,overnight_dumping
bin,AMD-BIN-0576,AMD-Z-32,2026-01-10,weekend_spike
bin,AMD-BIN-0016,AMD-Z-01,2026-01-10,collection_gap
bin,AMD-BIN-0194,AMD-Z-11,2026-01-10,repeated_overflow
bin,AMD-BIN-0518,AMD-Z-29,2026-01-10,weekend_spike
bin,AMD-BIN-0180,AMD-Z-10,2026-01-11,illegal_dumping_spike
bin,AMD-BIN-0011,AMD-Z-01,2026-01-11,collection_gap
bin,AMD-BIN-0046,AMD-Z-03,2026-01-11,repeated_overflow
bin,AMD-BIN-0058,AMD-Z-03,2026-01-11,overnight_dumping
bin,AMD-BIN-0391,AMD-Z-22,2026-01-11,weekend_spike
bin,AMD-BIN-0443,AMD-Z-25,2026-01-11,festival_overload
bin,AMD-BIN-0185,AMD-Z-10,2026-01-11,collection_gap
bin,AMD-BIN-0214,AMD-Z-11,2026-01-11,weekend_spike
bin,AMD-BIN-0097,AMD-Z-05,2026-01-11,collection_gap
bin,AMD-BIN-0456,AMD-Z-26,2026-01-11,overnight_dumping
bin,AMD-BIN-0016,AMD-Z-01,2026-01-11,collection_gap
bin,AMD-BIN-0194,AMD-Z-11,2026-01-11,repeated_overflow
bin,AMD-BIN-0518,AMD-Z-29,2026-01-11,weekend_spike
bin,AMD-BIN-0046,AMD-Z-03,2026-01-12,repeated_overflow
bin,AMD-BIN-0120,AMD-Z-06,2026-01-12,repeated_overflow
bin,AMD-BIN-0402,AMD-Z-22,2026-01-12,illegal_dumping_spike
bin,AMD-BIN-0228,AMD-Z-12,2026-01-12,repeated_overflow
bin,AMD-BIN-0226,AMD-Z-12,2026-01-12,illegal_dumping_spike
bin,AMD-BIN-0097,AMD-Z-05,2026-01-12,collection_gap
bin,AMD-BIN-0194,AMD-Z-11,2026-01-12,repeated_overflow
bin,AMD-BIN-0583,AMD-Z-32,2026-01-12,composition_shift
zone,AMD-Z-33,AMD-Z-33,2026-01-12,zone_surge
bin,AMD-BIN-0535,AMD-Z-30,2026-01-13,repeated_overflow
bin,AMD-BIN-0120,AMD-Z-06,2026-01-13,repeated_overflow
bin,AMD-BIN-0477,AMD-Z-27,2026-01-13,collection_gap
bin,AMD-BIN-0228,AMD-Z-12,2026-01-13,repeated_overflow
bin,AMD-BIN-0226,AMD-Z-12,2026-01-13,illegal_dumping_spike
bin,AMD-BIN-0206,AMD-Z-11,2026-01-13,overnight_dumping
bin,AMD-BIN-0583,AMD-Z-32,2026-01-13,composition_shift
bin,AMD-BIN-0213,AMD-Z-11,2026-01-13,illegal_dumping_spike
zone,AMD-Z-15,AMD-Z-15,2026-01-13,zone_surge
bin,AMD-BIN-0535,AMD-Z-30,2026-01-14,repeated_overflow
bin,AMD-BIN-0120,AMD-Z-06,2026-01-14,repeated_overflow
bin,AMD-BIN-0009,AMD-Z-01,2026-01-14,overnight_dumping
bin,AMD-BIN-0359,AMD-Z-20,2026-01-14,illegal_dumping_spike
bin,AMD-BIN-0477,AMD-Z-27,2026-01-14,collection_gap
bin,AMD-BIN-0480,AMD-Z-27,2026-01-14,illegal_dumping_spike
bin,AMD-BIN-0228,AMD-Z-12,2026-01-14,repeated_overflow
bin,AMD-BIN-0190,AMD-Z-10,2026-01-14,collection_gap
bin,AMD-BIN-0351,AMD-Z-20,2026-01-14,illegal_dumping_spike
bin,AMD-BIN-0074,AMD-Z-04,2026-01-14,collection_gap
bin,AMD-BIN-0056,AMD-Z-03,2026-01-14,composition_shift
bin,AMD-BIN-0088,AMD-Z-05,2026-01-14,repeated_overflow
bin,AMD-BIN-0213,AMD-Z-11,2026-01-14,illegal_dumping_spike
bin,AMD-BIN-0535,AMD-Z-30,2026-01-15,repeated_overflow
bin,AMD-BIN-0448,AMD-Z-25,2026-01-15,overnight_dumping
bin,AMD-BIN-0120,AMD-Z-06,2026-01-15,repeated_overflow
bin,AMD-BIN-0009,AMD-Z-01,2026-01-15,overnight_dumping
bin,AMD-BIN-0359,AMD-Z-20,2026-01-15,illegal_dumping_spike
bin,AMD-BIN-0062,AMD-Z-03,2026-01-15,repeated_overflow
bin,AMD-BIN-0269,AMD-Z-15,2026-01-15,composition_shift
bin,AMD-BIN-0228,AMD-Z-12,2026-01-15,repeated_overflow
bin,AMD-BIN-0190,AMD-Z-10,2026-01-15,collection_gap
bin,AMD-BIN-0074,AMD-Z-04,2026-01-15,collection_gap
bin,AMD-BIN-0051,AMD-Z-03,2026-01-15,overnight_dumping
bin,AMD-BIN-0056,AMD-Z-03,2026-01-15,composition_shift
bin,AMD-BIN-0395,AMD-Z-22,2026-01-15,illegal_dumping_spike
bin,AMD-BIN-0088,AMD-Z-05,2026-01-15,repeated_overflow
bin,AMD-BIN-0313,AMD-Z-17,2026-01-15,overnight_dumping
bin,AMD-BIN-0465,AMD-Z-26,2026-01-15,illegal_dumping_spike
bin,AMD-BIN-0090,AMD-Z-05,2026-01-16,repeated_overflow
bin,AMD-BIN-0535,AMD-Z-30,2026-01-16,repeated_overflow
bin,AMD-BIN-0210,AMD-Z-11,2026-01-16,repeated_overflow
bin,AMD-BIN-0202,AMD-Z-11,2026-01-16,overnight_dumping
bin,AMD-BIN-0062,AMD-Z-03,2026-01-16,repeated_overflow
bin,AMD-BIN-0269,AMD-Z-15,2026-01-16,composition_shift
bin,AMD-BIN-0112,AMD-Z-06,2026-01-16,collection_gap
bin,AMD-BIN-0074,AMD-Z-04,2026-01-16,collection_gap
bin,AMD-BIN-0009,AMD-Z-01,2026-01-16,overnight_dumping
bin,AMD-BIN-0395,AMD-Z-22,2026-01-16,illegal_dumping_spike
bin,AMD-BIN-0088,AMD-Z-05,2026-01-16,repeated_overflow
bin,AMD-BIN-0373,AMD-Z-21,2026-01-16,composition_shift
bin,AMD-BIN-0465,AMD-Z-26,2026-01-16,illegal_dumping_spike
bin,AMD-BIN-0467,AMD-Z-26,2026-01-16,collection_gap
bin,AMD-BIN-0090,AMD-Z-05,2026-01-17,repeated_overflow
bin,AMD-BIN-0126,AMD-Z-07,2026-01-17,repeated_overflow
bin,AMD-BIN-0512,AMD-Z-28,2026-01-17,weekend_spike
bin,AMD-BIN-0585,AMD-Z-33,2026-01-17,weekend_spike
bin,AMD-BIN-0210,AMD-Z-11,2026-01-17,repeated_overflow
bin,AMD-BIN-0407,AMD-Z-23,2026-01-17,repeated_overflow
bin,AMD-BIN-0309,AMD-Z-17,2026-01-17,festival_overload
bin,AMD-BIN-0030,AMD-Z-02,2026-01-17,weekend_spike
bin,AMD-BIN-0062,AMD-Z-03,2026-01-17,repeated_overflow
bin,AMD-BIN-0112,AMD-Z-06,2026-01-17,collection_gap
bin,AMD-BIN-0055,AMD-Z-03,2026-01-17,weekend_spike
bin,AMD-BIN-0306,AMD-Z-17,2026-01-17,collection_gap
bin,AMD-BIN-0074,AMD-Z-04,2026-01-17,collection_gap
bin,AMD-BIN-0009,AMD-Z-01,2026-01-17,overnight_dumping
bin,AMD-BIN-0514,AMD-Z-28,2026-01-17,illegal_dumping_spike
bin,AMD-BIN-0537,AMD-Z-30,2026-01-17,weekend_spike
bin,AMD-BIN-0077,AMD-Z-04,2026-01-17,composition_shift
bin,AMD-BIN-0007,AMD-Z-01,2026-01-17,repeated_overflow
bin,AMD-BIN-0088,AMD-Z-05,2026-01-17,repeated_overflow
bin,AMD-BIN-0373,AMD-Z-21,2026-01-17,composition_shift
bin,AMD-BIN-0421,AMD-Z-23,2026-01-17,weekend_spike
bin,AMD-BIN-0182,AMD-Z-10,2026-01-17,weekend_spike
bin,AMD-BIN-0435,AMD-Z-24,2026-01-17,weekend_spike
bin,AMD-BIN-0467,AMD-Z-26,2026-01-17,collection_gap
bin,AMD-BIN-0505,AMD-Z-28,2026-01-18,composition_shift
bin,AMD-BIN-0493,AMD-Z-28,2026-01-18,collection_gap
bin,AMD-BIN-0090,AMD-Z-05,2026-01-18,repeated_overflow
bin,AMD-BIN-0126,AMD-Z-07,2026-01-18,repeated_overflow
bin,AMD-BIN-0017,AMD-Z-01,2026-01-18,overnight_dumping
bin,AMD-BIN-0175,AMD-Z-09,2026-01-18,illegal_dumping_spike
bin,AMD-BIN-0407,AMD-Z-23,2026-01-18,repeated_overflow
bin,AMD-BIN-0309,AMD-Z-17,2026-01-18,festival_overload
bin,AMD-BIN-0287,AMD-Z-16,2026-01-18,composition_shift
bin,AMD-BIN-0294,AMD-Z-16,2026-01-18,composition_shift
bin,AMD-BIN-0390,AMD-Z-22,2026-01-18,illegal_dumping_spike
bin,AMD-BIN-0112,AMD-Z-06,2026-01-18,collection_gap
bin,AMD-BIN-0306,AMD-Z-17,2026-01-18,collection_gap
bin,AMD-BIN-0514,AMD-Z-28,2026-01-18,illegal_dumping_spike
bin,AMD-BIN-0417,AMD-Z-23,2026-01-18,festival_overload
bin,AMD-BIN-0007,AMD-Z-01,2026-01-18,repeated_overflow
bin,AMD-BIN-0475,AMD-Z-27,2026-01-18,repeated_overflow
bin,AMD-BIN-0435,AMD-Z-24,2026-01-18,weekend_spike
bin,AMD-BIN-0467,AMD-Z-26,2026-01-18,collection_gap
bin,AMD-BIN-0505,AMD-Z-28,2026-01-19,composition_shift
bin,AMD-BIN-0493,AMD-Z-28,2026-01-19,collection_gap
bin,AMD-BIN-0090,AMD-Z-05,2026-01-19,repeated_overflow
bin,AMD-BIN-0126,AMD-Z-07,2026-01-19,repeated_overflow
bin,AMD-BIN-0175,AMD-Z-09,2026-01-19,illegal_dumping_spike
bin,AMD-BIN-0294,AMD-Z-16,2026-01-19,composition_shift
bin,AMD-BIN-0390,AMD-Z-22,2026-01-19,illegal_dumping_spike
bin,AMD-BIN-0051,AMD-Z-03,2026-01-19,composition_shift
bin,AMD-BIN-0468,AMD-Z-26,2026-01-19,collection_gap
bin,AMD-BIN-0467,AMD-Z-26,2026-01-19,collection_gap
bin,AMD-BIN-0112,AMD-Z-06,2026-01-19,collection_gap
bin,AMD-BIN-0474,AMD-Z-27,2026-01-19,overnight_dumping
bin,AMD-BIN-0030,AMD-Z-02,2026-01-19,overnight_dumping
bin,AMD-BIN-0417,AMD-Z-23,2026-01-19,festival_overload
bin,AMD-BIN-0007,AMD-Z-01,2026-01-19,repeated_overflow
bin,AMD-BIN-0475,AMD-Z-27,2026-01-19,repeated_overflow
bin,AMD-BIN-0271,AMD-Z-15,2026-01-19,illegal_dumping_spike
zone,AMD-Z-18,AMD-Z-18,2026-01-19,zone_surge
bin,AMD-BIN-0505,AMD-Z-28,2026-01-20,composition_shift
bin,AMD-BIN-0071,AMD-Z-04,2026-01-20,illegal_dumping_spike
bin,AMD-BIN-0294,AMD-Z-16,2026-01-20,composition_shift
bin,AMD-BIN-0051,AMD-Z-03,2026-01-20,composition_shift
bin,AMD-BIN-0468,AMD-Z-26,2026-01-20,collection_gap
bin,AMD-BIN-0467,AMD-Z-26,2026-01-20,collection_gap
bin,AMD-BIN-0557,AMD-Z-31,2026-01-20,overnight_dumping
bin,AMD-BIN-0474,AMD-Z-27,2026-01-20,overnight_dumping
bin,AMD-BIN-0030,AMD-Z-02,2026-01-20,overnight_dumping
bin,AMD-BIN-0585,AMD-Z-33,2026-01-20,collection_gap
bin,AMD-BIN-0292,AMD-Z-16,2026-01-20,illegal_dumping_spike
bin,AMD-BIN-0007,AMD-Z-01,2026-01-20,repeated_overflow
bin,AMD-BIN-0475,AMD-Z-27,2026-01-20,repeated_overflow
bin,AMD-BIN-0271,AMD-Z-15,2026-01-20,illegal_dumping_spike
bin,AMD-BIN-0274,AMD-Z-15,2026-01-20,collection_gap
bin,AMD-BIN-0175,AMD-Z-09,2026-01-20,composition_shift
bin,AMD-BIN-0577,AMD-Z-32,2026-01-21,illegal_dumping_spike
bin,AMD-BIN-0071,AMD-Z-04,2026-01-21,illegal_dumping_spike
bin,AMD-BIN-0183,AMD-Z-10,2026-01-21,illegal_dumping_spike
bin,AMD-BIN-0334,AMD-Z-19,2026-01-21,collection_gap
bin,AMD-BIN-0051,AMD-Z-03,2026-01-21,composition_shift
bin,AMD-BIN-0467,AMD-Z-26,2026-01-21,collection_gap
bin,AMD-BIN-0557,AMD-Z-31,2026-01-21,overnight_dumping
bin,AMD-BIN-0111,AMD-Z-06,2026-01-21,festival_overload
bin,AMD-BIN-0236,AMD-Z-13,2026-01-21,illegal_dumping_spike
bin,AMD-BIN-0026,AMD-Z-02,2026-01-21,overnight_dumping
bin,AMD-BIN-0441,AMD-Z-25,2026-01-21,festival_overload
bin,AMD-BIN-0585,AMD-Z-33,2026-01-21,collection_gap
bin,AMD-BIN-0131,AMD-Z-07,2026-01-21,festival_overload
bin,AMD-BIN-0274,AMD-Z-15,2026-01-21,collection_gap
bin,AMD-BIN-0479,AMD-Z-27,2026-01-21,repeated_overflow
bin,AMD-BIN-0175,AMD-Z-09,2026-01-21,composition_shift
bin,AMD-BIN-0252,AMD-Z-14,2026-01-21,collection_gap
bin,AMD-BIN-0351,AMD-Z-20,2026-01-21,repeated_overflow
zone,AMD-Z-32,AMD-Z-32,2026-01-21,zone_surge
zone,AMD-Z-04,AMD-Z-04,2026-01-21,zone_surge
bin,AMD-BIN-0082,AMD-Z-04,2026-01-22,collection_gap
bin,AMD-BIN-0055,AMD-Z-03,2026-01-22,illegal_dumping_spike
bin,AMD-BIN-0172,AMD-Z-09,2026-01-22,composition_shift
bin,AMD-BIN-0465,AMD-Z-26,2026-01-22,festival_overload
bin,AMD-BIN-0334,AMD-Z-19,2026-01-22,collection_gap
bin,AMD-BIN-0253,AMD-Z-14,2026-01-22,illegal_dumping_spike
bin,AMD-BIN-0066,AMD-Z-03,2026-01-22,illegal_dumping_spike
bin,AMD-BIN-0026,AMD-Z-02,2026-01-22,overnight_dumping
bin,AMD-BIN-0441,AMD-Z-25,2026-01-22,festival_overload
bin,AMD-BIN-0252,AMD-Z-14,2026-01-22,illegal_dumping_spike
bin,AMD-BIN-0585,AMD-Z-33,2026-01-22,collection_gap
bin,AMD-BIN-0556,AMD-Z-31,2026-01-22,illegal_dumping_spike
bin,AMD-BIN-0274,AMD-Z-15,2026-01-22,collection_gap
bin,AMD-BIN-0479,AMD-Z-27,2026-01-22,repeated_overflow
bin,AMD-BIN-0049,AMD-Z-03,2026-01-22,overnight_dumping
bin,AMD-BIN-0351,AMD-Z-20,2026-01-22,repeated_overflow
bin,AMD-BIN-0082,AMD-Z-04,2026-01-23,collection_gap
bin,AMD-BIN-0246,AMD-Z-13,2026-01-23,overnight_dumping
bin,AMD-BIN-0055,AMD-Z-03,2026-01-23,illegal_dumping_spike
bin,AMD-BIN-0125,AMD-Z-07,2026-01-23,illegal_dumping_spike
bin,AMD-BIN-0172,AMD-Z-09,2026-01-23,composition_shift
bin,AMD-BIN-0333,AMD-Z-19,2026-01-23,illegal_dumping_spike
bin,AMD-BIN-0334,AMD-Z-19,2026-01-23,collection_gap
bin,AMD-BIN-0296,AMD-Z-16,2026-01-23,illegal_dumping_spike
bin,AMD-BIN-0595,AMD-Z-33,2026-01-23,repeated_overflow
bin,AMD-BIN-0500,AMD-Z-28,2026-01-23,overnight_dumping
bin,AMD-BIN-0253,AMD-Z-14,2026-01-23,illegal_dumping_spike
bin,AMD-BIN-0066,AMD-Z-03,2026-01-23,illegal_dumping_spike
bin,AMD-BIN-0401,AMD-Z-22,2026-01-23,illegal_dumping_spike
bin,AMD-BIN-0113,AMD-Z-06,2026-01-23,collection_gap
bin,AMD-BIN-0252,AMD-Z-14,2026-01-23,illegal_dumping_spike
bin,AMD-BIN-0479,AMD-Z-27,2026-01-23,repeated_overflow
bin,AMD-BIN-0351,AMD-Z-20,2026-01-23,repeated_overflow
bin,AMD-BIN-0447,AMD-Z-25,2026-01-24,weekend_spike
bin,AMD-BIN-0368,AMD-Z-20,2026-01-24,repeated_overflow
bin,AMD-BIN-0085,AMD-Z-04,2026-01-24,collection_gap
bin,AMD-BIN-0246,AMD-Z-13,2026-01-24,overnight_dumping
bin,AMD-BIN-0430,AMD-Z-24,2026-01-24,illegal_dumping_spike
bin,AMD-BIN-0172,AMD-Z-09,2026-01-24,composition_shift
bin,AMD-BIN-0177,AMD-Z-10,2026-01-24,illegal_dumping_spike
bin,AMD-BIN-0334,AMD-Z-19,2026-01-24,collection_gap
bin,AMD-BIN-0296,AMD-Z-16,2026-01-24,illegal_dumping_spike
bin,AMD-BIN-0595,AMD-Z-33,2026-01-24,repeated_overflow
bin,AMD-BIN-0500,AMD-Z-28,2026-01-24,overnight_dumping
bin,AMD-BIN-0009,AMD-Z-01,2026-01-24,overnight_dumping
bin,AMD-BIN-0348,AMD-Z-19,2026-01-24,illegal_dumping_spike
bin,AMD-BIN-0064,AMD-Z-03,2026-01-24,repeated_overflow
bin,AMD-BIN-0113,AMD-Z-06,2026-01-24,collection_gap
bin,AMD-BIN-0402,AMD-Z-22,2026-01-24,illegal_dumping_spike
bin,AMD-BIN-0590,AMD-Z-33,2026-01-24,weekend_spike
bin,AMD-BIN-0121,AMD-Z-06,2026-01-24,weekend_spike
bin,AMD-BIN-0257,AMD-Z-14,2026-01-24,festival_overload
bin,AMD-BIN-0499,AMD-Z-28,2026-01-24,composition_shift
bin,AMD-BIN-0447,AMD-Z-25,2026-01-25,weekend_spike
bin,AMD-BIN-0368,AMD-Z-20,2026-01-25,repeated_overflow
bin,AMD-BIN-0545,AMD-Z-30,2026-01-25,festival_overload
bin,AMD-BIN-0085,AMD-Z-04,2026-01-25,collection_gap
bin,AMD-BIN-0011,AMD-Z-01,2026-01-25,repeated_overflow
bin,AMD-BIN-0382,AMD-Z-21,2026-01-25,repeated_overflow
bin,AMD-BIN-0430,AMD-Z-24,2026-01-25,illegal_dumping_spike
bin,AMD-BIN-0177,AMD-Z-10,2026-01-25,illegal_dumping_spike
bin,AMD-BIN-0009,AMD-Z-01,2026-01-25,overnight_dumping
bin,AMD-BIN-0064,AMD-Z-03,2026-01-25,repeated_overflow
bin,AMD-BIN-0113,AMD-Z-06,2026-01-25,collection_gap
bin,AMD-BIN-0402,AMD-Z-22,2026-01-25,illegal_dumping_spike
bin,AMD-BIN-0115,AMD-Z-06,2026-01-25,illegal_dumping_spike
bin,AMD-BIN-0590,AMD-Z-33,2026-01-25,weekend_spike
bin,AMD-BIN-0121,AMD-Z-06,2026-01-25,weekend_spike
bin,AMD-BIN-0018,AMD-Z-01,2026-01-25,collection_gap
bin,AMD-BIN-0257,AMD-Z-14,2026-01-25,festival_overload
zone,AMD-Z-30,AMD-Z-30,2026-01-25,zone_surge
bin,AMD-BIN-0172,AMD-Z-09,2026-01-26,festival_overload
bin,AMD-BIN-0368,AMD-Z-20,2026-01-26,repeated_overflow
bin,AMD-BIN-0140,AMD-Z-07,2026-01-26,collection_gap
bin,AMD-BIN-0085,AMD-Z-04,2026-01-26,collection_gap
bin,AMD-BIN-0011,AMD-Z-01,2026-01-26,repeated_overflow
bin,AMD-BIN-0382,AMD-Z-21,2026-01-26,repeated_overflow
bin,AMD-BIN-0032,AMD-Z-02,2026-01-26,collection_gap
bin,AMD-BIN-0064,AMD-Z-03,2026-01-26,repeated_overflow
bin,AMD-BIN-0018,AMD-Z-01,2026-01-26,collection_gap
zone,AMD-Z-26,AMD-Z-26,2026-01-26,zone_surge
bin,AMD-BIN-0140,AMD-Z-07,2026-01-27,collection_gap
bin,AMD-BIN-0336,AMD-Z-19,2026-01-27,collection_gap
bin,AMD-BIN-0213,AMD-Z-11,2026-01-27,collection_gap
bin,AMD-BIN-0199,AMD-Z-11,2026-01-27,repeated_overflow
bin,AMD-BIN-0382,AMD-Z-21,2026-01-27,repeated_overflow
bin,AMD-BIN-0279,AMD-Z-15,2026-01-27,composition_shift
bin,AMD-BIN-0556,AMD-Z-31,2026-01-27,illegal_dumping_spike
bin,AMD-BIN-0496,AMD-Z-28,2026-01-27,collection_gap
bin,AMD-BIN-0032,AMD-Z-02,2026-01-27,collection_gap
bin,AMD-BIN-0573,AMD-Z-32,2026-01-27,composition_shift
bin,AMD-BIN-0064,AMD-Z-03,2026-01-27,repeated_overflow
bin,AMD-BIN-0034,AMD-Z-02,2026-01-27,collection_gap
bin,AMD-BIN-0018,AMD-Z-01,2026-01-27,collection_gap
bin,AMD-BIN-0443,AMD-Z-25,2026-01-27,composition_shift
zone,AMD-Z-07,AMD-Z-07,2026-01-27,zone_surge
bin,AMD-BIN-0140,AMD-Z-07,2026-01-28,collection_gap
bin,AMD-BIN-0336,AMD-Z-19,2026-01-28,collection_gap
bin,AMD-BIN-0213,AMD-Z-11,2026-01-28,collection_gap
bin,AMD-BIN-0199,AMD-Z-11,2026-01-28,repeated_overflow
bin,AMD-BIN-0279,AMD-Z-15,2026-01-28,composition_shift
bin,AMD-BIN-0496,AMD-Z-28,2026-01-28,collection_gap
bin,AMD-BIN-0032,AMD-Z-02,2026-01-28,collection_gap
bin,AMD-BIN-0573,AMD-Z-32,2026-01-28,composition_shift
bin,AMD-BIN-0015,AMD-Z-01,2026-01-28,illegal_dumping_spike
bin,AMD-BIN-0192,AMD-Z-10,2026-01-28,composition_shift
bin,AMD-BIN-0371,AMD-Z-21,2026-01-28,composition_shift
bin,AMD-BIN-0509,AMD-Z-28,2026-01-28,overnight_dumping
bin,AMD-BIN-0477,AMD-Z-27,2026-01-28,overnight_dumping
bin,AMD-BIN-0034,AMD-Z-02,2026-01-28,collection_gap
bin,AMD-BIN-0196,AMD-Z-11,2026-01-28,composition_shift
bin,AMD-BIN-0535,AMD-Z-30,2026-01-28,repeated_overflow
bin,AMD-BIN-0095,AMD-Z-05,2026-01-28,festival_overload
bin,AMD-BIN-0029,AMD-Z-02,2026-01-28,composition_shift
bin,AMD-BIN-0018,AMD-Z-01,2026-01-28,collection_gap
bin,AMD-BIN-0140,AMD-Z-07,2026-01-29,collection_gap
bin,AMD-BIN-0264,AMD-Z-14,2026-01-29,collection_gap
bin,AMD-BIN-0071,AMD-Z-04,2026-01-29,illegal_dumping_spike
bin,AMD-BIN-0199,AMD-Z-11,2026-01-29,repeated_overflow
bin,AMD-BIN-0243,AMD-Z-13,2026-01-29,illegal_dumping_spike
bin,AMD-BIN-0279,AMD-Z-15,2026-01-29,composition_shift
bin,AMD-BIN-0573,AMD-Z-32,2026-01-29,composition_shift
bin,AMD-BIN-0192,AMD-Z-10,2026-01-29,composition_shift
bin,AMD-BIN-0371,AMD-Z-21,2026-01-29,composition_shift
bin,AMD-BIN-0509,AMD-Z-28,2026-01-29,overnight_dumping
bin,AMD-BIN-0482,AMD-Z-27,2026-01-29,composition_shift
bin,AMD-BIN-0196,AMD-Z-11,2026-01-29,composition_shift
bin,AMD-BIN-0535,AMD-Z-30,2026-01-29,repeated_overflow
bin,AMD-BIN-0095,AMD-Z-05,2026-01-29,festival_overload
bin,AMD-BIN-0029,AMD-Z-02,2026-01-29,composition_shift
bin,AMD-BIN-0329,AMD-Z-18,2026-01-29,illegal_dumping_spike
bin,AMD-BIN-0068,AMD-Z-04,2026-01-29,festival_overload
bin,AMD-BIN-0495,AMD-Z-28,2026-01-29,illegal_dumping_spike
bin,AMD-BIN-0264,AMD-Z-14,2026-01-30,collection_gap
bin,AMD-BIN-0223,AMD-Z-12,2026-01-30,collection_gap
bin,AMD-BIN-0199,AMD-Z-11,2026-01-30,repeated_overflow
bin,AMD-BIN-0275,AMD-Z-15,2026-01-30,illegal_dumping_spike
bin,AMD-BIN-0243,AMD-Z-13,2026-01-30,illegal_dumping_spike
bin,AMD-BIN-0216,AMD-Z-12,2026-01-30,illegal_dumping_spike
bin,AMD-BIN-0302,AMD-Z-17,2026-01-30,composition_shift
bin,AMD-BIN-0239,AMD-Z-13,2026-01-30,collection_gap
bin,AMD-BIN-0192,AMD-Z-10,2026-01-30,composition_shift
bin,AMD-BIN-0278,AMD-Z-15,2026-01-30,overnight_dumping
bin,AMD-BIN-0482,AMD-Z-27,2026-01-30,composition_shift
bin,AMD-BIN-0515,AMD-Z-29,2026-01-30,collection_gap
bin,AMD-BIN-0535,AMD-Z-30,2026-01-30,overnight_dumping
bin,AMD-BIN-0029,AMD-Z-02,2026-01-30,composition_shift
bin,AMD-BIN-0068,AMD-Z-04,2026-01-30,festival_overload
bin,AMD-BIN-0514,AMD-Z-28,2026-01-30,collection_gap
bin,AMD-BIN-0250,AMD-Z-14,2026-01-31,weekend_spike
bin,AMD-BIN-0225,AMD-Z-12,2026-01-31,weekend_spike
bin,AMD-BIN-0078,AMD-Z-04,2026-01-31,festival_overload
bin,AMD-BIN-0223,AMD-Z-12,2026-01-31,collection_gap
bin,AMD-BIN-0460,AMD-Z-26,2026-01-31,weekend_spike
bin,AMD-BIN-0158,AMD-Z-09,2026-01-31,repeated_overflow
bin,AMD-BIN-0079,AMD-Z-04,2026-01-31,weekend_spike
bin,AMD-BIN-0148,AMD-Z-08,2026-01-31,festival_overload
bin,AMD-BIN-0275,AMD-Z-15,2026-01-31,illegal_dumping_spike
bin,AMD-BIN-0216,AMD-Z-12,2026-01-31,illegal_dumping_spike
bin,AMD-BIN-0239,AMD-Z-13,2026-01-31,collection_gap
bin,AMD-BIN-0278,AMD-Z-15,2026-01-31,overnight_dumping
bin,AMD-BIN-0475,AMD-Z-27,2026-01-31,weekend_spike
bin,AMD-BIN-0136,AMD-Z-07,2026-01-31,weekend_spike
bin,AMD-BIN-0153,AMD-Z-08,2026-01-31,weekend_spike
bin,AMD-BIN-0174,AMD-Z-09,2026-01-31,collection_gap
bin,AMD-BIN-0515,AMD-Z-29,2026-01-31,collection_gap
bin,AMD-BIN-0037,AMD-Z-02,2026-01-31,weekend_spike
bin,AMD-BIN-0268,AMD-Z-15,2026-01-31,weekend_spike
bin,AMD-BIN-0139,AMD-Z-07,2026-01-31,weekend_spike
bin,AMD-BIN-0514,AMD-Z-28,2026-01-31,collection_gap
bin,AMD-BIN-0285,AMD-Z-16,2026-02-01,festival_overload
bin,AMD-BIN-0250,AMD-Z-14,2026-02-01,weekend_spike
bin,AMD-BIN-0225,AMD-Z-12,2026-02-01,weekend_spike
bin,AMD-BIN-0223,AMD-Z-12,2026-02-01,collection_gap
bin,AMD-BIN-0375,AMD-Z-21,2026-02-01,collection_gap
bin,AMD-BIN-0158,AMD-Z-09,2026-02-01,repeated_overflow
bin,AMD-BIN-0148,AMD-Z-08,2026-02-01,festival_overload
bin,AMD-BIN-0403,AMD-Z-22,2026-02-01,festival_overload
bin,AMD-BIN-0443,AMD-Z-25,2026-02-01,composition_shift
bin,AMD-BIN-0181,AMD-Z-10,2026-02-01,repeated_overflow
bin,AMD-BIN-0239,AMD-Z-13,2026-02-01,collection_gap
bin,AMD-BIN-0475,AMD-Z-27,2026-02-01,weekend_spike
bin,AMD-BIN-0063,AMD-Z-03,2026-02-01,composition_shift
bin,AMD-BIN-0136,AMD-Z-07,2026-02-01,weekend_spike
bin,AMD-BIN-0174,AMD-Z-09,2026-02-01,collection_gap
bin,AMD-BIN-0515,AMD-Z-29,2026-02-01,collection_gap
bin,AMD-BIN-0270,AMD-Z-15,2026-02-01,composition_shift
bin,AMD-BIN-0139,AMD-Z-07,2026-02-01,weekend_spike
bin,AMD-BIN-0514,AMD-Z-28,2026-02-01,collection_gap
bin,AMD-BIN-0285,AMD-Z-16,2026-02-02,festival_overload
bin,AMD-BIN-0375,AMD-Z-21,2026-02-02,collection_gap
bin,AMD-BIN-0158,AMD-Z-09,2026-02-02,repeated_overflow
bin,AMD-BIN-0311,AMD-Z-17,2026-02-02,illegal_dumping_spike
bin,AMD-BIN-0181,AMD-Z-10,2026-02-02,repeated_overflow
bin,AMD-BIN-0250,AMD-Z-14,2026-02-02,repeated_overflow
bin,AMD-BIN-0063,AMD-Z-03,2026-02-02,composition_shift
bin,AMD-BIN-0174,AMD-Z-09,2026-02-02,collection_gap
bin,AMD-BIN-0515,AMD-Z-29,2026-02-02,collection_gap
bin,AMD-BIN-0323,AMD-Z-18,2026-02-02,collection_gap
bin,AMD-BIN-0403,AMD-Z-22,2026-02-02,repeated_overflow
bin,AMD-BIN-0526,AMD-Z-29,2026-02-03,festival_overload
bin,AMD-BIN-0375,AMD-Z-21,2026-02-03,collection_gap
bin,AMD-BIN-0158,AMD-Z-09,2026-02-03,repeated_overflow
bin,AMD-BIN-0173,AMD-Z-09,2026-02-03,illegal_dumping_spike
bin,AMD-BIN-0392,AMD-Z-22,2026-02-03,composition_shift
bin,AMD-BIN-0378,AMD-Z-21,2026-02-03,illegal_dumping_spike
bin,AMD-BIN-0250,AMD-Z-14,2026-02-03,repeated_overflow
bin,AMD-BIN-0068,AMD-Z-04,2026-02-03,festival_overload
bin,AMD-BIN-0063,AMD-Z-03,2026-02-03,composition_shift
bin,AMD-BIN-0174,AMD-Z-09,2026-02-03,collection_gap
bin,AMD-BIN-0323,AMD-Z-18,2026-02-03,collection_gap
bin,AMD-BIN-0403,AMD-Z-22,2026-02-03,repeated_overflow
bin,AMD-BIN-0050,AMD-Z-03,2026-02-03,festival_overload
bin,AMD-BIN-0460,AMD-Z-26,2026-02-03,collection_gap
bin,AMD-BIN-0375,AMD-Z-21,2026-02-04,collection_gap
bin,AMD-BIN-0035,AMD-Z-02,2026-02-04,illegal_dumping_spike
bin,AMD-BIN-0357,AMD-Z-20,2026-02-04,composition_shift
bin,AMD-BIN-0499,AMD-Z-28,2026-02-04,repeated_overflow
bin,AMD-BIN-0378,AMD-Z-21,2026-02-04,illegal_dumping_spike
bin,AMD-BIN-0512,AMD-Z-28,2026-02-04,collection_gap
bin,AMD-BIN-0597,AMD-Z-33,2026-02-04,overnight_dumping
bin,AMD-BIN-0583,AMD-Z-32,2026-02-04,repeated_overflow
bin,AMD-BIN-0574,AMD-Z-32,2026-02-04,festival_overload
bin,AMD-BIN-0068,AMD-Z-04,2026-02-04,festival_overload
bin,AMD-BIN-0323,AMD-Z-18,2026-02-04,collection_gap
bin,AMD-BIN-0403,AMD-Z-22,2026-02-04,repeated_overflow
bin,AMD-BIN-0458,AMD-Z-26,2026-02-04,collection_gap
bin,AMD-BIN-0460,AMD-Z-26,2026-02-04,collection_gap
bin,AMD-BIN-0031,AMD-Z-02,2026-02-05,repeated_overflow
bin,AMD-BIN-0357,AMD-Z-20,2026-02-05,composition_shift
bin,AMD-BIN-0499,AMD-Z-28,2026-02-05,repeated_overflow
bin,AMD-BIN-0512,AMD-Z-28,2026-02-05,collection_gap
bin,AMD-BIN-0526,AMD-Z-29,2026-02-05,composition_shift
bin,AMD-BIN-0597,AMD-Z-33,2026-02-05,overnight_dumping
bin,AMD-BIN-0583,AMD-Z-32,2026-02-05,repeated_overflow
bin,AMD-BIN-0011,AMD-Z-01,2026-02-05,illegal_dumping_spike
bin,AMD-BIN-0403,AMD-Z-22,2026-02-05,repeated_overflow
bin,AMD-BIN-0458,AMD-Z-26,2026-02-05,collection_gap
bin,AMD-BIN-0460,AMD-Z-26,2026-02-05,collection_gap
bin,AMD-BIN-0031,AMD-Z-02,2026-02-06,repeated_overflow
bin,AMD-BIN-0400,AMD-Z-22,2026-02-06,collection_gap
bin,AMD-BIN-0357,AMD-Z-20,2026-02-06,composition_shift
bin,AMD-BIN-0499,AMD-Z-28,2026-02-06,repeated_overflow
bin,AMD-BIN-0042,AMD-Z-02,2026-02-06,overnight_dumping
bin,AMD-BIN-0526,AMD-Z-29,2026-02-06,composition_shift
bin,AMD-BIN-0519,AMD-Z-29,2026-02-06,festival_overload
bin,AMD-BIN-0011,AMD-Z-01,2026-02-06,illegal_dumping_spike
bin,AMD-BIN-0061,AMD-Z-03,2026-02-06,composition_shift
bin,AMD-BIN-0458,AMD-Z-26,2026-02-06,collection_gap
bin,AMD-BIN-0167,AMD-Z-09,2026-02-07,illegal_dumping_spike
bin,AMD-BIN-0433,AMD-Z-24,2026-02-07,illegal_dumping_spike
bin,AMD-BIN-0400,AMD-Z-22,2026-02-07,collection_gap
bin,AMD-BIN-0394,AMD-Z-22,2026-02-07,illegal_dumping_spike
bin,AMD-BIN-0314,AMD-Z-17,2026-02-07,weekend_spike
bin,AMD-BIN-0499,AMD-Z-28,2026-02-07,repeated_overflow
bin,AMD-BIN-0528,AMD-Z-29,2026-02-07,illegal_dumping_spike
bin,AMD-BIN-0390,AMD-Z-22,2026-02-07,illegal_dumping_spike
bin,AMD-BIN-0031,AMD-Z-02,2026-02-07,collection_gap
bin,AMD-BIN-0374,AMD-Z-21,2026-02-07,overnight_dumping
bin,AMD-BIN-0545,AMD-Z-30,2026-02-07,festival_overload
bin,AMD-BIN-0143,AMD-Z-08,2026-02-07,weekend_spike
bin,AMD-BIN-0061,AMD-Z-03,2026-02-07,composition_shift
bin,AMD-BIN-0503,AMD-Z-28,2026-02-07,illegal_dumping_spike
bin,AMD-BIN-0256,AMD-Z-14,2026-02-07,weekend_spike
bin,AMD-BIN-0289,AMD-Z-16,2026-02-07,composition_shift
bin,AMD-BIN-0028,AMD-Z-02,2026-02-07,composition_shift
bin,AMD-BIN-0458,AMD-Z-26,2026-02-07,collection_gap
bin,AMD-BIN-0360,AMD-Z-20,2026-02-08,overnight_dumping
bin,AMD-BIN-0167,AMD-Z-09,2026-02-08,illegal_dumping_spike
bin,AMD-BIN-0433,AMD-Z-24,2026-02-08,illegal_dumping_spike
bin,AMD-BIN-0394,AMD-Z-22,2026-02-08,illegal_dumping_spike
bin,AMD-BIN-0353,AMD-Z-20,2026-02-08,composition_shift
bin,AMD-BIN-0034,AMD-Z-02,2026-02-08,repeated_overflow
bin,AMD-BIN-0390,AMD-Z-22,2026-02-08,illegal_dumping_spike
bin,AMD-BIN-0387,AMD-Z-21,2026-02-08,collection_gap
bin,AMD-BIN-0374,AMD-Z-21,2026-02-08,overnight_dumping
bin,AMD-BIN-0224,AMD-Z-12,2026-02-08,collection_gap
bin,AMD-BIN-0256,AMD-Z-14,2026-02-08,weekend_spike
bin,AMD-BIN-0289,AMD-Z-16,2026-02-08,composition_shift
bin,AMD-BIN-0028,AMD-Z-02,2026-02-08,composition_shift
bin,AMD-BIN-0279,AMD-Z-15,2026-02-09,collection_gap
bin,AMD-BIN-0469,AMD-Z-26,2026-02-09,composition_shift
bin,AMD-BIN-0563,AMD-Z-31,2026-02-09,overnight_dumping
bin,AMD-BIN-0564,AMD-Z-31,2026-02-09,illegal_dumping_spike
bin,AMD-BIN-0353,AMD-Z-20,2026-02-09,composition_shift
bin,AMD-BIN-0186,AMD-Z-10,2026-02-09,illegal_dumping_spike
bin,AMD-BIN-0034,AMD-Z-02,2026-02-09,repeated_overflow
bin,AMD-BIN-0101,AMD-Z-05,2026-02-09,repeated_overflow
bin,AMD-BIN-0285,AMD-Z-16,2026-02-09,overnight_dumping
bin,AMD-BIN-0387,AMD-Z-21,2026-02-09,collection_gap
bin,AMD-BIN-0566,AMD-Z-31,2026-02-09,collection_gap
bin,AMD-BIN-0054,AMD-Z-03,2026-02-09,composition_shift
bin,AMD-BIN-0433,AMD-Z-24,2026-02-09,overnight_dumping
bin,AMD-BIN-0224,AMD-Z-12,2026-02-09,collection_gap
bin,AMD-BIN-0376,AMD-Z-21,2026-02-09,illegal_dumping_spike
bin,AMD-BIN-0531,AMD-Z-29,2026-02-09,collection_gap
bin,AMD-BIN-0028,AMD-Z-02,2026-02-09,composition_shift
bin,AMD-BIN-0426,AMD-Z-24,2026-02-10,composition_shift
bin,AMD-BIN-0279,AMD-Z-15,2026-02-10,collection_gap
bin,AMD-BIN-0469,AMD-Z-26,2026-02-10,composition_shift
bin,AMD-BIN-0284,AMD-Z-16,2026-02-10,overnight_dumping
bin,AMD-BIN-0238,AMD-Z-13,2026-02-10,collection_gap
bin,AMD-BIN-0353,AMD-Z-20,2026-02-10,composition_shift
bin,AMD-BIN-0186,AMD-Z-10,2026-02-10,illegal_dumping_spike
bin,AMD-BIN-0018,AMD-Z-01,2026-02-10,illegal_dumping_spike
bin,AMD-BIN-0034,AMD-Z-02,2026-02-10,repeated_overflow
bin,AMD-BIN-0101,AMD-Z-05,2026-02-10,repeated_overflow
bin,AMD-BIN-0158,AMD-Z-09,2026-02-10,illegal_dumping_spike
bin,AMD-BIN-0532,AMD-Z-30,2026-02-10,collection_gap
bin,AMD-BIN-0298,AMD-Z-16,2026-02-10,overnight_dumping
bin,AMD-BIN-0566,AMD-Z-31,2026-02-10,collection_gap
bin,AMD-BIN-0054,AMD-Z-03,2026-02-10,composition_shift
bin,AMD-BIN-0224,AMD-Z-12,2026-02-10,collection_gap
bin,AMD-BIN-0163,AMD-Z-09,2026-02-10,repeated_overflow
bin,AMD-BIN-0531,AMD-Z-29,2026-02-10,collection_gap
zone,AMD-Z-04,AMD-Z-04,2026-02-10,zone_surge
zone,AMD-Z-29,AMD-Z-29,2026-02-10,zone_surge
bin,AMD-BIN-0426,AMD-Z-24,2026-02-11,composition_shift
bin,AMD-BIN-0210,AMD-Z-11,2026-02-11,illegal_dumping_spike
bin,AMD-BIN-0279,AMD-Z-15,2026-02-11,collection_gap
bin,AMD-BIN-0284,AMD-Z-16,2026-02-11,overnight_dumping
bin,AMD-BIN-0239,AMD-Z-13,2026-02-11,illegal_dumping_spike
bin,AMD-BIN-0334,AMD-Z-19,2026-02-11,repeated_overflow
bin,AMD-BIN-0238,AMD-Z-13,2026-02-11,collection_gap
bin,AMD-BIN-0034,AMD-Z-02,2026-02-11,repeated_overflow
bin,AMD-BIN-0101,AMD-Z-05,2026-02-11,repeated_overflow
bin,AMD-BIN-0532,AMD-Z-30,2026-02-11,collection_gap
bin,AMD-BIN-0103,AMD-Z-05,2026-02-11,illegal_dumping_spike
bin,AMD-BIN-0087,AMD-Z-05,2026-02-11,collection_gap
bin,AMD-BIN-0047,AMD-Z-03,2026-02-11,repeated_overflow
bin,AMD-BIN-0298,AMD-Z-16,2026-02-11,repeated_overflow
bin,AMD-BIN-0566,AMD-Z-31,2026-02-11,collection_gap
bin,AMD-BIN-0224,AMD-Z-12,2026-02-11,collection_gap
bin,AMD-BIN-0163,AMD-Z-09,2026-02-11,repeated_overflow
bin,AMD-BIN-0531,AMD-Z-29,2026-02-11,collection_gap
bin,AMD-BIN-0130,AMD-Z-07,2026-02-11,collection_gap
bin,AMD-BIN-0210,AMD-Z-11,2026-02-12,illegal_dumping_spike
bin,AMD-BIN-0239,AMD-Z-13,2026-02-12,illegal_dumping_spike
bin,AMD-BIN-0334,AMD-Z-19,2026-02-12,repeated_overflow
bin,AMD-BIN-0238,AMD-Z-13,2026-02-12,collection_gap
bin,AMD-BIN-0203,AMD-Z-11,2026-02-12,composition_shift
bin,AMD-BIN-0532,AMD-Z-30,2026-02-12,collection_gap
bin,AMD-BIN-0087,AMD-Z-05,2026-02-12,collection_gap
bin,AMD-BIN-0247,AMD-Z-13,2026-02-12,repeated_overflow
bin,AMD-BIN-0047,AMD-Z-03,2026-02-12,repeated_overflow
bin,AMD-BIN-0298,AMD-Z-16,2026-02-12,repeated_overflow
bin,AMD-BIN-0566,AMD-Z-31,2026-02-12,collection_gap
bin,AMD-BIN-0518,AMD-Z-29,2026-02-12,collection_gap
bin,AMD-BIN-0590,AMD-Z-33,2026-02-12,overnight_dumping
bin,AMD-BIN-0163,AMD-Z-09,2026-02-12,repeated_overflow
bin,AMD-BIN-0531,AMD-Z-29,2026-02-12,collection_gap
bin,AMD-BIN-0130,AMD-Z-07,2026-02-12,collection_gap
bin,AMD-BIN-0348,AMD-Z-19,2026-02-12,illegal_dumping_spike
bin,AMD-BIN-0334,AMD-Z-19,2026-02-13,repeated_overflow
bin,AMD-BIN-0458,AMD-Z-26,2026-02-13,repeated_overflow
bin,AMD-BIN-0203,AMD-Z-11,2026-02-13,composition_shift
bin,AMD-BIN-0532,AMD-Z-30,2026-02-13,collection_gap
bin,AMD-BIN-0087,AMD-Z-05,2026-02-13,collection_gap
bin,AMD-BIN-0534,AMD-Z-30,2026-02-13,composition_shift
bin,AMD-BIN-0247,AMD-Z-13,2026-02-13,repeated_overflow
bin,AMD-BIN-0047,AMD-Z-03,2026-02-13,repeated_overflow
bin,AMD-BIN-0331,AMD-Z-18,2026-02-13,collection_gap
bin,AMD-BIN-0298,AMD-Z-16,2026-02-13,repeated_overflow
bin,AMD-BIN-0294,AMD-Z-16,2026-02-13,illegal_dumping_spike
bin,AMD-BIN-0518,AMD-Z-29,2026-02-13,collection_gap
bin,AMD-BIN-0476,AMD-Z-27,2026-02-13,collection_gap
bin,AMD-BIN-0040,AMD-Z-02,2026-02-13,illegal_dumping_spike
bin,AMD-BIN-0432,AMD-Z-24,2026-02-13,overnight_dumping
bin,AMD-BIN-0189,AMD-Z-10,2026-02-13,illegal_dumping_spike
bin,AMD-BIN-0163,AMD-Z-09,2026-02-13,repeated_overflow
bin,AMD-BIN-0009,AMD-Z-01,2026-02-14,illegal_dumping_spike
bin,AMD-BIN-0334,AMD-Z-19,2026-02-14,repeated_overflow
bin,AMD-BIN-0458,AMD-Z-26,2026-02-14,repeated_overflow
bin,AMD-BIN-0192,AMD-Z-10,2026-02-14,composition_shift
bin,AMD-BIN-0525,AMD-Z-29,2026-02-14,weekend_spike
bin,AMD-BIN-0057,AMD-Z-03,2026-02-14,composition_shift
bin,AMD-BIN-0324,AMD-Z-18,2026-02-14,weekend_spike
bin,AMD-BIN-0087,AMD-Z-05,2026-02-14,collection_gap
bin,AMD-BIN-0534,AMD-Z-30,2026-02-14,composition_shift
bin,AMD-BIN-0247,AMD-Z-13,2026-02-14,repeated_overflow
bin,AMD-BIN-0047,AMD-Z-03,2026-02-14,repeated_overflow
bin,AMD-BIN-0331,AMD-Z-18,2026-02-14,collection_gap
bin,AMD-BIN-0088,AMD-Z-05,2026-02-14,weekend_spike
bin,AMD-BIN-0402,AMD-Z-22,2026-02-14,weekend_spike
bin,AMD-BIN-0518,AMD-Z-29,2026-02-14,collection_gap
bin,AMD-BIN-0299,AMD-Z-17,2026-02-14,weekend_spike
bin,AMD-BIN-0476,AMD-Z-27,2026-02-14,collection_gap
bin,AMD-BIN-0040,AMD-Z-02,2026-02-14,illegal_dumping_spike
bin,AMD-BIN-0551,AMD-Z-30,2026-02-14,overnight_dumping
bin,AMD-BIN-0189,AMD-Z-10,2026-02-14,illegal_dumping_spike
bin,AMD-BIN-0427,AMD-Z-24,2026-02-14,weekend_spike
bin,AMD-BIN-0362,AMD-Z-20,2026-02-14,collection_gap
bin,AMD-BIN-0327,AMD-Z-18,2026-02-14,festival_overload
bin,AMD-BIN-0331,AMD-Z-18,2026-02-15,overnight_dumping
bin,AMD-BIN-0009,AMD-Z-01,2026-02-15,illegal_dumping_spike
bin,AMD-BIN-0458,AMD-Z-26,2026-02-15,repeated_overflow
bin,AMD-BIN-0192,AMD-Z-10,2026-02-15,composition_shift
bin,AMD-BIN-0339,AMD-Z-19,2026-02-15,composition_shift
bin,AMD-BIN-0525,AMD-Z-29,2026-02-15,weekend_spike
bin,AMD-BIN-0161,AMD-Z-09,2026-02-15,illegal_dumping_spike
bin,AMD-BIN-0166,AMD-Z-09,2026-02-15,repeated_overflow
bin,AMD-BIN-0174,AMD-Z-09,2026-02-15,overnight_dumping
bin,AMD-BIN-0088,AMD-Z-05,2026-02-15,weekend_spike
bin,AMD-BIN-0443,AMD-Z-25,2026-02-15,overnight_dumping
bin,AMD-BIN-0518,AMD-Z-29,2026-02-15,collection_gap
bin,AMD-BIN-0299,AMD-Z-17,2026-02-15,weekend_spike
bin,AMD-BIN-0476,AMD-Z-27,2026-02-15,collection_gap
bin,AMD-BIN-0337,AMD-Z-19,2026-02-15,festival_overload
bin,AMD-BIN-0259,AMD-Z-14,2026-02-15,overnight_dumping
bin,AMD-BIN-0362,AMD-Z-20,2026-02-15,collection_gap
bin,AMD-BIN-0331,AMD-Z-18,2026-02-16,overnight_dumping
bin,AMD-BIN-0248,AMD-Z-13,2026-02-16,repeated_overflow
bin,AMD-BIN-0458,AMD-Z-26,2026-02-16,repeated_overflow
bin,AMD-BIN-0192,AMD-Z-10,2026-02-16,composition_shift
bin,AMD-BIN-0526,AMD-Z-29,2026-02-16,illegal_dumping_spike
bin,AMD-BIN-0339,AMD-Z-19,2026-02-16,composition_shift
bin,AMD-BIN-0161,AMD-Z-09,2026-02-16,illegal_dumping_spike
bin,AMD-BIN-0166,AMD-Z-09,2026-02-16,repeated_overflow
bin,AMD-BIN-0443,AMD-Z-25,2026-02-16,overnight_dumping
bin,AMD-BIN-0558,AMD-Z-31,2026-02-16,collection_gap
bin,AMD-BIN-0259,AMD-Z-14,2026-02-16,overnight_dumping
bin,AMD-BIN-0362,AMD-Z-20,2026-02-16,collection_gap
bin,AMD-BIN-0114,AMD-Z-06,2026-02-16,festival_overload
bin,AMD-BIN-0357,AMD-Z-20,2026-02-17,composition_shift
bin,AMD-BIN-0532,AMD-Z-30,2026-02-17,overnight_dumping
bin,AMD-BIN-0248,AMD-Z-13,2026-02-17,repeated_overflow
bin,AMD-BIN-0350,AMD-Z-20,2026-02-17,composition_shift
bin,AMD-BIN-0526,AMD-Z-29,2026-02-17,illegal_dumping_spike
bin,AMD-BIN-0339,AMD-Z-19,2026-02-17,composition_shift
bin,AMD-BIN-0264,AMD-Z-14,2026-02-17,overnight_dumping
bin,AMD-BIN-0166,AMD-Z-09,2026-02-17,repeated_overflow
bin,AMD-BIN-0599,AMD-Z-33,2026-02-17,illegal_dumping_spike
bin,AMD-BIN-0558,AMD-Z-31,2026-02-17,collection_gap
bin,AMD-BIN-0397,AMD-Z-22,2026-02-17,collection_gap
bin,AMD-BIN-0573,AMD-Z-32,2026-02-17,composition_shift
bin,AMD-BIN-0226,AMD-Z-12,2026-02-17,repeated_overflow
bin,AMD-BIN-0362,AMD-Z-20,2026-02-17,collection_gap
bin,AMD-BIN-0062,AMD-Z-03,2026-02-17,illegal_dumping_spike
bin,AMD-BIN-0429,AMD-Z-24,2026-02-17,repeated_overflow
bin,AMD-BIN-0114,AMD-Z-06,2026-02-17,festival_overload
bin,AMD-BIN-0357,AMD-Z-20,2026-02-18,composition_shift
bin,AMD-BIN-0185,AMD-Z-10,2026-02-18,illegal_dumping_spike
bin,AMD-BIN-0136,AMD-Z-07,2026-02-18,illegal_dumping_spike
bin,AMD-BIN-0248,AMD-Z-13,2026-02-18,repeated_overflow
bin,AMD-BIN-0171,AMD-Z-09,2026-02-18,repeated_overflow
bin,AMD-BIN-0388,AMD-Z-22,2026-02-18,repeated_overflow
bin,AMD-BIN-0270,AMD-Z-15,2026-02-18,composition_shift
bin,AMD-BIN-0068,AMD-Z-04,2026-02-18,overnight_dumping
bin,AMD-BIN-0166,AMD-Z-09,2026-02-18,repeated_overflow
bin,AMD-BIN-0159,AMD-Z-09,2026-02-18,illegal_dumping_spike
bin,AMD-BIN-0501,AMD-Z-28,2026-02-18,repeated_overflow
bin,AMD-BIN-0397,AMD-Z-22,2026-02-18,collection_gap
bin,AMD-BIN-0352,AMD-Z-20,2026-02-18,illegal_dumping_spike
bin,AMD-BIN-0573,AMD-Z-32,2026-02-18,composition_shift
bin,AMD-BIN-0226,AMD-Z-12,2026-02-18,repeated_overflow
bin,AMD-BIN-0062,AMD-Z-03,2026-02-18,illegal_dumping_spike
bin,AMD-BIN-0408,AMD-Z-23,2026-02-18,overnight_dumping
bin,AMD-BIN-0429,AMD-Z-24,2026-02-18,repeated_overflow
bin,AMD-BIN-0357,AMD-Z-20,2026-02-19,composition_shift
bin,AMD-BIN-0185,AMD-Z-10,2026-02-19,illegal_dumping_spike
bin,AMD-BIN-0201,AMD-Z-11,2026-02-19,overnight_dumping
bin,AMD-BIN-0233,AMD-Z-13,2026-02-19,repeated_overflow
bin,AMD-BIN-0248,AMD-Z-13,2026-02-19,repeated_overflow
bin,AMD-BIN-0171,AMD-Z-09,2026-02-19,repeated_overflow
bin,AMD-BIN-0388,AMD-Z-22,2026-02-19,repeated_overflow
bin,AMD-BIN-0337,AMD-Z-19,2026-02-19,collection_gap
bin,AMD-BIN-0461,AMD-Z-26,2026-02-19,festival_overload
bin,AMD-BIN-0068,AMD-Z-04,2026-02-19,overnight_dumping
bin,AMD-BIN-0567,AMD-Z-31,2026-02-19,illegal_dumping_spike
bin,AMD-BIN-0515,AMD-Z-29,2026-02-19,illegal_dumping_spike
bin,AMD-BIN-0114,AMD-Z-06,2026-02-19,collection_gap
bin,AMD-BIN-0539,AMD-Z-30,2026-02-19,collection_gap
bin,AMD-BIN-0501,AMD-Z-28,2026-02-19,repeated_overflow
bin,AMD-BIN-0020,AMD-Z-01,2026-02-19,overnight_dumping
bin,AMD-BIN-0502,AMD-Z-28,2026-02-19,repeated_overflow
bin,AMD-BIN-0573,AMD-Z-32,2026-02-19,composition_shift
bin,AMD-BIN-0408,AMD-Z-23,2026-02-19,overnight_dumping
bin,AMD-BIN-0429,AMD-Z-24,2026-02-19,repeated_overflow
bin,AMD-BIN-0086,AMD-Z-04,2026-02-19,illegal_dumping_spike
bin,AMD-BIN-0269,AMD-Z-15,2026-02-19,illegal_dumping_spike
zone,AMD-Z-02,AMD-Z-02,2026-02-19,zone_surge
bin,AMD-BIN-0088,AMD-Z-05,2026-02-20,festival_overload
bin,AMD-BIN-0233,AMD-Z-13,2026-02-20,repeated_overflow
bin,AMD-BIN-0171,AMD-Z-09,2026-02-20,repeated_overflow
bin,AMD-BIN-0388,AMD-Z-22,2026-02-20,repeated_overflow
bin,AMD-BIN-0073,AMD-Z-04,2026-02-20,collection_gap
bin,AMD-BIN-0337,AMD-Z-19,2026-02-20,collection_gap
bin,AMD-BIN-0567,AMD-Z-31,2026-02-20,illegal_dumping_spike
bin,AMD-BIN-0114,AMD-Z-06,2026-02-20,collection_gap
bin,AMD-BIN-0539,AMD-Z-30,2026-02-20,collection_gap
bin,AMD-BIN-0501,AMD-Z-28,2026-02-20,repeated_overflow
bin,AMD-BIN-0020,AMD-Z-01,2026-02-20,overnight_dumping
bin,AMD-BIN-0502,AMD-Z-28,2026-02-20,repeated_overflow
bin,AMD-BIN-0086,AMD-Z-04,2026-02-20,illegal_dumping_spike
bin,AMD-BIN-0515,AMD-Z-29,2026-02-20,illegal_dumping_spike
bin,AMD-BIN-0269,AMD-Z-15,2026-02-20,illegal_dumping_spike
bin,AMD-BIN-0233,AMD-Z-13,2026-02-21,repeated_overflow
bin,AMD-BIN-0041,AMD-Z-02,2026-02-21,overnight_dumping
bin,AMD-BIN-0551,AMD-Z-30,2026-02-21,collection_gap
bin,AMD-BIN-0073,AMD-Z-04,2026-02-21,collection_gap
bin,AMD-BIN-0051,AMD-Z-03,2026-02-21,weekend_spike
bin,AMD-BIN-0337,AMD-Z-19,2026-02-21,collection_gap
bin,AMD-BIN-0354,AMD-Z-20,2026-02-21,composition_shift
bin,AMD-BIN-0211,AMD-Z-11,2026-02-21,weekend_spike
bin,AMD-BIN-0596,AMD-Z-33,2026-02-21,repeated_overflow
bin,AMD-BIN-0539,AMD-Z-30,2026-02-21,collection_gap
bin,AMD-BIN-0209,AMD-Z-11,2026-02-21,festival_overload
bin,AMD-BIN-0502,AMD-Z-28,2026-02-21,repeated_overflow
bin,AMD-BIN-0515,AMD-Z-29,2026-02-21,illegal_dumping_spike
bin,AMD-BIN-0187,AMD-Z-10,2026-02-21,composition_shift
bin,AMD-BIN-0233,AMD-Z-13,2026-02-22,repeated_overflow
bin,AMD-BIN-0041,AMD-Z-02,2026-02-22,overnight_dumping
bin,AMD-BIN-0551,AMD-Z-30,2026-02-22,collection_gap
bin,AMD-BIN-0073,AMD-Z-04,2026-02-22,collection_gap
bin,AMD-BIN-0051,AMD-Z-03,2026-02-22,weekend_spike
bin,AMD-BIN-0034,AMD-Z-02,2026-02-22,collection_gap
bin,AMD-BIN-0180,AMD-Z-10,2026-02-22,composition_shift
bin,AMD-BIN-0211,AMD-Z-11,2026-02-22,weekend_spike
bin,AMD-BIN-0296,AMD-Z-16,2026-02-22,collection_gap
bin,AMD-BIN-0596,AMD-Z-33,2026-02-22,repeated_overflow
bin,AMD-BIN-0539,AMD-Z-30,2026-02-22,collection_gap
bin,AMD-BIN-0209,AMD-Z-11,2026-02-22,festival_overload
bin,AMD-BIN-0502,AMD-Z-28,2026-02-22,repeated_overflow
bin,AMD-BIN-0104,AMD-Z-05,2026-02-22,collection_gap
bin,AMD-BIN-0190,AMD-Z-10,2026-02-22,collection_gap
bin,AMD-BIN-0428,AMD-Z-24,2026-02-22,illegal_dumping_spike
bin,AMD-BIN-0187,AMD-Z-10,2026-02-22,composition_shift
bin,AMD-BIN-0381,AMD-Z-21,2026-02-23,repeated_overflow
bin,AMD-BIN-0449,AMD-Z-25,2026-02-23,overnight_dumping
bin,AMD-BIN-0073,AMD-Z-04,2026-02-23,collection_gap
bin,AMD-BIN-0034,AMD-Z-02,2026-02-23,collection_gap
bin,AMD-BIN-0296,AMD-Z-16,2026-02-23,collection_gap
bin,AMD-BIN-0596,AMD-Z-33,2026-02-23,repeated_overflow
bin,AMD-BIN-0126,AMD-Z-07,2026-02-23,collection_gap
bin,AMD-BIN-0057,AMD-Z-03,2026-02-23,illegal_dumping_spike
bin,AMD-BIN-0545,AMD-Z-30,2026-02-23,illegal_dumping_spike
bin,AMD-BIN-0104,AMD-Z-05,2026-02-23,collection_gap
bin,AMD-BIN-0190,AMD-Z-10,2026-02-23,collection_gap
bin,AMD-BIN-0428,AMD-Z-24,2026-02-23,illegal_dumping_spike
bin,AMD-BIN-0070,AMD-Z-04,2026-02-23,overnight_dumping
bin,AMD-BIN-0381,AMD-Z-21,2026-02-24,repeated_overflow
bin,AMD-BIN-0444,AMD-Z-25,2026-02-24,festival_overload
bin,AMD-BIN-0119,AMD-Z-06,2026-02-24,illegal_dumping_spike
bin,AMD-BIN-0035,AMD-Z-02,2026-02-24,illegal_dumping_spike
bin,AMD-BIN-0034,AMD-Z-02,2026-02-24,collection_gap
bin,AMD-BIN-0181,AMD-Z-10,2026-02-24,composition_shift
bin,AMD-BIN-0367,AMD-Z-20,2026-02-24,composition_shift
bin,AMD-BIN-0296,AMD-Z-16,2026-02-24,collection_gap
bin,AMD-BIN-0596,AMD-Z-33,2026-02-24,repeated_overflow
bin,AMD-BIN-0126,AMD-Z-07,2026-02-24,collection_gap
bin,AMD-BIN-0545,AMD-Z-30,2026-02-24,illegal_dumping_spike
bin,AMD-BIN-0104,AMD-Z-05,2026-02-24,collection_gap
bin,AMD-BIN-0190,AMD-Z-10,2026-02-24,collection_gap
bin,AMD-BIN-0270,AMD-Z-15,2026-02-24,illegal_dumping_spike
zone,AMD-Z-23,AMD-Z-23,2026-02-24,zone_surge
bin,AMD-BIN-0381,AMD-Z-21,2026-02-25,repeated_overflow
bin,AMD-BIN-0444,AMD-Z-25,2026-02-25,festival_overload
bin,AMD-BIN-0451,AMD-Z-25,2026-02-25,repeated_overflow
bin,AMD-BIN-0027,AMD-Z-02,2026-02-25,collection_gap
bin,AMD-BIN-0181,AMD-Z-10,2026-02-25,composition_shift
bin,AMD-BIN-0319,AMD-Z-18,2026-02-25,illegal_dumping_spike
bin,AMD-BIN-0367,AMD-Z-20,2026-02-25,composition_shift
bin,AMD-BIN-0296,AMD-Z-16,2026-02-25,collection_gap
bin,AMD-BIN-0126,AMD-Z-07,2026-02-25,collection_gap
bin,AMD-BIN-0465,AMD-Z-26,2026-02-25,illegal_dumping_spike
bin,AMD-BIN-0190,AMD-Z-10,2026-02-25,collection_gap
bin,AMD-BIN-0019,AMD-Z-01,2026-02-25,composition_shift
bin,AMD-BIN-0270,AMD-Z-15,2026-02-25,illegal_dumping_spike
bin,AMD-BIN-0119,AMD-Z-06,2026-02-25,composition_shift
zone,AMD-Z-17,AMD-Z-17,2026-02-25,zone_surge
bin,AMD-BIN-0010,AMD-Z-01,2026-02-26,repeated_overflow
bin,AMD-BIN-0381,AMD-Z-21,2026-02-26,repeated_overflow
bin,AMD-BIN-0451,AMD-Z-25,2026-02-26,repeated_overflow
bin,AMD-BIN-0125,AMD-Z-07,2026-02-26,collection_gap
bin,AMD-BIN-0027,AMD-Z-02,2026-02-26,collection_gap
bin,AMD-BIN-0345,AMD-Z-19,2026-02-26,illegal_dumping_spike
bin,AMD-BIN-0319,AMD-Z-18,2026-02-26,illegal_dumping_spike
bin,AMD-BIN-0367,AMD-Z-20,2026-02-26,composition_shift
bin,AMD-BIN-0026,AMD-Z-02,2026-02-26,collection_gap
bin,AMD-BIN-0126,AMD-Z-07,2026-02-26,collection_gap
bin,AMD-BIN-0255,AMD-Z-14,2026-02-26,illegal_dumping_spike
bin,AMD-BIN-0465,AMD-Z-26,2026-02-26,illegal_dumping_spike
bin,AMD-BIN-0019,AMD-Z-01,2026-02-26,composition_shift
bin,AMD-BIN-0119,AMD-Z-06,2026-02-26,composition_shift
bin,AMD-BIN-0470,AMD-Z-26,2026-02-27,illegal_dumping_spike
bin,AMD-BIN-0010,AMD-Z-01,2026-02-27,repeated_overflow
bin,AMD-BIN-0125,AMD-Z-07,2026-02-27,collection_gap
bin,AMD-BIN-0104,AMD-Z-05,2026-02-27,overnight_dumping
bin,AMD-BIN-0259,AMD-Z-14,2026-02-27,collection_gap
bin,AMD-BIN-0458,AMD-Z-26,2026-02-27,illegal_dumping_spike
bin,AMD-BIN-0569,AMD-Z-32,2026-02-27,illegal_dumping_spike
bin,AMD-BIN-0026,AMD-Z-02,2026-02-27,collection_gap
bin,AMD-BIN-0423,AMD-Z-24,2026-02-27,collection_gap
bin,AMD-BIN-0255,AMD-Z-14,2026-02-27,illegal_dumping_spike
bin,AMD-BIN-0211,AMD-Z-11,2026-02-27,illegal_dumping_spike
bin,AMD-BIN-0141,AMD-Z-08,2026-02-27,repeated_overflow
bin,AMD-BIN-0095,AMD-Z-05,2026-02-27,collection_gap
bin,AMD-BIN-0119,AMD-Z-06,2026-02-27,composition_shift
bin,AMD-BIN-0550,AMD-Z-30,2026-02-28,weekend_spike
bin,AMD-BIN-0320,AMD-Z-18,2026-02-28,weekend_spike
bin,AMD-BIN-0010,AMD-Z-01,2026-02-28,repeated_overflow
bin,AMD-BIN-0407,AMD-Z-23,2026-02-28,weekend_spike
bin,AMD-BIN-0232,AMD-Z-12,2026-02-28,collection_gap
bin,AMD-BIN-0096,AMD-Z-05,2026-02-28,illegal_dumping_spike
bin,AMD-BIN-0125,AMD-Z-07,2026-02-28,collection_gap
bin,AMD-BIN-0581,AMD-Z-32,2026-02-28,weekend_spike
bin,AMD-BIN-0493,AMD-Z-28,2026-02-28,illegal_dumping_spike
bin,AMD-BIN-0259,AMD-Z-14,2026-02-28,collection_gap
bin,AMD-BIN-0151,AMD-Z-08,2026-02-28,weekend_spike
bin,AMD-BIN-0082,AMD-Z-04,2026-02-28,weekend_spike
bin,AMD-BIN-0489,AMD-Z-27,2026-02-28,composition_shift
bin,AMD-BIN-0026,AMD-Z-02,2026-02-28,collection_gap
bin,AMD-BIN-0423,AMD-Z-24,2026-02-28,collection_gap
bin,AMD-BIN-0141,AMD-Z-08,2026-02-28,repeated_overflow
bin,AMD-BIN-0304,AMD-Z-17,2026-02-28,composition_shift
bin,AMD-BIN-0245,AMD-Z-13,2026-02-28,collection_gap
bin,AMD-BIN-0408,AMD-Z-23,2026-02-28,collection_gap
bin,AMD-BIN-0095,AMD-Z-05,2026-02-28,collection_gap
bin,AMD-BIN-0025,AMD-Z-02,2026-02-28,illegal_dumping_spike
bin,AMD-BIN-0414,AMD-Z-23,2026-03-01,festival_overload
bin,AMD-BIN-0550,AMD-Z-30,2026-03-01,weekend_spike
bin,AMD-BIN-0320,AMD-Z-18,2026-03-01,weekend_spike
bin,AMD-BIN-0010,AMD-Z-01,2026-03-01,repeated_overflow
bin,AMD-BIN-0407,AMD-Z-23,2026-03-01,weekend_spike
bin,AMD-BIN-0232,AMD-Z-12,2026-03-01,collection_gap
bin,AMD-BIN-0481,AMD-Z-27,2026-03-01,illegal_dumping_spike
bin,AMD-BIN-0096,AMD-Z-05,2026-03-01,illegal_dumping_spike
bin,AMD-BIN-0244,AMD-Z-13,2026-03-01,illegal_dumping_spike
bin,AMD-BIN-0581,AMD-Z-32,2026-03-01,weekend_spike
bin,AMD-BIN-0082,AMD-Z-04,2026-03-01,weekend_spike
bin,AMD-BIN-0292,AMD-Z-16,2026-03-01,illegal_dumping_spike
bin,AMD-BIN-0003,AMD-Z-01,2026-03-01,overnight_dumping
bin,AMD-BIN-0489,AMD-Z-27,2026-03-01,composition_shift
bin,AMD-BIN-0026,AMD-Z-02,2026-03-01,collection_gap
bin,AMD-BIN-0141,AMD-Z-08,2026-03-01,repeated_overflow
bin,AMD-BIN-0253,AMD-Z-14,2026-03-01,composition_shift
bin,AMD-BIN-0304,AMD-Z-17,2026-03-01,composition_shift
bin,AMD-BIN-0245,AMD-Z-13,2026-03-01,collection_gap
bin,AMD-BIN-0408,AMD-Z-23,2026-03-01,collection_gap
bin,AMD-BIN-0598,AMD-Z-33,2026-03-02,festival_overload
bin,AMD-BIN-0232,AMD-Z-12,2026-03-02,collection_gap
bin,AMD-BIN-0481,AMD-Z-27,2026-03-02,illegal_dumping_spike
bin,AMD-BIN-0043,AMD-Z-02,2026-03-02,overnight_dumping
bin,AMD-BIN-0315,AMD-Z-18,2026-03-02,illegal_dumping_spike
bin,AMD-BIN-0489,AMD-Z-27,2026-03-02,composition_shift
bin,AMD-BIN-0362,AMD-Z-20,2026-03-02,overnight_dumping
bin,AMD-BIN-0516,AMD-Z-29,2026-03-02,collection_gap
bin,AMD-BIN-0141,AMD-Z-08,2026-03-02,repeated_overflow
bin,AMD-BIN-0038,AMD-Z-02,2026-03-02,composition_shift
bin,AMD-BIN-0253,AMD-Z-14,2026-03-02,composition_shift
bin,AMD-BIN-0304,AMD-Z-17,2026-03-02,composition_shift
bin,AMD-BIN-0134,AMD-Z-07,2026-03-02,overnight_dumping
bin,AMD-BIN-0245,AMD-Z-13,2026-03-02,collection_gap
zone,AMD-Z-08,AMD-Z-08,2026-03-02,zone_surge
bin,AMD-BIN-0598,AMD-Z-33,2026-03-03,festival_overload
bin,AMD-BIN-0043,AMD-Z-02,2026-03-03,overnight_dumping
bin,AMD-BIN-0315,AMD-Z-18,2026-03-03,illegal_dumping_spike
bin,AMD-BIN-0516,AMD-Z-29,2026-03-03,collection_gap
bin,AMD-BIN-0473,AMD-Z-27,2026-03-03,collection_gap
bin,AMD-BIN-0338,AMD-Z-19,2026-03-03,overnight_dumping
bin,AMD-BIN-0417,AMD-Z-23,2026-03-03,festival_overload
bin,AMD-BIN-0245,AMD-Z-13,2026-03-03,collection_gap
bin,AMD-BIN-0305,AMD-Z-17,2026-03-03,repeated_overflow
bin,AMD-BIN-0533,AMD-Z-30,2026-03-04,composition_shift
bin,AMD-BIN-0192,AMD-Z-10,2026-03-04,illegal_dumping_spike
bin,AMD-BIN-0389,AMD-Z-22,2026-03-04,collection_gap
bin,AMD-BIN-0475,AMD-Z-27,2026-03-04,illegal_dumping_spike
bin,AMD-BIN-0516,AMD-Z-29,2026-03-04,collection_gap
bin,AMD-BIN-0473,AMD-Z-27,2026-03-04,collection_gap
bin,AMD-BIN-0338,AMD-Z-19,2026-03-04,overnight_dumping
bin,AMD-BIN-0493,AMD-Z-28,2026-03-04,illegal_dumping_spike
bin,AMD-BIN-0305,AMD-Z-17,2026-03-04,repeated_overflow
bin,AMD-BIN-0466,AMD-Z-26,2026-03-04,composition_shift
bin,AMD-BIN-0137,AMD-Z-07,2026-03-05,collection_gap
bin,AMD-BIN-0533,AMD-Z-30,2026-03-05,composition_shift
bin,AMD-BIN-0088,AMD-Z-05,2026-03-05,illegal_dumping_spike
bin,AMD-BIN-0389,AMD-Z-22,2026-03-05,collection_gap
bin,AMD-BIN-0356,AMD-Z-20,2026-03-05,repeated_overflow
bin,AMD-BIN-0282,AMD-Z-15,2026-03-05,illegal_dumping_spike
bin,AMD-BIN-0516,AMD-Z-29,2026-03-05,collection_gap
bin,AMD-BIN-0473,AMD-Z-27,2026-03-05,collection_gap
bin,AMD-BIN-0566,AMD-Z-31,2026-03-05,illegal_dumping_spike
bin,AMD-BIN-0493,AMD-Z-28,2026-03-05,illegal_dumping_spike
bin,AMD-BIN-0536,AMD-Z-30,2026-03-05,repeated_overflow
bin,AMD-BIN-0166,AMD-Z-09,2026-03-05,overnight_dumping
bin,AMD-BIN-0305,AMD-Z-17,2026-03-05,repeated_overflow
bin,AMD-BIN-0466,AMD-Z-26,2026-03-05,composition_shift
bin,AMD-BIN-0042,AMD-Z-02,2026-03-06,composition_shift
bin,AMD-BIN-0405,AMD-Z-22,2026-03-06,overnight_dumping
bin,AMD-BIN-0137,AMD-Z-07,2026-03-06,festival_overload
bin,AMD-BIN-0502,AMD-Z-28,2026-03-06,collection_gap
bin,AMD-BIN-0186,AMD-Z-10,2026-03-06,festival_overload
bin,AMD-BIN-0389,AMD-Z-22,2026-03-06,collection_gap
bin,AMD-BIN-0356,AMD-Z-20,2026-03-06,repeated_overflow
bin,AMD-BIN-0316,AMD-Z-18,2026-03-06,illegal_dumping_spike
bin,AMD-BIN-0282,AMD-Z-15,2026-03-06,illegal_dumping_spike
bin,AMD-BIN-0566,AMD-Z-31,2026-03-06,illegal_dumping_spike
bin,AMD-BIN-0444,AMD-Z-25,2026-03-06,illegal_dumping_spike
bin,AMD-BIN-0068,AMD-Z-04,2026-03-06,illegal_dumping_spike
bin,AMD-BIN-0536,AMD-Z-30,2026-03-06,repeated_overflow
bin,AMD-BIN-0157,AMD-Z-08,2026-03-06,repeated_overflow
bin,AMD-BIN-0166,AMD-Z-09,2026-03-06,overnight_dumping
bin,AMD-BIN-0305,AMD-Z-17,2026-03-06,repeated_overflow
bin,AMD-BIN-0042,AMD-Z-02,2026-03-07,composition_shift
bin,AMD-BIN-0405,AMD-Z-22,2026-03-07,overnight_dumping
bin,AMD-BIN-0110,AMD-Z-06,2026-03-07,illegal_dumping_spike
bin,AMD-BIN-0137,AMD-Z-07,2026-03-07,festival_overload
bin,AMD-BIN-0140,AMD-Z-07,2026-03-07,weekend_spike
bin,AMD-BIN-0171,AMD-Z-09,2026-03-07,overnight_dumping
bin,AMD-BIN-0357,AMD-Z-20,2026-03-07,illegal_dumping_spike
bin,AMD-BIN-0502,AMD-Z-28,2026-03-07,collection_gap
bin,AMD-BIN-0265,AMD-Z-14,2026-03-07,repeated_overflow
bin,AMD-BIN-0186,AMD-Z-10,2026-03-07,festival_overload
bin,AMD-BIN-0009,AMD-Z-01,2026-03-07,overnight_dumping
bin,AMD-BIN-0465,AMD-Z-26,2026-03-07,weekend_spike
bin,AMD-BIN-0309,AMD-Z-17,2026-03-07,repeated_overflow
bin,AMD-BIN-0107,AMD-Z-06,2026-03-07,collection_gap
bin,AMD-BIN-0389,AMD-Z-22,2026-03-07,collection_gap
bin,AMD-BIN-0210,AMD-Z-11,2026-03-07,weekend_spike
bin,AMD-BIN-0316,AMD-Z-18,2026-03-07,illegal_dumping_spike
bin,AMD-BIN-0116,AMD-Z-06,2026-03-07,collection_gap
bin,AMD-BIN-0518,AMD-Z-29,2026-03-07,weekend_spike
bin,AMD-BIN-0068,AMD-Z-04,2026-03-07,illegal_dumping_spike
bin,AMD-BIN-0157,AMD-Z-08,2026-03-07,repeated_overflow
bin,AMD-BIN-0576,AMD-Z-32,2026-03-07,overnight_dumping
bin,AMD-BIN-0570,AMD-Z-32,2026-03-07,overnight_dumping
zone,AMD-Z-26,AMD-Z-26,2026-03-07,zone_surge
zone,AMD-Z-29,AMD-Z-29,2026-03-07,zone_surge
bin,AMD-BIN-0042,AMD-Z-02,2026-03-08,composition_shift
bin,AMD-BIN-0110,AMD-Z-06,2026-03-08,illegal_dumping_spike
bin,AMD-BIN-0266,AMD-Z-15,2026-03-08,collection_gap
bin,AMD-BIN-0263,AMD-Z-14,2026-03-08,composition_shift
bin,AMD-BIN-0140,AMD-Z-07,2026-03-08,weekend_spike
bin,AMD-BIN-0137,AMD-Z-07,2026-03-08,collection_gap
bin,AMD-BIN-0502,AMD-Z-28,2026-03-08,collection_gap
bin,AMD-BIN-0265,AMD-Z-14,2026-03-08,repeated_overflow
bin,AMD-BIN-0009,AMD-Z-01,2026-03-08,overnight_dumping
bin,AMD-BIN-0309,AMD-Z-17,2026-03-08,repeated_overflow
bin,AMD-BIN-0107,AMD-Z-06,2026-03-08,collection_gap
bin,AMD-BIN-0116,AMD-Z-06,2026-03-08,collection_gap
bin,AMD-BIN-0195,AMD-Z-11,2026-03-08,repeated_overflow
bin,AMD-BIN-0383,AMD-Z-21,2026-03-08,collection_gap
bin,AMD-BIN-0126,AMD-Z-07,2026-03-08,overnight_dumping
bin,AMD-BIN-0518,AMD-Z-29,2026-03-08,weekend_spike
bin,AMD-BIN-0576,AMD-Z-32,2026-03-08,overnight_dumping
bin,AMD-BIN-0570,AMD-Z-32,2026-03-08,overnight_dumping
bin,AMD-BIN-0308,AMD-Z-17,2026-03-09,festival_overload
bin,AMD-BIN-0266,AMD-Z-15,2026-03-09,collection_gap
bin,AMD-BIN-0263,AMD-Z-14,2026-03-09,composition_shift
bin,AMD-BIN-0092,AMD-Z-05,2026-03-09,illegal_dumping_spike
bin,AMD-BIN-0277,AMD-Z-15,2026-03-09,composition_shift
bin,AMD-BIN-0309,AMD-Z-17,2026-03-09,repeated_overflow
bin,AMD-BIN-0056,AMD-Z-03,2026-03-09,repeated_overflow
bin,AMD-BIN-0116,AMD-Z-06,2026-03-09,collection_gap
bin,AMD-BIN-0527,AMD-Z-29,2026-03-09,composition_shift
bin,AMD-BIN-0195,AMD-Z-11,2026-03-09,repeated_overflow
bin,AMD-BIN-0383,AMD-Z-21,2026-03-09,collection_gap
bin,AMD-BIN-0216,AMD-Z-12,2026-03-09,illegal_dumping_spike
bin,AMD-BIN-0126,AMD-Z-07,2026-03-09,overnight_dumping
bin,AMD-BIN-0432,AMD-Z-24,2026-03-09,overnight_dumping
bin,AMD-BIN-0567,AMD-Z-31,2026-03-09,collection_gap
bin,AMD-BIN-0033,AMD-Z-02,2026-03-09,overnight_dumping
bin,AMD-BIN-0366,AMD-Z-20,2026-03-09,illegal_dumping_spike
bin,AMD-BIN-0077,AMD-Z-04,2026-03-09,illegal_dumping_spike
bin,AMD-BIN-0002,AMD-Z-01,2026-03-09,illegal_dumping_spike
bin,AMD-BIN-0595,AMD-Z-33,2026-03-09,repeated_overflow
bin,AMD-BIN-0316,AMD-Z-18,2026-03-09,overnight_dumping
bin,AMD-BIN-0308,AMD-Z-17,2026-03-10,festival_overload
bin,AMD-BIN-0266,AMD-Z-15,2026-03-10,collection_gap
bin,AMD-BIN-0263,AMD-Z-14,2026-03-10,collection_gap
bin,AMD-BIN-0056,AMD-Z-03,2026-03-10,repeated_overflow
bin,AMD-BIN-0116,AMD-Z-06,2026-03-10,collection_gap
bin,AMD-BIN-0527,AMD-Z-29,2026-03-10,composition_shift
bin,AMD-BIN-0373,AMD-Z-21,2026-03-10,collection_gap
bin,AMD-BIN-0195,AMD-Z-11,2026-03-10,repeated_overflow
bin,AMD-BIN-0575,AMD-Z-32,2026-03-10,repeated_overflow
bin,AMD-BIN-0383,AMD-Z-21,2026-03-10,collection_gap
bin,AMD-BIN-0567,AMD-Z-31,2026-03-10,collection_gap
bin,AMD-BIN-0366,AMD-Z-20,2026-03-10,illegal_dumping_spike
bin,AMD-BIN-0595,AMD-Z-33,2026-03-10,repeated_overflow
bin,AMD-BIN-0316,AMD-Z-18,2026-03-10,overnight_dumping
bin,AMD-BIN-0266,AMD-Z-15,2026-03-11,collection_gap
bin,AMD-BIN-0493,AMD-Z-28,2026-03-11,repeated_overflow
bin,AMD-BIN-0263,AMD-Z-14,2026-03-11,collection_gap
bin,AMD-BIN-0056,AMD-Z-03,2026-03-11,repeated_overflow
bin,AMD-BIN-0527,AMD-Z-29,2026-03-11,composition_shift
bin,AMD-BIN-0373,AMD-Z-21,2026-03-11,collection_gap
bin,AMD-BIN-0575,AMD-Z-32,2026-03-11,repeated_overflow
bin,AMD-BIN-0383,AMD-Z-21,2026-03-11,collection_gap
bin,AMD-BIN-0256,AMD-Z-14,2026-03-11,illegal_dumping_spike
bin,AMD-BIN-0567,AMD-Z-31,2026-03-11,collection_gap
bin,AMD-BIN-0454,AMD-Z-25,2026-03-11,overnight_dumping
bin,AMD-BIN-0599,AMD-Z-33,2026-03-12,collection_gap
bin,AMD-BIN-0293,AMD-Z-16,2026-03-12,collection_gap
bin,AMD-BIN-0286,AMD-Z-16,2026-03-12,overnight_dumping
bin,AMD-BIN-0493,AMD-Z-28,2026-03-12,repeated_overflow
bin,AMD-BIN-0263,AMD-Z-14,2026-03-12,collection_gap
bin,AMD-BIN-0373,AMD-Z-21,2026-03-12,collection_gap
bin,AMD-BIN-0575,AMD-Z-32,2026-03-12,repeated_overflow
bin,AMD-BIN-0425,AMD-Z-24,2026-03-12,festival_overload
bin,AMD-BIN-0256,AMD-Z-14,2026-03-12,illegal_dumping_spike
bin,AMD-BIN-0454,AMD-Z-25,2026-03-12,overnight_dumping
bin,AMD-BIN-0256,AMD-Z-14,2026-03-13,composition_shift
bin,AMD-BIN-0569,AMD-Z-32,2026-03-13,repeated_overflow
bin,AMD-BIN-0599,AMD-Z-33,2026-03-13,collection_gap
bin,AMD-BIN-0293,AMD-Z-16,2026-03-13,collection_gap
bin,AMD-BIN-0487,AMD-Z-27,2026-03-13,illegal_dumping_spike
bin,AMD-BIN-0286,AMD-Z-16,2026-03-13,overnight_dumping
bin,AMD-BIN-0493,AMD-Z-28,2026-03-13,repeated_overflow
bin,AMD-BIN-0360,AMD-Z-20,2026-03-13,festival_overload
bin,AMD-BIN-0575,AMD-Z-32,2026-03-13,repeated_overflow
bin,AMD-BIN-0421,AMD-Z-23,2026-03-13,collection_gap
bin,AMD-BIN-0425,AMD-Z-24,2026-03-13,festival_overload
bin,AMD-BIN-0043,AMD-Z-02,2026-03-13,overnight_dumping
bin,AMD-BIN-0523,AMD-Z-29,2026-03-13,composition_shift
bin,AMD-BIN-0433,AMD-Z-24,2026-03-13,overnight_dumping
zone,AMD-Z-03,AMD-Z-03,2026-03-13,zone_surge
zone,AMD-Z-13,AMD-Z-13,2026-03-13,zone_surge
bin,AMD-BIN-0011,AMD-Z-01,2026-03-14,weekend_spike
bin,AMD-BIN-0256,AMD-Z-14,2026-03-14,composition_shift
bin,AMD-BIN-0464,AMD-Z-26,2026-03-14,weekend_spike
bin,AMD-BIN-0447,AMD-Z-25,2026-03-14,weekend_spike
bin,AMD-BIN-0569,AMD-Z-32,2026-03-14,repeated_overflow
bin,AMD-BIN-0583,AMD-Z-32,2026-03-14,weekend_spike
bin,AMD-BIN-0052,AMD-Z-03,2026-03-14,weekend_spike
bin,AMD-BIN-0293,AMD-Z-16,2026-03-14,collection_gap
bin,AMD-BIN-0394,AMD-Z-22,2026-03-14,collection_gap
bin,AMD-BIN-0487,AMD-Z-27,2026-03-14,illegal_dumping_spike
bin,AMD-BIN-0311,AMD-Z-17,2026-03-14,collection_gap
bin,AMD-BIN-0493,AMD-Z-28,2026-03-14,repeated_overflow
bin,AMD-BIN-0331,AMD-Z-18,2026-03-14,weekend_spike
bin,AMD-BIN-0421,AMD-Z-23,2026-03-14,collection_gap
bin,AMD-BIN-0154,AMD-Z-08,2026-03-14,overnight_dumping
bin,AMD-BIN-0451,AMD-Z-25,2026-03-14,weekend_spike
bin,AMD-BIN-0347,AMD-Z-19,2026-03-14,weekend_spike
bin,AMD-BIN-0523,AMD-Z-29,2026-03-14,composition_shift
bin,AMD-BIN-0327,AMD-Z-18,2026-03-14,weekend_spike
bin,AMD-BIN-0599,AMD-Z-33,2026-03-14,collection_gap
bin,AMD-BIN-0413,AMD-Z-23,2026-03-14,festival_overload
bin,AMD-BIN-0011,AMD-Z-01,2026-03-15,weekend_spike
bin,AMD-BIN-0569,AMD-Z-32,2026-03-15,repeated_overflow
bin,AMD-BIN-0394,AMD-Z-22,2026-03-15,collection_gap
bin,AMD-BIN-0199,AMD-Z-11,2026-03-15,composition_shift
bin,AMD-BIN-0241,AMD-Z-13,2026-03-15,overnight_dumping
bin,AMD-BIN-0311,AMD-Z-17,2026-03-15,collection_gap
bin,AMD-BIN-0256,AMD-Z-14,2026-03-15,composition_shift
bin,AMD-BIN-0421,AMD-Z-23,2026-03-15,collection_gap
bin,AMD-BIN-0154,AMD-Z-08,2026-03-15,overnight_dumping
bin,AMD-BIN-0480,AMD-Z-27,2026-03-15,festival_overload
bin,AMD-BIN-0528,AMD-Z-29,2026-03-15,illegal_dumping_spike
bin,AMD-BIN-0188,AMD-Z-10,2026-03-15,repeated_overflow
bin,AMD-BIN-0451,AMD-Z-25,2026-03-15,weekend_spike
bin,AMD-BIN-0347,AMD-Z-19,2026-03-15,weekend_spike
bin,AMD-BIN-0244,AMD-Z-13,2026-03-15,repeated_overflow
bin,AMD-BIN-0327,AMD-Z-18,2026-03-15,weekend_spike
bin,AMD-BIN-0599,AMD-Z-33,2026-03-15,collection_gap
bin,AMD-BIN-0413,AMD-Z-23,2026-03-15,festival_overload
bin,AMD-BIN-0362,AMD-Z-20,2026-03-16,composition_shift
bin,AMD-BIN-0569,AMD-Z-32,2026-03-16,repeated_overflow
bin,AMD-BIN-0352,AMD-Z-20,2026-03-16,illegal_dumping_spike
bin,AMD-BIN-0199,AMD-Z-11,2026-03-16,composition_shift
bin,AMD-BIN-0324,AMD-Z-18,2026-03-16,illegal_dumping_spike
bin,AMD-BIN-0562,AMD-Z-31,2026-03-16,collection_gap
bin,AMD-BIN-0251,AMD-Z-14,2026-03-16,collection_gap
bin,AMD-BIN-0241,AMD-Z-13,2026-03-16,overnight_dumping
bin,AMD-BIN-0311,AMD-Z-17,2026-03-16,collection_gap
bin,AMD-BIN-0219,AMD-Z-12,2026-03-16,collection_gap
bin,AMD-BIN-0469,AMD-Z-26,2026-03-16,collection_gap
bin,AMD-BIN-0421,AMD-Z-23,2026-03-16,collection_gap
bin,AMD-BIN-0188,AMD-Z-10,2026-03-16,repeated_overflow
bin,AMD-BIN-0244,AMD-Z-13,2026-03-16,repeated_overflow
bin,AMD-BIN-0450,AMD-Z-25,2026-03-16,collection_gap
bin,AMD-BIN-0599,AMD-Z-33,2026-03-16,collection_gap
bin,AMD-BIN-0399,AMD-Z-22,2026-03-17,festival_overload
bin,AMD-BIN-0362,AMD-Z-20,2026-03-17,composition_shift
bin,AMD-BIN-0352,AMD-Z-20,2026-03-17,illegal_dumping_spike
bin,AMD-BIN-0324,AMD-Z-18,2026-03-17,illegal_dumping_spike
bin,AMD-BIN-0562,AMD-Z-31,2026-03-17,collection_gap
bin,AMD-BIN-0251,AMD-Z-14,2026-03-17,collection_gap
bin,AMD-BIN-0219,AMD-Z-12,2026-03-17,collection_gap
bin,AMD-BIN-0469,AMD-Z-26,2026-03-17,collection_gap
bin,AMD-BIN-0344,AMD-Z-19,2026-03-17,overnight_dumping
bin,AMD-BIN-0291,AMD-Z-16,2026-03-17,repeated_overflow
bin,AMD-BIN-0168,AMD-Z-09,2026-03-17,overnight_dumping
bin,AMD-BIN-0244,AMD-Z-13,2026-03-17,repeated_overflow
bin,AMD-BIN-0504,AMD-Z-28,2026-03-17,festival_overload
bin,AMD-BIN-0450,AMD-Z-25,2026-03-17,collection_gap
zone,AMD-Z-30,AMD-Z-30,2026-03-17,zone_surge
bin,AMD-BIN-0303,AMD-Z-17,2026-03-18,collection_gap
bin,AMD-BIN-0499,AMD-Z-28,2026-03-18,illegal_dumping_spike
bin,AMD-BIN-0130,AMD-Z-07,2026-03-18,collection_gap
bin,AMD-BIN-0371,AMD-Z-21,2026-03-18,composition_shift
bin,AMD-BIN-0100,AMD-Z-05,2026-03-18,collection_gap
bin,AMD-BIN-0562,AMD-Z-31,2026-03-18,collection_gap
bin,AMD-BIN-0251,AMD-Z-14,2026-03-18,collection_gap
bin,AMD-BIN-0481,AMD-Z-27,2026-03-18,illegal_dumping_spike
bin,AMD-BIN-0219,AMD-Z-12,2026-03-18,collection_gap
bin,AMD-BIN-0526,AMD-Z-29,2026-03-18,collection_gap
bin,AMD-BIN-0285,AMD-Z-16,2026-03-18,illegal_dumping_spike
bin,AMD-BIN-0386,AMD-Z-21,2026-03-18,overnight_dumping
bin,AMD-BIN-0356,AMD-Z-20,2026-03-18,festival_overload
bin,AMD-BIN-0476,AMD-Z-27,2026-03-18,repeated_overflow
bin,AMD-BIN-0291,AMD-Z-16,2026-03-18,repeated_overflow
bin,AMD-BIN-0548,AMD-Z-30,2026-03-18,collection_gap
bin,AMD-BIN-0244,AMD-Z-13,2026-03-18,repeated_overflow
bin,AMD-BIN-0504,AMD-Z-28,2026-03-18,festival_overload
bin,AMD-BIN-0557,AMD-Z-31,2026-03-18,festival_overload
bin,AMD-BIN-0569,AMD-Z-32,2026-03-19,collection_gap
bin,AMD-BIN-0303,AMD-Z-17,2026-03-19,collection_gap
bin,AMD-BIN-0285,AMD-Z-16,2026-03-19,festival_overload
bin,AMD-BIN-0349,AMD-Z-19,2026-03-19,illegal_dumping_spike
bin,AMD-BIN-0130,AMD-Z-07,2026-03-19,collection_gap
bin,AMD-BIN-0100,AMD-Z-05,2026-03-19,collection_gap
bin,AMD-BIN-0481,AMD-Z-27,2026-03-19,illegal_dumping_spike
bin,AMD-BIN-0219,AMD-Z-12,2026-03-19,collection_gap
bin,AMD-BIN-0526,AMD-Z-29,2026-03-19,collection_gap
bin,AMD-BIN-0386,AMD-Z-21,2026-03-19,overnight_dumping
bin,AMD-BIN-0476,AMD-Z-27,2026-03-19,repeated_overflow
bin,AMD-BIN-0291,AMD-Z-16,2026-03-19,repeated_overflow
bin,AMD-BIN-0548,AMD-Z-30,2026-03-19,collection_gap
bin,AMD-BIN-0415,AMD-Z-23,2026-03-19,illegal_dumping_spike
bin,AMD-BIN-0453,AMD-Z-25,2026-03-19,collection_gap
bin,AMD-BIN-0069,AMD-Z-04,2026-03-19,illegal_dumping_spike
bin,AMD-BIN-0569,AMD-Z-32,2026-03-20,collection_gap
bin,AMD-BIN-0118,AMD-Z-06,2026-03-20,composition_shift
bin,AMD-BIN-0509,AMD-Z-28,2026-03-20,illegal_dumping_spike
bin,AMD-BIN-0488,AMD-Z-27,2026-03-20,collection_gap
bin,AMD-BIN-0303,AMD-Z-17,2026-03-20,collection_gap
bin,AMD-BIN-0370,AMD-Z-21,2026-03-20,illegal_dumping_spike
bin,AMD-BIN-0130,AMD-Z-07,2026-03-20,collection_gap
bin,AMD-BIN-0243,AMD-Z-13,2026-03-20,overnight_dumping
bin,AMD-BIN-0053,AMD-Z-03,2026-03-20,festival_overload
bin,AMD-BIN-0117,AMD-Z-06,2026-03-20,festival_overload
bin,AMD-BIN-0548,AMD-Z-30,2026-03-20,collection_gap
bin,AMD-BIN-0415,AMD-Z-23,2026-03-20,illegal_dumping_spike
bin,AMD-BIN-0453,AMD-Z-25,2026-03-20,collection_gap
bin,AMD-BIN-0240,AMD-Z-13,2026-03-20,illegal_dumping_spike
bin,AMD-BIN-0069,AMD-Z-04,2026-03-20,illegal_dumping_spike
bin,AMD-BIN-0569,AMD-Z-32,2026-03-21,collection_gap
bin,AMD-BIN-0118,AMD-Z-06,2026-03-21,composition_shift
bin,AMD-BIN-0509,AMD-Z-28,2026-03-21,illegal_dumping_spike
bin,AMD-BIN-0254,AMD-Z-14,2026-03-21,illegal_dumping_spike
bin,AMD-BIN-0488,AMD-Z-27,2026-03-21,collection_gap
bin,AMD-BIN-0303,AMD-Z-17,2026-03-21,collection_gap
bin,AMD-BIN-0130,AMD-Z-07,2026-03-21,collection_gap
bin,AMD-BIN-0334,AMD-Z-19,2026-03-21,repeated_overflow
bin,AMD-BIN-0428,AMD-Z-24,2026-03-21,collection_gap
bin,AMD-BIN-0201,AMD-Z-11,2026-03-21,weekend_spike
bin,AMD-BIN-0401,AMD-Z-22,2026-03-21,illegal_dumping_spike
bin,AMD-BIN-0117,AMD-Z-06,2026-03-21,festival_overload
bin,AMD-BIN-0548,AMD-Z-30,2026-03-21,collection_gap
bin,AMD-BIN-0453,AMD-Z-25,2026-03-21,collection_gap
bin,AMD-BIN-0049,AMD-Z-03,2026-03-21,festival_overload
bin,AMD-BIN-0352,AMD-Z-20,2026-03-21,overnight_dumping
bin,AMD-BIN-0007,AMD-Z-01,2026-03-21,repeated_overflow
bin,AMD-BIN-0254,AMD-Z-14,2026-03-22,illegal_dumping_spike
bin,AMD-BIN-0488,AMD-Z-27,2026-03-22,collection_gap
bin,AMD-BIN-0529,AMD-Z-29,2026-03-22,composition_shift
bin,AMD-BIN-0334,AMD-Z-19,2026-03-22,repeated_overflow
bin,AMD-BIN-0428,AMD-Z-24,2026-03-22,collection_gap
bin,AMD-BIN-0162,AMD-Z-09,2026-03-22,composition_shift
bin,AMD-BIN-0201,AMD-Z-11,2026-03-22,weekend_spike
bin,AMD-BIN-0401,AMD-Z-22,2026-03-22,illegal_dumping_spike
bin,AMD-BIN-0453,AMD-Z-25,2026-03-22,collection_gap
bin,AMD-BIN-0266,AMD-Z-15,2026-03-22,festival_overload
bin,AMD-BIN-0068,AMD-Z-04,2026-03-22,composition_shift
bin,AMD-BIN-0017,AMD-Z-01,2026-03-22,illegal_dumping_spike
bin,AMD-BIN-0546,AMD-Z-30,2026-03-22,festival_overload
bin,AMD-BIN-0049,AMD-Z-03,2026-03-22,festival_overload
bin,AMD-BIN-0007,AMD-Z-01,2026-03-22,repeated_overflow
bin,AMD-BIN-0286,AMD-Z-16,2026-03-22,composition_shift
bin,AMD-BIN-0401,AMD-Z-22,2026-03-23,illegal_dumping_spike
bin,AMD-BIN-0284,AMD-Z-16,2026-03-23,festival_overload
bin,AMD-BIN-0529,AMD-Z-29,2026-03-23,composition_shift
bin,AMD-BIN-0499,AMD-Z-28,2026-03-23,festival_overload
bin,AMD-BIN-0334,AMD-Z-19,2026-03-23,repeated_overflow
bin,AMD-BIN-0598,AMD-Z-33,2026-03-23,collection_gap
bin,AMD-BIN-0223,AMD-Z-12,2026-03-23,composition_shift
bin,AMD-BIN-0061,AMD-Z-03,2026-03-23,repeated_overflow
bin,AMD-BIN-0546,AMD-Z-30,2026-03-23,festival_overload
bin,AMD-BIN-0442,AMD-Z-25,2026-03-23,illegal_dumping_spike
bin,AMD-BIN-0227,AMD-Z-12,2026-03-23,festival_overload
bin,AMD-BIN-0017,AMD-Z-01,2026-03-23,festival_overload
bin,AMD-BIN-0286,AMD-Z-16,2026-03-23,composition_shift
bin,AMD-BIN-0244,AMD-Z-13,2026-03-24,illegal_dumping_spike
bin,AMD-BIN-0201,AMD-Z-11,2026-03-24,illegal_dumping_spike
bin,AMD-BIN-0284,AMD-Z-16,2026-03-24,festival_overload
bin,AMD-BIN-0529,AMD-Z-29,2026-03-24,composition_shift
bin,AMD-BIN-0277,AMD-Z-15,2026-03-24,overnight_dumping
bin,AMD-BIN-0598,AMD-Z-33,2026-03-24,collection_gap
bin,AMD-BIN-0035,AMD-Z-02,2026-03-24,composition_shift
bin,AMD-BIN-0243,AMD-Z-13,2026-03-24,composition_shift
bin,AMD-BIN-0223,AMD-Z-12,2026-03-24,composition_shift
bin,AMD-BIN-0488,AMD-Z-27,2026-03-24,composition_shift
bin,AMD-BIN-0061,AMD-Z-03,2026-03-24,repeated_overflow
bin,AMD-BIN-0442,AMD-Z-25,2026-03-24,illegal_dumping_spike
bin,AMD-BIN-0227,AMD-Z-12,2026-03-24,festival_overload
bin,AMD-BIN-0017,AMD-Z-01,2026-03-24,festival_overload
bin,AMD-BIN-0008,AMD-Z-01,2026-03-25,illegal_dumping_spike
bin,AMD-BIN-0201,AMD-Z-11,2026-03-25,illegal_dumping_spike
bin,AMD-BIN-0598,AMD-Z-33,2026-03-25,collection_gap
bin,AMD-BIN-0277,AMD-Z-15,2026-03-25,overnight_dumping
bin,AMD-BIN-0035,AMD-Z-02,2026-03-25,composition_shift
bin,AMD-BIN-0243,AMD-Z-13,2026-03-25,composition_shift
bin,AMD-BIN-0553,AMD-Z-31,2026-03-25,festival_overload
bin,AMD-BIN-0488,AMD-Z-27,2026-03-25,composition_shift
bin,AMD-BIN-0061,AMD-Z-03,2026-03-25,repeated_overflow
bin,AMD-BIN-0046,AMD-Z-03,2026-03-25,composition_shift
zone,AMD-Z-07,AMD-Z-07,2026-03-25,zone_surge
zone,AMD-Z-30,AMD-Z-30,2026-03-25,zone_surge
bin,AMD-BIN-0387,AMD-Z-21,2026-03-26,composition_shift
bin,AMD-BIN-0008,AMD-Z-01,2026-03-26,illegal_dumping_spike
bin,AMD-BIN-0598,AMD-Z-33,2026-03-26,collection_gap
bin,AMD-BIN-0428,AMD-Z-24,2026-03-26,composition_shift
bin,AMD-BIN-0316,AMD-Z-18,2026-03-26,festival_overload
bin,AMD-BIN-0076,AMD-Z-04,2026-03-26,illegal_dumping_spike
bin,AMD-BIN-0044,AMD-Z-02,2026-03-26,composition_shift
bin,AMD-BIN-0046,AMD-Z-03,2026-03-26,composition_shift
bin,AMD-BIN-0228,AMD-Z-12,2026-03-26,illegal_dumping_spike
bin,AMD-BIN-0387,AMD-Z-21,2026-03-27,composition_shift
bin,AMD-BIN-0221,AMD-Z-12,2026-03-27,collection_gap
bin,AMD-BIN-0598,AMD-Z-33,2026-03-27,collection_gap
bin,AMD-BIN-0449,AMD-Z-25,2026-03-27,overnight_dumping
bin,AMD-BIN-0167,AMD-Z-09,2026-03-27,collection_gap
bin,AMD-BIN-0338,AMD-Z-19,2026-03-27,composition_shift
bin,AMD-BIN-0025,AMD-Z-02,2026-03-27,illegal_dumping_spike
bin,AMD-BIN-0044,AMD-Z-02,2026-03-27,composition_shift
bin,AMD-BIN-0228,AMD-Z-12,2026-03-27,illegal_dumping_spike
bin,AMD-BIN-0343,AMD-Z-19,2026-03-27,overnight_dumping
bin,AMD-BIN-0394,AMD-Z-22,2026-03-27,overnight_dumping
bin,AMD-BIN-0505,AMD-Z-28,2026-03-28,weekend_spike
bin,AMD-BIN-0432,AMD-Z-24,2026-03-28,composition_shift
bin,AMD-BIN-0387,AMD-Z-21,2026-03-28,composition_shift
bin,AMD-BIN-0221,AMD-Z-12,2026-03-28,collection_gap
bin,AMD-BIN-0598,AMD-Z-33,2026-03-28,collection_gap
bin,AMD-BIN-0167,AMD-Z-09,2026-03-28,collection_gap
bin,AMD-BIN-0338,AMD-Z-19,2026-03-28,composition_shift
bin,AMD-BIN-0260,AMD-Z-14,2026-03-28,weekend_spike
bin,AMD-BIN-0025,AMD-Z-02,2026-03-28,illegal_dumping_spike
bin,AMD-BIN-0442,AMD-Z-25,2026-03-28,weekend_spike
bin,AMD-BIN-0246,AMD-Z-13,2026-03-28,weekend_spike
bin,AMD-BIN-0478,AMD-Z-27,2026-03-28,repeated_overflow
bin,AMD-BIN-0044,AMD-Z-02,2026-03-28,composition_shift
bin,AMD-BIN-0301,AMD-Z-17,2026-03-28,weekend_spike
bin,AMD-BIN-0070,AMD-Z-04,2026-03-28,repeated_overflow
bin,AMD-BIN-0566,AMD-Z-31,2026-03-28,illegal_dumping_spike
bin,AMD-BIN-0572,AMD-Z-32,2026-03-28,weekend_spike
bin,AMD-BIN-0343,AMD-Z-19,2026-03-28,overnight_dumping
bin,AMD-BIN-0571,AMD-Z-32,2026-03-28,repeated_overflow
bin,AMD-BIN-0107,AMD-Z-06,2026-03-28,illegal_dumping_spike
bin,AMD-BIN-0484,AMD-Z-27,2026-03-29,overnight_dumping
bin,AMD-BIN-0459,AMD-Z-26,2026-03-29,illegal_dumping_spike
bin,AMD-BIN-0221,AMD-Z-12,2026-03-29,collection_gap
bin,AMD-BIN-0311,AMD-Z-17,2026-03-29,repeated_overflow
bin,AMD-BIN-0233,AMD-Z-13,2026-03-29,overnight_dumping
bin,AMD-BIN-0502,AMD-Z-28,2026-03-29,illegal_dumping_spike
bin,AMD-BIN-0167,AMD-Z-09,2026-03-29,collection_gap
bin,AMD-BIN-0338,AMD-Z-19,2026-03-29,composition_shift
bin,AMD-BIN-0246,AMD-Z-13,2026-03-29,weekend_spike
bin,AMD-BIN-0478,AMD-Z-27,2026-03-29,repeated_overflow
bin,AMD-BIN-0151,AMD-Z-08,2026-03-29,repeated_overflow
bin,AMD-BIN-0066,AMD-Z-03,2026-03-29,collection_gap
bin,AMD-BIN-0301,AMD-Z-17,2026-03-29,weekend_spike
bin,AMD-BIN-0070,AMD-Z-04,2026-03-29,repeated_overflow
bin,AMD-BIN-0572,AMD-Z-32,2026-03-29,weekend_spike
bin,AMD-BIN-0571,AMD-Z-32,2026-03-29,repeated_overflow
bin,AMD-BIN-0298,AMD-Z-16,2026-03-30,repeated_overflow
bin,AMD-BIN-0425,AMD-Z-24,2026-03-30,illegal_dumping_spike
bin,AMD-BIN-0537,AMD-Z-30,2026-03-30,illegal_dumping_spike
bin,AMD-BIN-0311,AMD-Z-17,2026-03-30,repeated_overflow
bin,AMD-BIN-0233,AMD-Z-13,2026-03-30,overnight_dumping
bin,AMD-BIN-0167,AMD-Z-09,2026-03-30,collection_gap
bin,AMD-BIN-0101,AMD-Z-05,2026-03-30,festival_overload
bin,AMD-BIN-0333,AMD-Z-19,2026-03-30,repeated_overflow
bin,AMD-BIN-0361,AMD-Z-20,2026-03-30,overnight_dumping
bin,AMD-BIN-0151,AMD-Z-08,2026-03-30,repeated_overflow
bin,AMD-BIN-0066,AMD-Z-03,2026-03-30,collection_gap
bin,AMD-BIN-0425,AMD-Z-24,2026-03-31,collection_gap
bin,AMD-BIN-0298,AMD-Z-16,2026-03-31,repeated_overflow
bin,AMD-BIN-0125,AMD-Z-07,2026-03-31,illegal_dumping_spike
bin,AMD-BIN-0209,AMD-Z-11,2026-03-31,composition_shift
bin,AMD-BIN-0311,AMD-Z-17,2026-03-31,repeated_overflow
bin,AMD-BIN-0333,AMD-Z-19,2026-03-31,repeated_overflow
bin,AMD-BIN-0367,AMD-Z-20,2026-03-31,illegal_dumping_spike
bin,AMD-BIN-0489,AMD-Z-27,2026-03-31,collection_gap
bin,AMD-BIN-0361,AMD-Z-20,2026-03-31,overnight_dumping
bin,AMD-BIN-0397,AMD-Z-22,2026-03-31,repeated_overflow
bin,AMD-BIN-0066,AMD-Z-03,2026-03-31,collection_gap
bin,AMD-BIN-0173,AMD-Z-09,2026-03-31,repeated_overflow
bin,AMD-BIN-0288,AMD-Z-16,2026-03-31,overnight_dumping
bin,AMD-BIN-0425,AMD-Z-24,2026-04-01,collection_gap
bin,AMD-BIN-0248,AMD-Z-13,2026-04-01,overnight_dumping
bin,AMD-BIN-0417,AMD-Z-23,2026-04-01,illegal_dumping_spike
bin,AMD-BIN-0125,AMD-Z-07,2026-04-01,illegal_dumping_spike
bin,AMD-BIN-0209,AMD-Z-11,2026-04-01,composition_shift
bin,AMD-BIN-0336,AMD-Z-19,2026-04-01,composition_shift
bin,AMD-BIN-0172,AMD-Z-09,2026-04-01,festival_overload
bin,AMD-BIN-0311,AMD-Z-17,2026-04-01,repeated_overflow
bin,AMD-BIN-0202,AMD-Z-11,2026-04-01,composition_shift
bin,AMD-BIN-0333,AMD-Z-19,2026-04-01,repeated_overflow
bin,AMD-BIN-0367,AMD-Z-20,2026-04-01,illegal_dumping_spike
bin,AMD-BIN-0304,AMD-Z-17,2026-04-01,illegal_dumping_spike
bin,AMD-BIN-0489,AMD-Z-27,2026-04-01,collection_gap
bin,AMD-BIN-0397,AMD-Z-22,2026-04-01,repeated_overflow
bin,AMD-BIN-0173,AMD-Z-09,2026-04-01,repeated_overflow
bin,AMD-BIN-0425,AMD-Z-24,2026-04-02,collection_gap
bin,AMD-BIN-0567,AMD-Z-31,2026-04-02,festival_overload
bin,AMD-BIN-0209,AMD-Z-11,2026-04-02,composition_shift
bin,AMD-BIN-0336,AMD-Z-19,2026-04-02,composition_shift
bin,AMD-BIN-0172,AMD-Z-09,2026-04-02,festival_overload
bin,AMD-BIN-0202,AMD-Z-11,2026-04-02,composition_shift
bin,AMD-BIN-0063,AMD-Z-03,2026-04-02,illegal_dumping_spike
bin,AMD-BIN-0333,AMD-Z-19,2026-04-02,repeated_overflow
bin,AMD-BIN-0416,AMD-Z-23,2026-04-02,illegal_dumping_spike
bin,AMD-BIN-0379,AMD-Z-21,2026-04-02,repeated_overflow
bin,AMD-BIN-0489,AMD-Z-27,2026-04-02,collection_gap
bin,AMD-BIN-0397,AMD-Z-22,2026-04-02,repeated_overflow
bin,AMD-BIN-0212,AMD-Z-11,2026-04-02,illegal_dumping_spike
bin,AMD-BIN-0068,AMD-Z-04,2026-04-02,repeated_overflow
bin,AMD-BIN-0173,AMD-Z-09,2026-04-02,repeated_overflow
bin,AMD-BIN-0170,AMD-Z-09,2026-04-02,illegal_dumping_spike
bin,AMD-BIN-0425,AMD-Z-24,2026-04-03,collection_gap
bin,AMD-BIN-0461,AMD-Z-26,2026-04-03,overnight_dumping
bin,AMD-BIN-0202,AMD-Z-11,2026-04-03,composition_shift
bin,AMD-BIN-0421,AMD-Z-23,2026-04-03,overnight_dumping
bin,AMD-BIN-0379,AMD-Z-21,2026-04-03,repeated_overflow
bin,AMD-BIN-0179,AMD-Z-10,2026-04-03,illegal_dumping_spike
bin,AMD-BIN-0142,AMD-Z-08,2026-04-03,overnight_dumping
bin,AMD-BIN-0302,AMD-Z-17,2026-04-03,repeated_overflow
bin,AMD-BIN-0298,AMD-Z-16,2026-04-03,overnight_dumping
bin,AMD-BIN-0066,AMD-Z-03,2026-04-03,composition_shift
bin,AMD-BIN-0068,AMD-Z-04,2026-04-03,repeated_overflow
bin,AMD-BIN-0504,AMD-Z-28,2026-04-03,festival_overload
bin,AMD-BIN-0173,AMD-Z-09,2026-04-03,repeated_overflow
bin,AMD-BIN-0123,AMD-Z-06,2026-04-03,overnight_dumping
bin,AMD-BIN-0170,AMD-Z-09,2026-04-03,illegal_dumping_spike
bin,AMD-BIN-0311,AMD-Z-17,2026-04-04,collection_gap
bin,AMD-BIN-0051,AMD-Z-03,2026-04-04,composition_shift
bin,AMD-BIN-0156,AMD-Z-08,2026-04-04,collection_gap
bin,AMD-BIN-0421,AMD-Z-23,2026-04-04,overnight_dumping
bin,AMD-BIN-0379,AMD-Z-21,2026-04-04,repeated_overflow
bin,AMD-BIN-0495,AMD-Z-28,2026-04-04,weekend_spike
bin,AMD-BIN-0175,AMD-Z-09,2026-04-04,repeated_overflow
bin,AMD-BIN-0179,AMD-Z-10,2026-04-04,illegal_dumping_spike
bin,AMD-BIN-0302,AMD-Z-17,2026-04-04,repeated_overflow
bin,AMD-BIN-0430,AMD-Z-24,2026-04-04,collection_gap
bin,AMD-BIN-0068,AMD-Z-04,2026-04-04,repeated_overflow
bin,AMD-BIN-0504,AMD-Z-28,2026-04-04,festival_overload
bin,AMD-BIN-0307,AMD-Z-17,2026-04-04,illegal_dumping_spike
bin,AMD-BIN-0123,AMD-Z-06,2026-04-04,overnight_dumping
bin,AMD-BIN-0058,AMD-Z-03,2026-04-04,repeated_overflow
bin,AMD-BIN-0242,AMD-Z-13,2026-04-04,collection_gap
bin,AMD-BIN-0137,AMD-Z-07,2026-04-04,weekend_spike
bin,AMD-BIN-0311,AMD-Z-17,2026-04-05,collection_gap
bin,AMD-BIN-0051,AMD-Z-03,2026-04-05,composition_shift
bin,AMD-BIN-0307,AMD-Z-17,2026-04-05,overnight_dumping
bin,AMD-BIN-0033,AMD-Z-02,2026-04-05,festival_overload
bin,AMD-BIN-0471,AMD-Z-26,2026-04-05,repeated_overflow
bin,AMD-BIN-0156,AMD-Z-08,2026-04-05,collection_gap
bin,AMD-BIN-0476,AMD-Z-27,2026-04-05,collection_gap
bin,AMD-BIN-0175,AMD-Z-09,2026-04-05,repeated_overflow
bin,AMD-BIN-0302,AMD-Z-17,2026-04-05,repeated_overflow
bin,AMD-BIN-0430,AMD-Z-24,2026-04-05,collection_gap
bin,AMD-BIN-0068,AMD-Z-04,2026-04-05,repeated_overflow
bin,AMD-BIN-0058,AMD-Z-03,2026-04-05,repeated_overflow
bin,AMD-BIN-0242,AMD-Z-13,2026-04-05,collection_gap
bin,AMD-BIN-0247,AMD-Z-13,2026-04-05,repeated_overflow
bin,AMD-BIN-0311,AMD-Z-17,2026-04-06,collection_gap
bin,AMD-BIN-0223,AMD-Z-12,2026-04-06,repeated_overflow
bin,AMD-BIN-0051,AMD-Z-03,2026-04-06,composition_shift
bin,AMD-BIN-0307,AMD-Z-17,2026-04-06,overnight_dumping
bin,AMD-BIN-0374,AMD-Z-21,2026-04-06,collection_gap
bin,AMD-BIN-0247,AMD-Z-13,2026-04-06,collection_gap
bin,AMD-BIN-0471,AMD-Z-26,2026-04-06,repeated_overflow
bin,AMD-BIN-0476,AMD-Z-27,2026-04-06,collection_gap
bin,AMD-BIN-0075,AMD-Z-04,2026-04-06,composition_shift
bin,AMD-BIN-0175,AMD-Z-09,2026-04-06,repeated_overflow
bin,AMD-BIN-0430,AMD-Z-24,2026-04-06,collection_gap
bin,AMD-BIN-0264,AMD-Z-14,2026-04-06,overnight_dumping
bin,AMD-BIN-0122,AMD-Z-06,2026-04-06,illegal_dumping_spike
bin,AMD-BIN-0186,AMD-Z-10,2026-04-06,collection_gap
bin,AMD-BIN-0213,AMD-Z-11,2026-04-06,overnight_dumping
bin,AMD-BIN-0058,AMD-Z-03,2026-04-06,repeated_overflow
bin,AMD-BIN-0242,AMD-Z-13,2026-04-06,collection_gap
bin,AMD-BIN-0311,AMD-Z-17,2026-04-07,collection_gap
bin,AMD-BIN-0223,AMD-Z-12,2026-04-07,repeated_overflow
bin,AMD-BIN-0136,AMD-Z-07,2026-04-07,overnight_dumping
bin,AMD-BIN-0420,AMD-Z-23,2026-04-07,repeated_overflow
bin,AMD-BIN-0187,AMD-Z-10,2026-04-07,composition_shift
bin,AMD-BIN-0374,AMD-Z-21,2026-04-07,collection_gap
bin,AMD-BIN-0247,AMD-Z-13,2026-04-07,collection_gap
bin,AMD-BIN-0465,AMD-Z-26,2026-04-07,repeated_overflow
bin,AMD-BIN-0086,AMD-Z-04,2026-04-07,repeated_overflow
bin,AMD-BIN-0471,AMD-Z-26,2026-04-07,repeated_overflow
bin,AMD-BIN-0075,AMD-Z-04,2026-04-07,composition_shift
bin,AMD-BIN-0151,AMD-Z-08,2026-04-07,illegal_dumping_spike
bin,AMD-BIN-0186,AMD-Z-10,2026-04-07,collection_gap
bin,AMD-BIN-0213,AMD-Z-11,2026-04-07,overnight_dumping
bin,AMD-BIN-0242,AMD-Z-13,2026-04-07,collection_gap
bin,AMD-BIN-0003,AMD-Z-01,2026-04-08,illegal_dumping_spike
bin,AMD-BIN-0420,AMD-Z-23,2026-04-08,repeated_overflow
bin,AMD-BIN-0187,AMD-Z-10,2026-04-08,composition_shift
bin,AMD-BIN-0374,AMD-Z-21,2026-04-08,collection_gap
bin,AMD-BIN-0319,AMD-Z-18,2026-04-08,illegal_dumping_spike
bin,AMD-BIN-0247,AMD-Z-13,2026-04-08,collection_gap
bin,AMD-BIN-0154,AMD-Z-08,2026-04-08,repeated_overflow
bin,AMD-BIN-0465,AMD-Z-26,2026-04-08,repeated_overflow
bin,AMD-BIN-0086,AMD-Z-04,2026-04-08,repeated_overflow
bin,AMD-BIN-0229,AMD-Z-12,2026-04-08,collection_gap
bin,AMD-BIN-0471,AMD-Z-26,2026-04-08,repeated_overflow
bin,AMD-BIN-0193,AMD-Z-11,2026-04-08,illegal_dumping_spike
bin,AMD-BIN-0543,AMD-Z-30,2026-04-08,overnight_dumping
bin,AMD-BIN-0186,AMD-Z-10,2026-04-08,collection_gap
bin,AMD-BIN-0350,AMD-Z-20,2026-04-08,repeated_overflow
zone,AMD-Z-08,AMD-Z-08,2026-04-08,zone_surge
zone,AMD-Z-09,AMD-Z-09,2026-04-08,zone_surge
bin,AMD-BIN-0463,AMD-Z-26,2026-04-09,composition_shift
bin,AMD-BIN-0187,AMD-Z-10,2026-04-09,composition_shift
bin,AMD-BIN-0359,AMD-Z-20,2026-04-09,illegal_dumping_spike
bin,AMD-BIN-0374,AMD-Z-21,2026-04-09,collection_gap
bin,AMD-BIN-0247,AMD-Z-13,2026-04-09,collection_gap
bin,AMD-BIN-0154,AMD-Z-08,2026-04-09,repeated_overflow
bin,AMD-BIN-0465,AMD-Z-26,2026-04-09,repeated_overflow
bin,AMD-BIN-0229,AMD-Z-12,2026-04-09,collection_gap
bin,AMD-BIN-0531,AMD-Z-29,2026-04-09,overnight_dumping
bin,AMD-BIN-0408,AMD-Z-23,2026-04-09,collection_gap
bin,AMD-BIN-0191,AMD-Z-10,2026-04-09,collection_gap
bin,AMD-BIN-0256,AMD-Z-14,2026-04-09,illegal_dumping_spike
bin,AMD-BIN-0278,AMD-Z-15,2026-04-09,overnight_dumping
bin,AMD-BIN-0350,AMD-Z-20,2026-04-09,repeated_overflow
bin,AMD-BIN-0465,AMD-Z-26,2026-04-10,repeated_overflow
bin,AMD-BIN-0229,AMD-Z-12,2026-04-10,collection_gap
bin,AMD-BIN-0434,AMD-Z-24,2026-04-10,composition_shift
bin,AMD-BIN-0537,AMD-Z-30,2026-04-10,overnight_dumping
bin,AMD-BIN-0531,AMD-Z-29,2026-04-10,overnight_dumping
bin,AMD-BIN-0408,AMD-Z-23,2026-04-10,collection_gap
bin,AMD-BIN-0515,AMD-Z-29,2026-04-10,composition_shift
bin,AMD-BIN-0191,AMD-Z-10,2026-04-10,collection_gap
bin,AMD-BIN-0278,AMD-Z-15,2026-04-10,overnight_dumping
bin,AMD-BIN-0350,AMD-Z-20,2026-04-10,repeated_overflow
bin,AMD-BIN-0156,AMD-Z-08,2026-04-11,overnight_dumping
bin,AMD-BIN-0218,AMD-Z-12,2026-04-11,weekend_spike
bin,AMD-BIN-0430,AMD-Z-24,2026-04-11,overnight_dumping
bin,AMD-BIN-0537,AMD-Z-30,2026-04-11,overnight_dumping
bin,AMD-BIN-0463,AMD-Z-26,2026-04-11,weekend_spike
bin,AMD-BIN-0317,AMD-Z-18,2026-04-11,weekend_spike
bin,AMD-BIN-0408,AMD-Z-23,2026-04-11,collection_gap
bin,AMD-BIN-0515,AMD-Z-29,2026-04-11,composition_shift
bin,AMD-BIN-0343,AMD-Z-19,2026-04-11,weekend_spike
bin,AMD-BIN-0003,AMD-Z-01,2026-04-11,weekend_spike
bin,AMD-BIN-0494,AMD-Z-28,2026-04-11,weekend_spike
bin,AMD-BIN-0304,AMD-Z-17,2026-04-11,overnight_dumping
bin,AMD-BIN-0271,AMD-Z-15,2026-04-11,weekend_spike
bin,AMD-BIN-0186,AMD-Z-10,2026-04-11,repeated_overflow
bin,AMD-BIN-0350,AMD-Z-20,2026-04-11,repeated_overflow
bin,AMD-BIN-0156,AMD-Z-08,2026-04-12,overnight_dumping
bin,AMD-BIN-0268,AMD-Z-15,2026-04-12,illegal_dumping_spike
bin,AMD-BIN-0351,AMD-Z-20,2026-04-12,overnight_dumping
bin,AMD-BIN-0180,AMD-Z-10,2026-04-12,collection_gap
bin,AMD-BIN-0430,AMD-Z-24,2026-04-12,overnight_dumping
bin,AMD-BIN-0085,AMD-Z-04,2026-04-12,illegal_dumping_spike
bin,AMD-BIN-0463,AMD-Z-26,2026-04-12,weekend_spike
bin,AMD-BIN-0317,AMD-Z-18,2026-04-12,weekend_spike
bin,AMD-BIN-0408,AMD-Z-23,2026-04-12,collection_gap
bin,AMD-BIN-0582,AMD-Z-32,2026-04-12,illegal_dumping_spike
bin,AMD-BIN-0515,AMD-Z-29,2026-04-12,composition_shift
bin,AMD-BIN-0003,AMD-Z-01,2026-04-12,weekend_spike
bin,AMD-BIN-0563,AMD-Z-31,2026-04-12,illegal_dumping_spike
bin,AMD-BIN-0375,AMD-Z-21,2026-04-12,festival_overload
bin,AMD-BIN-0023,AMD-Z-01,2026-04-12,composition_shift
bin,AMD-BIN-0271,AMD-Z-15,2026-04-12,weekend_spike
bin,AMD-BIN-0186,AMD-Z-10,2026-04-12,repeated_overflow
bin,AMD-BIN-0143,AMD-Z-08,2026-04-13,festival_overload
bin,AMD-BIN-0351,AMD-Z-20,2026-04-13,overnight_dumping
bin,AMD-BIN-0180,AMD-Z-10,2026-04-13,collection_gap
bin,AMD-BIN-0314,AMD-Z-17,2026-04-13,repeated_overflow
bin,AMD-BIN-0582,AMD-Z-32,2026-04-13,illegal_dumping_spike
bin,AMD-BIN-0563,AMD-Z-31,2026-04-13,illegal_dumping_spike
bin,AMD-BIN-0072,AMD-Z-04,2026-04-13,festival_overload
bin,AMD-BIN-0375,AMD-Z-21,2026-04-13,festival_overload
bin,AMD-BIN-0023,AMD-Z-01,2026-04-13,composition_shift
bin,AMD-BIN-0186,AMD-Z-10,2026-04-13,repeated_overflow
bin,AMD-BIN-0346,AMD-Z-19,2026-04-14,overnight_dumping
bin,AMD-BIN-0180,AMD-Z-10,2026-04-14,collection_gap
bin,AMD-BIN-0272,AMD-Z-15,2026-04-14,illegal_dumping_spike
bin,AMD-BIN-0189,AMD-Z-10,2026-04-14,collection_gap
bin,AMD-BIN-0314,AMD-Z-17,2026-04-14,repeated_overflow
bin,AMD-BIN-0574,AMD-Z-32,2026-04-14,illegal_dumping_spike
bin,AMD-BIN-0186,AMD-Z-10,2026-04-14,repeated_overflow
bin,AMD-BIN-0578,AMD-Z-32,2026-04-14,illegal_dumping_spike
bin,AMD-BIN-0379,AMD-Z-21,2026-04-15,collection_gap
bin,AMD-BIN-0247,AMD-Z-13,2026-04-15,composition_shift
bin,AMD-BIN-0180,AMD-Z-10,2026-04-15,collection_gap
bin,AMD-BIN-0189,AMD-Z-10,2026-04-15,collection_gap
bin,AMD-BIN-0371,AMD-Z-21,2026-04-15,festival_overload
bin,AMD-BIN-0205,AMD-Z-11,2026-04-15,collection_gap
bin,AMD-BIN-0140,AMD-Z-07,2026-04-15,overnight_dumping
bin,AMD-BIN-0560,AMD-Z-31,2026-04-15,illegal_dumping_spike
bin,AMD-BIN-0314,AMD-Z-17,2026-04-15,repeated_overflow
bin,AMD-BIN-0463,AMD-Z-26,2026-04-15,collection_gap
bin,AMD-BIN-0327,AMD-Z-18,2026-04-15,illegal_dumping_spike
bin,AMD-BIN-0043,AMD-Z-02,2026-04-15,composition_shift
bin,AMD-BIN-0469,AMD-Z-26,2026-04-15,festival_overload
bin,AMD-BIN-0578,AMD-Z-32,2026-04-15,illegal_dumping_spike
bin,AMD-BIN-0220,AMD-Z-12,2026-04-15,collection_gap
bin,AMD-BIN-0075,AMD-Z-04,2026-04-16,illegal_dumping_spike
bin,AMD-BIN-0379,AMD-Z-21,2026-04-16,collection_gap
bin,AMD-BIN-0115,AMD-Z-06,2026-04-16,illegal_dumping_spike
bin,AMD-BIN-0046,AMD-Z-03,2026-04-16,illegal_dumping_spike
bin,AMD-BIN-0396,AMD-Z-22,2026-04-16,collection_gap
bin,AMD-BIN-0247,AMD-Z-13,2026-04-16,composition_shift
bin,AMD-BIN-0321,AMD-Z-18,2026-04-16,collection_gap
bin,AMD-BIN-0537,AMD-Z-30,2026-04-16,festival_overload
bin,AMD-BIN-0189,AMD-Z-10,2026-04-16,collection_gap
bin,AMD-BIN-0558,AMD-Z-31,2026-04-16,composition_shift
bin,AMD-BIN-0166,AMD-Z-09,2026-04-16,illegal_dumping_spike
bin,AMD-BIN-0205,AMD-Z-11,2026-04-16,collection_gap
bin,AMD-BIN-0140,AMD-Z-07,2026-04-16,overnight_dumping
bin,AMD-BIN-0560,AMD-Z-31,2026-04-16,illegal_dumping_spike
bin,AMD-BIN-0463,AMD-Z-26,2026-04-16,collection_gap
bin,AMD-BIN-0495,AMD-Z-28,2026-04-16,illegal_dumping_spike
bin,AMD-BIN-0492,AMD-Z-27,2026-04-16,festival_overload
bin,AMD-BIN-0053,AMD-Z-03,2026-04-16,repeated_overflow
bin,AMD-BIN-0327,AMD-Z-18,2026-04-16,illegal_dumping_spike
bin,AMD-BIN-0501,AMD-Z-28,2026-04-16,composition_shift
bin,AMD-BIN-0469,AMD-Z-26,2026-04-16,festival_overload
bin,AMD-BIN-0506,AMD-Z-28,2026-04-16,illegal_dumping_spike
bin,AMD-BIN-0220,AMD-Z-12,2026-04-16,collection_gap
bin,AMD-BIN-0075,AMD-Z-04,2026-04-17,illegal_dumping_spike
bin,AMD-BIN-0478,AMD-Z-27,2026-04-17,composition_shift
bin,AMD-BIN-0379,AMD-Z-21,2026-04-17,collection_gap
bin,AMD-BIN-0046,AMD-Z-03,2026-04-17,illegal_dumping_spike
bin,AMD-BIN-0396,AMD-Z-22,2026-04-17,collection_gap
bin,AMD-BIN-0321,AMD-Z-18,2026-04-17,collection_gap
bin,AMD-BIN-0537,AMD-Z-30,2026-04-17,festival_overload
bin,AMD-BIN-0192,AMD-Z-10,2026-04-17,repeated_overflow
bin,AMD-BIN-0558,AMD-Z-31,2026-04-17,composition_shift
bin,AMD-BIN-0166,AMD-Z-09,2026-04-17,illegal_dumping_spike
bin,AMD-BIN-0205,AMD-Z-11,2026-04-17,collection_gap
bin,AMD-BIN-0463,AMD-Z-26,2026-04-17,collection_gap
bin,AMD-BIN-0492,AMD-Z-27,2026-04-17,festival_overload
bin,AMD-BIN-0263,AMD-Z-14,2026-04-17,illegal_dumping_spike
bin,AMD-BIN-0053,AMD-Z-03,2026-04-17,repeated_overflow
bin,AMD-BIN-0501,AMD-Z-28,2026-04-17,composition_shift
bin,AMD-BIN-0302,AMD-Z-17,2026-04-17,overnight_dumping
bin,AMD-BIN-0338,AMD-Z-19,2026-04-17,composition_shift
bin,AMD-BIN-0462,AMD-Z-26,2026-04-17,illegal_dumping_spike
bin,AMD-BIN-0483,AMD-Z-27,2026-04-17,repeated_overflow
bin,AMD-BIN-0506,AMD-Z-28,2026-04-17,illegal_dumping_spike
bin,AMD-BIN-0220,AMD-Z-12,2026-04-17,collection_gap
bin,AMD-BIN-0042,AMD-Z-02,2026-04-18,collection_gap
bin,AMD-BIN-0542,AMD-Z-30,2026-04-18,weekend_spike
bin,AMD-BIN-0315,AMD-Z-18,2026-04-18,illegal_dumping_spike
bin,AMD-BIN-0321,AMD-Z-18,2026-04-18,collection_gap
bin,AMD-BIN-0231,AMD-Z-12,2026-04-18,collection_gap
bin,AMD-BIN-0192,AMD-Z-10,2026-04-18,repeated_overflow
bin,AMD-BIN-0110,AMD-Z-06,2026-04-18,weekend_spike
bin,AMD-BIN-0235,AMD-Z-13,2026-04-18,illegal_dumping_spike
bin,AMD-BIN-0193,AMD-Z-11,2026-04-18,composition_shift
bin,AMD-BIN-0205,AMD-Z-11,2026-04-18,collection_gap
bin,AMD-BIN-0446,AMD-Z-25,2026-04-18,weekend_spike
bin,AMD-BIN-0274,AMD-Z-15,2026-04-18,collection_gap
bin,AMD-BIN-0314,AMD-Z-17,2026-04-18,weekend_spike
bin,AMD-BIN-0097,AMD-Z-05,2026-04-18,collection_gap
bin,AMD-BIN-0053,AMD-Z-03,2026-04-18,repeated_overflow
bin,AMD-BIN-0209,AMD-Z-11,2026-04-18,overnight_dumping
bin,AMD-BIN-0501,AMD-Z-28,2026-04-18,composition_shift
bin,AMD-BIN-0562,AMD-Z-31,2026-04-18,festival_overload
bin,AMD-BIN-0015,AMD-Z-01,2026-04-18,illegal_dumping_spike
bin,AMD-BIN-0359,AMD-Z-20,2026-04-18,weekend_spike
bin,AMD-BIN-0483,AMD-Z-27,2026-04-18,repeated_overflow
bin,AMD-BIN-0055,AMD-Z-03,2026-04-18,festival_overload
bin,AMD-BIN-0220,AMD-Z-12,2026-04-18,collection_gap
bin,AMD-BIN-0042,AMD-Z-02,2026-04-19,collection_gap
bin,AMD-BIN-0542,AMD-Z-30,2026-04-19,weekend_spike
bin,AMD-BIN-0315,AMD-Z-18,2026-04-19,illegal_dumping_spike
bin,AMD-BIN-0231,AMD-Z-12,2026-04-19,collection_gap
bin,AMD-BIN-0024,AMD-Z-02,2026-04-19,overnight_dumping
bin,AMD-BIN-0192,AMD-Z-10,2026-04-19,repeated_overflow
bin,AMD-BIN-0193,AMD-Z-11,2026-04-19,composition_shift
bin,AMD-BIN-0593,AMD-Z-33,2026-04-19,composition_shift
bin,AMD-BIN-0274,AMD-Z-15,2026-04-19,collection_gap
bin,AMD-BIN-0250,AMD-Z-14,2026-04-19,illegal_dumping_spike
bin,AMD-BIN-0004,AMD-Z-01,2026-04-19,festival_overload
bin,AMD-BIN-0097,AMD-Z-05,2026-04-19,collection_gap
bin,AMD-BIN-0134,AMD-Z-07,2026-04-19,repeated_overflow
bin,AMD-BIN-0209,AMD-Z-11,2026-04-19,overnight_dumping
bin,AMD-BIN-0393,AMD-Z-22,2026-04-19,repeated_overflow
bin,AMD-BIN-0049,AMD-Z-03,2026-04-19,overnight_dumping
bin,AMD-BIN-0495,AMD-Z-28,2026-04-19,repeated_overflow
bin,AMD-BIN-0483,AMD-Z-27,2026-04-19,repeated_overflow
bin,AMD-BIN-0055,AMD-Z-03,2026-04-19,festival_overload
bin,AMD-BIN-0042,AMD-Z-02,2026-04-20,collection_gap
bin,AMD-BIN-0553,AMD-Z-31,2026-04-20,festival_overload
bin,AMD-BIN-0192,AMD-Z-10,2026-04-20,repeated_overflow
bin,AMD-BIN-0274,AMD-Z-15,2026-04-20,collection_gap
bin,AMD-BIN-0097,AMD-Z-05,2026-04-20,collection_gap
bin,AMD-BIN-0134,AMD-Z-07,2026-04-20,repeated_overflow
bin,AMD-BIN-0393,AMD-Z-22,2026-04-20,repeated_overflow
bin,AMD-BIN-0103,AMD-Z-05,2026-04-20,overnight_dumping
bin,AMD-BIN-0049,AMD-Z-03,2026-04-20,overnight_dumping
bin,AMD-BIN-0495,AMD-Z-28,2026-04-20,repeated_overflow
bin,AMD-BIN-0131,AMD-Z-07,2026-04-21,festival_overload
bin,AMD-BIN-0599,AMD-Z-33,2026-04-21,collection_gap
bin,AMD-BIN-0398,AMD-Z-22,2026-04-21,collection_gap
bin,AMD-BIN-0042,AMD-Z-02,2026-04-21,collection_gap
bin,AMD-BIN-0480,AMD-Z-27,2026-04-21,festival_overload
bin,AMD-BIN-0401,AMD-Z-22,2026-04-21,collection_gap
bin,AMD-BIN-0418,AMD-Z-23,2026-04-21,repeated_overflow
bin,AMD-BIN-0394,AMD-Z-22,2026-04-21,composition_shift
bin,AMD-BIN-0503,AMD-Z-28,2026-04-21,collection_gap
bin,AMD-BIN-0097,AMD-Z-05,2026-04-21,collection_gap
bin,AMD-BIN-0393,AMD-Z-22,2026-04-21,repeated_overflow
bin,AMD-BIN-0495,AMD-Z-28,2026-04-21,repeated_overflow
bin,AMD-BIN-0131,AMD-Z-07,2026-04-22,festival_overload
bin,AMD-BIN-0599,AMD-Z-33,2026-04-22,collection_gap
bin,AMD-BIN-0398,AMD-Z-22,2026-04-22,collection_gap
bin,AMD-BIN-0480,AMD-Z-27,2026-04-22,festival_overload
bin,AMD-BIN-0401,AMD-Z-22,2026-04-22,collection_gap
bin,AMD-BIN-0418,AMD-Z-23,2026-04-22,repeated_overflow
bin,AMD-BIN-0448,AMD-Z-25,2026-04-22,illegal_dumping_spike
bin,AMD-BIN-0233,AMD-Z-13,2026-04-22,composition_shift
bin,AMD-BIN-0539,AMD-Z-30,2026-04-22,repeated_overflow
bin,AMD-BIN-0185,AMD-Z-10,2026-04-22,repeated_overflow
bin,AMD-BIN-0503,AMD-Z-28,2026-04-22,collection_gap
bin,AMD-BIN-0385,AMD-Z-21,2026-04-22,composition_shift
bin,AMD-BIN-0239,AMD-Z-13,2026-04-22,overnight_dumping
bin,AMD-BIN-0393,AMD-Z-22,2026-04-22,repeated_overflow
bin,AMD-BIN-0513,AMD-Z-28,2026-04-22,repeated_overflow
bin,AMD-BIN-0161,AMD-Z-09,2026-04-22,repeated_overflow
bin,AMD-BIN-0242,AMD-Z-13,2026-04-22,illegal_dumping_spike
bin,AMD-BIN-0599,AMD-Z-33,2026-04-23,collection_gap
bin,AMD-BIN-0475,AMD-Z-27,2026-04-23,festival_overload
bin,AMD-BIN-0401,AMD-Z-22,2026-04-23,collection_gap
bin,AMD-BIN-0448,AMD-Z-25,2026-04-23,illegal_dumping_spike
bin,AMD-BIN-0539,AMD-Z-30,2026-04-23,repeated_overflow
bin,AMD-BIN-0185,AMD-Z-10,2026-04-23,repeated_overflow
bin,AMD-BIN-0503,AMD-Z-28,2026-04-23,collection_gap
bin,AMD-BIN-0513,AMD-Z-28,2026-04-23,repeated_overflow
bin,AMD-BIN-0161,AMD-Z-09,2026-04-23,repeated_overflow
bin,AMD-BIN-0153,AMD-Z-08,2026-04-23,illegal_dumping_spike
bin,AMD-BIN-0242,AMD-Z-13,2026-04-23,illegal_dumping_spike
zone,AMD-Z-32,AMD-Z-32,2026-04-23,zone_surge
bin,AMD-BIN-0483,AMD-Z-27,2026-04-24,overnight_dumping
bin,AMD-BIN-0170,AMD-Z-09,2026-04-24,collection_gap
bin,AMD-BIN-0475,AMD-Z-27,2026-04-24,festival_overload
bin,AMD-BIN-0401,AMD-Z-22,2026-04-24,collection_gap
bin,AMD-BIN-0259,AMD-Z-14,2026-04-24,repeated_overflow
bin,AMD-BIN-0185,AMD-Z-10,2026-04-24,repeated_overflow
bin,AMD-BIN-0043,AMD-Z-02,2026-04-24,illegal_dumping_spike
bin,AMD-BIN-0100,AMD-Z-05,2026-04-24,festival_overload
bin,AMD-BIN-0503,AMD-Z-28,2026-04-24,collection_gap
bin,AMD-BIN-0268,AMD-Z-15,2026-04-24,illegal_dumping_spike
bin,AMD-BIN-0022,AMD-Z-01,2026-04-24,illegal_dumping_spike
bin,AMD-BIN-0481,AMD-Z-27,2026-04-24,festival_overload
bin,AMD-BIN-0488,AMD-Z-27,2026-04-24,composition_shift
bin,AMD-BIN-0513,AMD-Z-28,2026-04-24,repeated_overflow
bin,AMD-BIN-0170,AMD-Z-09,2026-04-25,collection_gap
bin,AMD-BIN-0180,AMD-Z-10,2026-04-25,collection_gap
bin,AMD-BIN-0018,AMD-Z-01,2026-04-25,repeated_overflow
bin,AMD-BIN-0591,AMD-Z-33,2026-04-25,collection_gap
bin,AMD-BIN-0534,AMD-Z-30,2026-04-25,repeated_overflow
bin,AMD-BIN-0210,AMD-Z-11,2026-04-25,collection_gap
bin,AMD-BIN-0505,AMD-Z-28,2026-04-25,weekend_spike
bin,AMD-BIN-0259,AMD-Z-14,2026-04-25,repeated_overflow
bin,AMD-BIN-0512,AMD-Z-28,2026-04-25,overnight_dumping
bin,AMD-BIN-0185,AMD-Z-10,2026-04-25,repeated_overflow
bin,AMD-BIN-0100,AMD-Z-05,2026-04-25,festival_overload
bin,AMD-BIN-0458,AMD-Z-26,2026-04-25,weekend_spike
bin,AMD-BIN-0107,AMD-Z-06,2026-04-25,overnight_dumping
bin,AMD-BIN-0268,AMD-Z-15,2026-04-25,illegal_dumping_spike
bin,AMD-BIN-0137,AMD-Z-07,2026-04-25,collection_gap
bin,AMD-BIN-0481,AMD-Z-27,2026-04-25,festival_overload
bin,AMD-BIN-0246,AMD-Z-13,2026-04-25,weekend_spike
bin,AMD-BIN-0513,AMD-Z-28,2026-04-25,repeated_overflow
bin,AMD-BIN-0401,AMD-Z-22,2026-04-25,overnight_dumping
bin,AMD-BIN-0564,AMD-Z-31,2026-04-25,collection_gap
bin,AMD-BIN-0432,AMD-Z-24,2026-04-25,weekend_spike
bin,AMD-BIN-0583,AMD-Z-32,2026-04-25,weekend_spike
bin,AMD-BIN-0180,AMD-Z-10,2026-04-26,collection_gap
bin,AMD-BIN-0018,AMD-Z-01,2026-04-26,repeated_overflow
bin,AMD-BIN-0591,AMD-Z-33,2026-04-26,collection_gap
bin,AMD-BIN-0397,AMD-Z-22,2026-04-26,collection_gap
bin,AMD-BIN-0534,AMD-Z-30,2026-04-26,repeated_overflow
bin,AMD-BIN-0210,AMD-Z-11,2026-04-26,collection_gap
bin,AMD-BIN-0259,AMD-Z-14,2026-04-26,repeated_overflow
bin,AMD-BIN-0512,AMD-Z-28,2026-04-26,overnight_dumping
bin,AMD-BIN-0394,AMD-Z-22,2026-04-26,collection_gap
bin,AMD-BIN-0398,AMD-Z-22,2026-04-26,overnight_dumping
bin,AMD-BIN-0212,AMD-Z-11,2026-04-26,overnight_dumping
bin,AMD-BIN-0418,AMD-Z-23,2026-04-26,overnight_dumping
bin,AMD-BIN-0359,AMD-Z-20,2026-04-26,illegal_dumping_spike
bin,AMD-BIN-0458,AMD-Z-26,2026-04-26,weekend_spike
bin,AMD-BIN-0498,AMD-Z-28,2026-04-26,illegal_dumping_spike
bin,AMD-BIN-0478,AMD-Z-27,2026-04-26,illegal_dumping_spike
bin,AMD-BIN-0137,AMD-Z-07,2026-04-26,collection_gap
bin,AMD-BIN-0049,AMD-Z-03,2026-04-26,collection_gap
bin,AMD-BIN-0246,AMD-Z-13,2026-04-26,weekend_spike
bin,AMD-BIN-0401,AMD-Z-22,2026-04-26,overnight_dumping
bin,AMD-BIN-0564,AMD-Z-31,2026-04-26,collection_gap
bin,AMD-BIN-0522,AMD-Z-29,2026-04-26,illegal_dumping_spike
bin,AMD-BIN-0164,AMD-Z-09,2026-04-27,collection_gap
bin,AMD-BIN-0018,AMD-Z-01,2026-04-27,repeated_overflow
bin,AMD-BIN-0591,AMD-Z-33,2026-04-27,collection_gap
bin,AMD-BIN-0397,AMD-Z-22,2026-04-27,collection_gap
bin,AMD-BIN-0534,AMD-Z-30,2026-04-27,repeated_overflow
bin,AMD-BIN-0259,AMD-Z-14,2026-04-27,repeated_overflow
bin,AMD-BIN-0239,AMD-Z-13,2026-04-27,collection_gap
bin,AMD-BIN-0394,AMD-Z-22,2026-04-27,collection_gap
bin,AMD-BIN-0212,AMD-Z-11,2026-04-27,overnight_dumping
bin,AMD-BIN-0211,AMD-Z-11,2026-04-27,composition_shift
bin,AMD-BIN-0359,AMD-Z-20,2026-04-27,illegal_dumping_spike
bin,AMD-BIN-0498,AMD-Z-28,2026-04-27,illegal_dumping_spike
bin,AMD-BIN-0066,AMD-Z-03,2026-04-27,overnight_dumping
bin,AMD-BIN-0137,AMD-Z-07,2026-04-27,collection_gap
bin,AMD-BIN-0049,AMD-Z-03,2026-04-27,collection_gap
bin,AMD-BIN-0304,AMD-Z-17,2026-04-27,overnight_dumping
bin,AMD-BIN-0460,AMD-Z-26,2026-04-27,illegal_dumping_spike
bin,AMD-BIN-0564,AMD-Z-31,2026-04-27,collection_gap
bin,AMD-BIN-0209,AMD-Z-11,2026-04-27,collection_gap
bin,AMD-BIN-0522,AMD-Z-29,2026-04-27,illegal_dumping_spike
bin,AMD-BIN-0164,AMD-Z-09,2026-04-28,collection_gap
bin,AMD-BIN-0018,AMD-Z-01,2026-04-28,repeated_overflow
bin,AMD-BIN-0239,AMD-Z-13,2026-04-28,collection_gap
bin,AMD-BIN-0211,AMD-Z-11,2026-04-28,composition_shift
bin,AMD-BIN-0049,AMD-Z-03,2026-04-28,collection_gap
bin,AMD-BIN-0209,AMD-Z-11,2026-04-28,collection_gap
bin,AMD-BIN-0229,AMD-Z-12,2026-04-28,illegal_dumping_spike
bin,AMD-BIN-0048,AMD-Z-03,2026-04-29,repeated_overflow
bin,AMD-BIN-0572,AMD-Z-32,2026-04-29,illegal_dumping_spike
bin,AMD-BIN-0378,AMD-Z-21,2026-04-29,composition_shift
bin,AMD-BIN-0522,AMD-Z-29,2026-04-29,collection_gap
bin,AMD-BIN-0061,AMD-Z-03,2026-04-29,composition_shift
bin,AMD-BIN-0049,AMD-Z-03,2026-04-29,collection_gap
bin,AMD-BIN-0209,AMD-Z-11,2026-04-29,collection_gap
bin,AMD-BIN-0211,AMD-Z-11,2026-04-29,festival_overload
bin,AMD-BIN-0136,AMD-Z-07,2026-04-29,repeated_overflow
bin,AMD-BIN-0503,AMD-Z-28,2026-04-30,repeated_overflow
bin,AMD-BIN-0490,AMD-Z-27,2026-04-30,composition_shift
bin,AMD-BIN-0048,AMD-Z-03,2026-04-30,repeated_overflow
bin,AMD-BIN-0572,AMD-Z-32,2026-04-30,illegal_dumping_spike
bin,AMD-BIN-0522,AMD-Z-29,2026-04-30,collection_gap
bin,AMD-BIN-0405,AMD-Z-22,2026-04-30,festival_overload
bin,AMD-BIN-0010,AMD-Z-01,2026-04-30,overnight_dumping
bin,AMD-BIN-0290,AMD-Z-16,2026-04-30,composition_shift
bin,AMD-BIN-0027,AMD-Z-02,2026-04-30,festival_overload
bin,AMD-BIN-0179,AMD-Z-10,2026-04-30,composition_shift
bin,AMD-BIN-0371,AMD-Z-21,2026-04-30,illegal_dumping_spike
bin,AMD-BIN-0245,AMD-Z-13,2026-04-30,repeated_overflow
bin,AMD-BIN-0019,AMD-Z-01,2026-04-30,overnight_dumping
bin,AMD-BIN-0211,AMD-Z-11,2026-04-30,festival_overload
bin,AMD-BIN-0136,AMD-Z-07,2026-04-30,repeated_overflow
zone,AMD-Z-31,AMD-Z-31,2026-04-30,zone_surge
bin,AMD-BIN-0111,AMD-Z-06,2026-05-01,composition_shift
bin,AMD-BIN-0503,AMD-Z-28,2026-05-01,repeated_overflow
bin,AMD-BIN-0131,AMD-Z-07,2026-05-01,overnight_dumping
bin,AMD-BIN-0048,AMD-Z-03,2026-05-01,repeated_overflow
bin,AMD-BIN-0133,AMD-Z-07,2026-05-01,illegal_dumping_spike
bin,AMD-BIN-0522,AMD-Z-29,2026-05-01,collection_gap
bin,AMD-BIN-0405,AMD-Z-22,2026-05-01,festival_overload
bin,AMD-BIN-0028,AMD-Z-02,2026-05-01,illegal_dumping_spike
bin,AMD-BIN-0456,AMD-Z-26,2026-05-01,repeated_overflow
bin,AMD-BIN-0027,AMD-Z-02,2026-05-01,festival_overload
bin,AMD-BIN-0179,AMD-Z-10,2026-05-01,composition_shift
bin,AMD-BIN-0371,AMD-Z-21,2026-05-01,illegal_dumping_spike
bin,AMD-BIN-0584,AMD-Z-32,2026-05-01,festival_overload
bin,AMD-BIN-0245,AMD-Z-13,2026-05-01,repeated_overflow
bin,AMD-BIN-0507,AMD-Z-28,2026-05-01,illegal_dumping_spike
bin,AMD-BIN-0136,AMD-Z-07,2026-05-01,repeated_overflow
zone,AMD-Z-17,AMD-Z-17,2026-05-01,zone_surge
bin,AMD-BIN-0111,AMD-Z-06,2026-05-02,composition_shift
bin,AMD-BIN-0503,AMD-Z-28,2026-05-02,repeated_overflow
bin,AMD-BIN-0292,AMD-Z-16,2026-05-02,collection_gap
bin,AMD-BIN-0202,AMD-Z-11,2026-05-02,illegal_dumping_spike
bin,AMD-BIN-0085,AMD-Z-04,2026-05-02,illegal_dumping_spike
bin,AMD-BIN-0508,AMD-Z-28,2026-05-02,illegal_dumping_spike
bin,AMD-BIN-0048,AMD-Z-03,2026-05-02,repeated_overflow
bin,AMD-BIN-0477,AMD-Z-27,2026-05-02,weekend_spike
bin,AMD-BIN-0153,AMD-Z-08,2026-05-02,illegal_dumping_spike
bin,AMD-BIN-0118,AMD-Z-06,2026-05-02,weekend_spike
bin,AMD-BIN-0344,AMD-Z-19,2026-05-02,composition_shift
bin,AMD-BIN-0522,AMD-Z-29,2026-05-02,collection_gap
bin,AMD-BIN-0418,AMD-Z-23,2026-05-02,weekend_spike
bin,AMD-BIN-0406,AMD-Z-22,2026-05-02,illegal_dumping_spike
bin,AMD-BIN-0028,AMD-Z-02,2026-05-02,illegal_dumping_spike
bin,AMD-BIN-0456,AMD-Z-26,2026-05-02,repeated_overflow
bin,AMD-BIN-0397,AMD-Z-22,2026-05-02,illegal_dumping_spike
bin,AMD-BIN-0213,AMD-Z-11,2026-05-02,overnight_dumping
bin,AMD-BIN-0275,AMD-Z-15,2026-05-02,repeated_overflow
bin,AMD-BIN-0179,AMD-Z-10,2026-05-02,composition_shift
bin,AMD-BIN-0059,AMD-Z-03,2026-05-02,weekend_spike
bin,AMD-BIN-0584,AMD-Z-32,2026-05-02,festival_overload
bin,AMD-BIN-0408,AMD-Z-23,2026-05-02,illegal_dumping_spike
bin,AMD-BIN-0227,AMD-Z-12,2026-05-02,weekend_spike
bin,AMD-BIN-0188,AMD-Z-10,2026-05-02,illegal_dumping_spike
bin,AMD-BIN-0136,AMD-Z-07,2026-05-02,repeated_overflow
bin,AMD-BIN-0111,AMD-Z-06,2026-05-03,composition_shift
bin,AMD-BIN-0503,AMD-Z-28,2026-05-03,repeated_overflow
bin,AMD-BIN-0256,AMD-Z-14,2026-05-03,overnight_dumping
bin,AMD-BIN-0158,AMD-Z-09,2026-05-03,overnight_dumping
bin,AMD-BIN-0292,AMD-Z-16,2026-05-03,collection_gap
bin,AMD-BIN-0468,AMD-Z-26,2026-05-03,festival_overload
bin,AMD-BIN-0202,AMD-Z-11,2026-05-03,illegal_dumping_spike
bin,AMD-BIN-0085,AMD-Z-04,2026-05-03,illegal_dumping_spike
bin,AMD-BIN-0477,AMD-Z-27,2026-05-03,weekend_spike
bin,AMD-BIN-0522,AMD-Z-29,2026-05-03,illegal_dumping_spike
bin,AMD-BIN-0118,AMD-Z-06,2026-05-03,weekend_spike
bin,AMD-BIN-0344,AMD-Z-19,2026-05-03,composition_shift
bin,AMD-BIN-0418,AMD-Z-23,2026-05-03,weekend_spike
bin,AMD-BIN-0406,AMD-Z-22,2026-05-03,illegal_dumping_spike
bin,AMD-BIN-0456,AMD-Z-26,2026-05-03,repeated_overflow
bin,AMD-BIN-0397,AMD-Z-22,2026-05-03,illegal_dumping_spike
bin,AMD-BIN-0213,AMD-Z-11,2026-05-03,overnight_dumping
bin,AMD-BIN-0574,AMD-Z-32,2026-05-03,repeated_overflow
bin,AMD-BIN-0275,AMD-Z-15,2026-05-03,repeated_overflow
bin,AMD-BIN-0059,AMD-Z-03,2026-05-03,weekend_spike
bin,AMD-BIN-0066,AMD-Z-03,2026-05-04,repeated_overflow
bin,AMD-BIN-0256,AMD-Z-14,2026-05-04,overnight_dumping
bin,AMD-BIN-0468,AMD-Z-26,2026-05-04,festival_overload
bin,AMD-BIN-0522,AMD-Z-29,2026-05-04,illegal_dumping_spike
bin,AMD-BIN-0344,AMD-Z-19,2026-05-04,composition_shift
bin,AMD-BIN-0097,AMD-Z-05,2026-05-04,festival_overload
bin,AMD-BIN-0595,AMD-Z-33,2026-05-04,composition_shift
bin,AMD-BIN-0516,AMD-Z-29,2026-05-04,illegal_dumping_spike
bin,AMD-BIN-0574,AMD-Z-32,2026-05-04,repeated_overflow
bin,AMD-BIN-0440,AMD-Z-25,2026-05-04,illegal_dumping_spike
bin,AMD-BIN-0275,AMD-Z-15,2026-05-04,repeated_overflow
bin,AMD-BIN-0109,AMD-Z-06,2026-05-04,illegal_dumping_spike
bin,AMD-BIN-0293,AMD-Z-16,2026-05-04,collection_gap
bin,AMD-BIN-0066,AMD-Z-03,2026-05-05,repeated_overflow
bin,AMD-BIN-0233,AMD-Z-13,2026-05-05,collection_gap
bin,AMD-BIN-0221,AMD-Z-12,2026-05-05,collection_gap
bin,AMD-BIN-0120,AMD-Z-06,2026-05-05,illegal_dumping_spike
bin,AMD-BIN-0097,AMD-Z-05,2026-05-05,festival_overload
bin,AMD-BIN-0595,AMD-Z-33,2026-05-05,composition_shift
bin,AMD-BIN-0516,AMD-Z-29,2026-05-05,illegal_dumping_spike
bin,AMD-BIN-0275,AMD-Z-15,2026-05-05,repeated_overflow
bin,AMD-BIN-0109,AMD-Z-06,2026-05-05,illegal_dumping_spike
bin,AMD-BIN-0293,AMD-Z-16,2026-05-05,collection_gap
bin,AMD-BIN-0001,AMD-Z-01,2026-05-05,repeated_overflow
bin,AMD-BIN-0225,AMD-Z-12,2026-05-05,composition_shift
bin,AMD-BIN-0238,AMD-Z-13,2026-05-06,illegal_dumping_spike
bin,AMD-BIN-0233,AMD-Z-13,2026-05-06,collection_gap
bin,AMD-BIN-0558,AMD-Z-31,2026-05-06,illegal_dumping_spike
bin,AMD-BIN-0221,AMD-Z-12,2026-05-06,collection_gap
bin,AMD-BIN-0086,AMD-Z-04,2026-05-06,illegal_dumping_spike
bin,AMD-BIN-0034,AMD-Z-02,2026-05-06,overnight_dumping
bin,AMD-BIN-0595,AMD-Z-33,2026-05-06,composition_shift
bin,AMD-BIN-0189,AMD-Z-10,2026-05-06,composition_shift
bin,AMD-BIN-0516,AMD-Z-29,2026-05-06,festival_overload
bin,AMD-BIN-0505,AMD-Z-28,2026-05-06,illegal_dumping_spike
bin,AMD-BIN-0067,AMD-Z-03,2026-05-06,illegal_dumping_spike
bin,AMD-BIN-0001,AMD-Z-01,2026-05-06,repeated_overflow
bin,AMD-BIN-0225,AMD-Z-12,2026-05-06,composition_shift
bin,AMD-BIN-0206,AMD-Z-11,2026-05-07,collection_gap
bin,AMD-BIN-0238,AMD-Z-13,2026-05-07,illegal_dumping_spike
bin,AMD-BIN-0558,AMD-Z-31,2026-05-07,illegal_dumping_spike
bin,AMD-BIN-0221,AMD-Z-12,2026-05-07,collection_gap
bin,AMD-BIN-0112,AMD-Z-06,2026-05-07,illegal_dumping_spike
bin,AMD-BIN-0086,AMD-Z-04,2026-05-07,illegal_dumping_spike
bin,AMD-BIN-0034,AMD-Z-02,2026-05-07,overnight_dumping
bin,AMD-BIN-0593,AMD-Z-33,2026-05-07,illegal_dumping_spike
bin,AMD-BIN-0541,AMD-Z-30,2026-05-07,repeated_overflow
bin,AMD-BIN-0189,AMD-Z-10,2026-05-07,composition_shift
bin,AMD-BIN-0302,AMD-Z-17,2026-05-07,collection_gap
bin,AMD-BIN-0505,AMD-Z-28,2026-05-07,illegal_dumping_spike
bin,AMD-BIN-0478,AMD-Z-27,2026-05-07,collection_gap
bin,AMD-BIN-0509,AMD-Z-28,2026-05-07,illegal_dumping_spike
bin,AMD-BIN-0276,AMD-Z-15,2026-05-07,overnight_dumping
bin,AMD-BIN-0215,AMD-Z-11,2026-05-07,illegal_dumping_spike
bin,AMD-BIN-0225,AMD-Z-12,2026-05-07,composition_shift
bin,AMD-BIN-0021,AMD-Z-01,2026-05-07,collection_gap
bin,AMD-BIN-0189,AMD-Z-10,2026-05-08,composition_shift
bin,AMD-BIN-0206,AMD-Z-11,2026-05-08,collection_gap
bin,AMD-BIN-0447,AMD-Z-25,2026-05-08,collection_gap
bin,AMD-BIN-0287,AMD-Z-16,2026-05-08,illegal_dumping_spike
bin,AMD-BIN-0384,AMD-Z-21,2026-05-08,collection_gap
bin,AMD-BIN-0541,AMD-Z-30,2026-05-08,repeated_overflow
bin,AMD-BIN-0302,AMD-Z-17,2026-05-08,collection_gap
bin,AMD-BIN-0478,AMD-Z-27,2026-05-08,collection_gap
bin,AMD-BIN-0238,AMD-Z-13,2026-05-08,repeated_overflow
bin,AMD-BIN-0015,AMD-Z-01,2026-05-08,composition_shift
bin,AMD-BIN-0276,AMD-Z-15,2026-05-08,overnight_dumping
bin,AMD-BIN-0461,AMD-Z-26,2026-05-08,illegal_dumping_spike
bin,AMD-BIN-0339,AMD-Z-19,2026-05-08,collection_gap
bin,AMD-BIN-0215,AMD-Z-11,2026-05-08,illegal_dumping_spike
bin,AMD-BIN-0021,AMD-Z-01,2026-05-08,collection_gap
bin,AMD-BIN-0401,AMD-Z-22,2026-05-09,composition_shift
bin,AMD-BIN-0306,AMD-Z-17,2026-05-09,overnight_dumping
bin,AMD-BIN-0568,AMD-Z-31,2026-05-09,weekend_spike
bin,AMD-BIN-0189,AMD-Z-10,2026-05-09,composition_shift
bin,AMD-BIN-0191,AMD-Z-10,2026-05-09,illegal_dumping_spike
bin,AMD-BIN-0447,AMD-Z-25,2026-05-09,collection_gap
bin,AMD-BIN-0059,AMD-Z-03,2026-05-09,illegal_dumping_spike
bin,AMD-BIN-0377,AMD-Z-21,2026-05-09,illegal_dumping_spike
bin,AMD-BIN-0132,AMD-Z-07,2026-05-09,repeated_overflow
bin,AMD-BIN-0384,AMD-Z-21,2026-05-09,collection_gap
bin,AMD-BIN-0121,AMD-Z-06,2026-05-09,weekend_spike
bin,AMD-BIN-0541,AMD-Z-30,2026-05-09,repeated_overflow
bin,AMD-BIN-0302,AMD-Z-17,2026-05-09,collection_gap
bin,AMD-BIN-0456,AMD-Z-26,2026-05-09,weekend_spike
bin,AMD-BIN-0483,AMD-Z-27,2026-05-09,weekend_spike
bin,AMD-BIN-0501,AMD-Z-28,2026-05-09,illegal_dumping_spike
bin,AMD-BIN-0238,AMD-Z-13,2026-05-09,repeated_overflow
bin,AMD-BIN-0015,AMD-Z-01,2026-05-09,composition_shift
bin,AMD-BIN-0130,AMD-Z-07,2026-05-09,weekend_spike
bin,AMD-BIN-0600,AMD-Z-33,2026-05-09,festival_overload
bin,AMD-BIN-0339,AMD-Z-19,2026-05-09,collection_gap
bin,AMD-BIN-0329,AMD-Z-18,2026-05-09,weekend_spike
bin,AMD-BIN-0021,AMD-Z-01,2026-05-09,collection_gap
bin,AMD-BIN-0191,AMD-Z-10,2026-05-10,illegal_dumping_spike
bin,AMD-BIN-0447,AMD-Z-25,2026-05-10,collection_gap
bin,AMD-BIN-0306,AMD-Z-17,2026-05-10,repeated_overflow
bin,AMD-BIN-0059,AMD-Z-03,2026-05-10,illegal_dumping_spike
bin,AMD-BIN-0132,AMD-Z-07,2026-05-10,repeated_overflow
bin,AMD-BIN-0384,AMD-Z-21,2026-05-10,collection_gap
bin,AMD-BIN-0121,AMD-Z-06,2026-05-10,weekend_spike
bin,AMD-BIN-0541,AMD-Z-30,2026-05-10,repeated_overflow
bin,AMD-BIN-0112,AMD-Z-06,2026-05-10,collection_gap
bin,AMD-BIN-0483,AMD-Z-27,2026-05-10,weekend_spike
bin,AMD-BIN-0130,AMD-Z-07,2026-05-10,weekend_spike
bin,AMD-BIN-0339,AMD-Z-19,2026-05-10,collection_gap
bin,AMD-BIN-0558,AMD-Z-31,2026-05-10,repeated_overflow
bin,AMD-BIN-0329,AMD-Z-18,2026-05-10,weekend_spike
zone,AMD-Z-04,AMD-Z-04,2026-05-10,zone_surge
bin,AMD-BIN-0299,AMD-Z-17,2026-05-11,collection_gap
bin,AMD-BIN-0132,AMD-Z-07,2026-05-11,repeated_overflow
bin,AMD-BIN-0217,AMD-Z-12,2026-05-11,illegal_dumping_spike
bin,AMD-BIN-0017,AMD-Z-01,2026-05-11,festival_overload
bin,AMD-BIN-0541,AMD-Z-30,2026-05-11,illegal_dumping_spike
bin,AMD-BIN-0112,AMD-Z-06,2026-05-11,collection_gap
bin,AMD-BIN-0106,AMD-Z-06,2026-05-11,illegal_dumping_spike
bin,AMD-BIN-0533,AMD-Z-30,2026-05-11,festival_overload
bin,AMD-BIN-0558,AMD-Z-31,2026-05-11,repeated_overflow
bin,AMD-BIN-0022,AMD-Z-01,2026-05-11,illegal_dumping_spike
bin,AMD-BIN-0215,AMD-Z-11,2026-05-12,composition_shift
bin,AMD-BIN-0206,AMD-Z-11,2026-05-12,composition_shift
bin,AMD-BIN-0410,AMD-Z-23,2026-05-12,collection_gap
bin,AMD-BIN-0299,AMD-Z-17,2026-05-12,collection_gap
bin,AMD-BIN-0039,AMD-Z-02,2026-05-12,illegal_dumping_spike
bin,AMD-BIN-0319,AMD-Z-18,2026-05-12,illegal_dumping_spike
bin,AMD-BIN-0568,AMD-Z-31,2026-05-12,collection_gap
bin,AMD-BIN-0542,AMD-Z-30,2026-05-12,illegal_dumping_spike
bin,AMD-BIN-0268,AMD-Z-15,2026-05-12,overnight_dumping
bin,AMD-BIN-0217,AMD-Z-12,2026-05-12,illegal_dumping_spike
bin,AMD-BIN-0017,AMD-Z-01,2026-05-12,festival_overload
bin,AMD-BIN-0112,AMD-Z-06,2026-05-12,collection_gap
bin,AMD-BIN-0275,AMD-Z-15,2026-05-12,illegal_dumping_spike
bin,AMD-BIN-0297,AMD-Z-16,2026-05-12,composition_shift
bin,AMD-BIN-0144,AMD-Z-08,2026-05-12,composition_shift
bin,AMD-BIN-0106,AMD-Z-06,2026-05-12,illegal_dumping_spike
bin,AMD-BIN-0533,AMD-Z-30,2026-05-12,festival_overload
bin,AMD-BIN-0558,AMD-Z-31,2026-05-12,repeated_overflow
bin,AMD-BIN-0022,AMD-Z-01,2026-05-12,illegal_dumping_spike
bin,AMD-BIN-0544,AMD-Z-30,2026-05-13,repeated_overflow
bin,AMD-BIN-0206,AMD-Z-11,2026-05-13,composition_shift
bin,AMD-BIN-0410,AMD-Z-23,2026-05-13,collection_gap
bin,AMD-BIN-0275,AMD-Z-15,2026-05-13,festival_overload
bin,AMD-BIN-0039,AMD-Z-02,2026-05-13,illegal_dumping_spike
bin,AMD-BIN-0319,AMD-Z-18,2026-05-13,illegal_dumping_spike
bin,AMD-BIN-0127,AMD-Z-07,2026-05-13,illegal_dumping_spike
bin,AMD-BIN-0425,AMD-Z-24,2026-05-13,repeated_overflow
bin,AMD-BIN-0568,AMD-Z-31,2026-05-13,collection_gap
bin,AMD-BIN-0082,AMD-Z-04,2026-05-13,composition_shift
bin,AMD-BIN-0012,AMD-Z-01,2026-05-13,overnight_dumping
bin,AMD-BIN-0297,AMD-Z-16,2026-05-13,composition_shift
bin,AMD-BIN-0108,AMD-Z-06,2026-05-13,overnight_dumping
bin,AMD-BIN-0552,AMD-Z-30,2026-05-13,illegal_dumping_spike
bin,AMD-BIN-0299,AMD-Z-17,2026-05-13,composition_shift
bin,AMD-BIN-0544,AMD-Z-30,2026-05-14,repeated_overflow
bin,AMD-BIN-0206,AMD-Z-11,2026-05-14,composition_shift
bin,AMD-BIN-0410,AMD-Z-23,2026-05-14,collection_gap
bin,AMD-BIN-0275,AMD-Z-15,2026-05-14,festival_overload
bin,AMD-BIN-0084,AMD-Z-04,2026-05-14,collection_gap
bin,AMD-BIN-0276,AMD-Z-15,2026-05-14,collection_gap
bin,AMD-BIN-0425,AMD-Z-24,2026-05-14,repeated_overflow
bin,AMD-BIN-0568,AMD-Z-31,2026-05-14,collection_gap
bin,AMD-BIN-0297,AMD-Z-16,2026-05-14,composition_shift
bin,AMD-BIN-0552,AMD-Z-30,2026-05-14,illegal_dumping_spike
bin,AMD-BIN-0082,AMD-Z-04,2026-05-14,composition_shift
bin,AMD-BIN-0544,AMD-Z-30,2026-05-15,repeated_overflow
bin,AMD-BIN-0306,AMD-Z-17,2026-05-15,composition_shift
bin,AMD-BIN-0569,AMD-Z-32,2026-05-15,illegal_dumping_spike
bin,AMD-BIN-0084,AMD-Z-04,2026-05-15,collection_gap
bin,AMD-BIN-0591,AMD-Z-33,2026-05-15,repeated_overflow
bin,AMD-BIN-0545,AMD-Z-30,2026-05-15,repeated_overflow
bin,AMD-BIN-0276,AMD-Z-15,2026-05-15,collection_gap
bin,AMD-BIN-0136,AMD-Z-07,2026-05-15,composition_shift
bin,AMD-BIN-0568,AMD-Z-31,2026-05-15,collection_gap
bin,AMD-BIN-0226,AMD-Z-12,2026-05-15,composition_shift
bin,AMD-BIN-0082,AMD-Z-04,2026-05-15,composition_shift
bin,AMD-BIN-0243,AMD-Z-13,2026-05-15,collection_gap
bin,AMD-BIN-0544,AMD-Z-30,2026-05-16,repeated_overflow
bin,AMD-BIN-0239,AMD-Z-13,2026-05-16,weekend_spike
bin,AMD-BIN-0569,AMD-Z-32,2026-05-16,illegal_dumping_spike
bin,AMD-BIN-0555,AMD-Z-31,2026-05-16,illegal_dumping_spike
bin,AMD-BIN-0084,AMD-Z-04,2026-05-16,collection_gap
bin,AMD-BIN-0561,AMD-Z-31,2026-05-16,repeated_overflow
bin,AMD-BIN-0591,AMD-Z-33,2026-05-16,repeated_overflow
bin,AMD-BIN-0545,AMD-Z-30,2026-05-16,repeated_overflow
bin,AMD-BIN-0136,AMD-Z-07,2026-05-16,composition_shift
bin,AMD-BIN-0211,AMD-Z-11,2026-05-16,weekend_spike
bin,AMD-BIN-0428,AMD-Z-24,2026-05-16,composition_shift
bin,AMD-BIN-0226,AMD-Z-12,2026-05-16,composition_shift
bin,AMD-BIN-0216,AMD-Z-12,2026-05-16,overnight_dumping
bin,AMD-BIN-0243,AMD-Z-13,2026-05-16,collection_gap
bin,AMD-BIN-0255,AMD-Z-14,2026-05-16,weekend_spike
bin,AMD-BIN-0068,AMD-Z-04,2026-05-16,weekend_spike
bin,AMD-BIN-0576,AMD-Z-32,2026-05-17,collection_gap
bin,AMD-BIN-0555,AMD-Z-31,2026-05-17,illegal_dumping_spike
bin,AMD-BIN-0084,AMD-Z-04,2026-05-17,collection_gap
bin,AMD-BIN-0513,AMD-Z-28,2026-05-17,composition_shift
bin,AMD-BIN-0561,AMD-Z-31,2026-05-17,repeated_overflow
bin,AMD-BIN-0591,AMD-Z-33,2026-05-17,repeated_overflow
bin,AMD-BIN-0214,AMD-Z-11,2026-05-17,illegal_dumping_spike
bin,AMD-BIN-0136,AMD-Z-07,2026-05-17,composition_shift
bin,AMD-BIN-0211,AMD-Z-11,2026-05-17,weekend_spike
bin,AMD-BIN-0249,AMD-Z-13,2026-05-17,illegal_dumping_spike
bin,AMD-BIN-0226,AMD-Z-12,2026-05-17,composition_shift
bin,AMD-BIN-0184,AMD-Z-10,2026-05-17,repeated_overflow
bin,AMD-BIN-0137,AMD-Z-07,2026-05-17,overnight_dumping
bin,AMD-BIN-0216,AMD-Z-12,2026-05-17,overnight_dumping
bin,AMD-BIN-0243,AMD-Z-13,2026-05-17,collection_gap
bin,AMD-BIN-0247,AMD-Z-13,2026-05-17,overnight_dumping
bin,AMD-BIN-0141,AMD-Z-08,2026-05-17,festival_overload
bin,AMD-BIN-0203,AMD-Z-11,2026-05-17,collection_gap
bin,AMD-BIN-0068,AMD-Z-04,2026-05-17,weekend_spike
bin,AMD-BIN-0576,AMD-Z-32,2026-05-18,collection_gap
bin,AMD-BIN-0216,AMD-Z-12,2026-05-18,illegal_dumping_spike
bin,AMD-BIN-0460,AMD-Z-26,2026-05-18,composition_shift
bin,AMD-BIN-0030,AMD-Z-02,2026-05-18,repeated_overflow
bin,AMD-BIN-0513,AMD-Z-28,2026-05-18,composition_shift
bin,AMD-BIN-0561,AMD-Z-31,2026-05-18,repeated_overflow
bin,AMD-BIN-0201,AMD-Z-11,2026-05-18,festival_overload
bin,AMD-BIN-0204,AMD-Z-11,2026-05-18,repeated_overflow
bin,AMD-BIN-0214,AMD-Z-11,2026-05-18,illegal_dumping_spike
bin,AMD-BIN-0249,AMD-Z-13,2026-05-18,illegal_dumping_spike
bin,AMD-BIN-0184,AMD-Z-10,2026-05-18,repeated_overflow
bin,AMD-BIN-0137,AMD-Z-07,2026-05-18,overnight_dumping
bin,AMD-BIN-0117,AMD-Z-06,2026-05-18,collection_gap
bin,AMD-BIN-0243,AMD-Z-13,2026-05-18,collection_gap
bin,AMD-BIN-0141,AMD-Z-08,2026-05-18,festival_overload
bin,AMD-BIN-0203,AMD-Z-11,2026-05-18,collection_gap
bin,AMD-BIN-0315,AMD-Z-18,2026-05-18,repeated_overflow
bin,AMD-BIN-0189,AMD-Z-10,2026-05-18,illegal_dumping_spike
bin,AMD-BIN-0576,AMD-Z-32,2026-05-19,collection_gap
bin,AMD-BIN-0263,AMD-Z-14,2026-05-19,overnight_dumping
bin,AMD-BIN-0216,AMD-Z-12,2026-05-19,illegal_dumping_spike
bin,AMD-BIN-0030,AMD-Z-02,2026-05-19,repeated_overflow
bin,AMD-BIN-0561,AMD-Z-31,2026-05-19,repeated_overflow
bin,AMD-BIN-0201,AMD-Z-11,2026-05-19,festival_overload
bin,AMD-BIN-0113,AMD-Z-06,2026-05-19,collection_gap
bin,AMD-BIN-0595,AMD-Z-33,2026-05-19,illegal_dumping_spike
bin,AMD-BIN-0204,AMD-Z-11,2026-05-19,repeated_overflow
bin,AMD-BIN-0299,AMD-Z-17,2026-05-19,illegal_dumping_spike
bin,AMD-BIN-0151,AMD-Z-08,2026-05-19,repeated_overflow
bin,AMD-BIN-0144,AMD-Z-08,2026-05-19,repeated_overflow
bin,AMD-BIN-0184,AMD-Z-10,2026-05-19,repeated_overflow
bin,AMD-BIN-0338,AMD-Z-19,2026-05-19,collection_gap
bin,AMD-BIN-0490,AMD-Z-27,2026-05-19,collection_gap
bin,AMD-BIN-0117,AMD-Z-06,2026-05-19,collection_gap
bin,AMD-BIN-0203,AMD-Z-11,2026-05-19,collection_gap
bin,AMD-BIN-0315,AMD-Z-18,2026-05-19,repeated_overflow
bin,AMD-BIN-0259,AMD-Z-14,2026-05-20,composition_shift
bin,AMD-BIN-0576,AMD-Z-32,2026-05-20,collection_gap
bin,AMD-BIN-0040,AMD-Z-02,2026-05-20,composition_shift
bin,AMD-BIN-0491,AMD-Z-27,2026-05-20,repeated_overflow
bin,AMD-BIN-0030,AMD-Z-02,2026-05-20,repeated_overflow
bin,AMD-BIN-0247,AMD-Z-13,2026-05-20,illegal_dumping_spike
bin,AMD-BIN-0113,AMD-Z-06,2026-05-20,collection_gap
bin,AMD-BIN-0595,AMD-Z-33,2026-05-20,illegal_dumping_spike
bin,AMD-BIN-0204,AMD-Z-11,2026-05-20,repeated_overflow
bin,AMD-BIN-0011,AMD-Z-01,2026-05-20,collection_gap
bin,AMD-BIN-0151,AMD-Z-08,2026-05-20,repeated_overflow
bin,AMD-BIN-0008,AMD-Z-01,2026-05-20,overnight_dumping
bin,AMD-BIN-0144,AMD-Z-08,2026-05-20,repeated_overflow
bin,AMD-BIN-0534,AMD-Z-30,2026-05-20,overnight_dumping
bin,AMD-BIN-0039,AMD-Z-02,2026-05-20,composition_shift
bin,AMD-BIN-0037,AMD-Z-02,2026-05-20,overnight_dumping
bin,AMD-BIN-0184,AMD-Z-10,2026-05-20,repeated_overflow
bin,AMD-BIN-0338,AMD-Z-19,2026-05-20,collection_gap
bin,AMD-BIN-0025,AMD-Z-02,2026-05-20,repeated_overflow
bin,AMD-BIN-0477,AMD-Z-27,2026-05-20,illegal_dumping_spike
bin,AMD-BIN-0490,AMD-Z-27,2026-05-20,collection_gap
bin,AMD-BIN-0203,AMD-Z-11,2026-05-20,collection_gap
bin,AMD-BIN-0315,AMD-Z-18,2026-05-20,repeated_overflow
bin,AMD-BIN-0519,AMD-Z-29,2026-05-20,collection_gap
bin,AMD-BIN-0259,AMD-Z-14,2026-05-21,composition_shift
bin,AMD-BIN-0491,AMD-Z-27,2026-05-21,repeated_overflow
bin,AMD-BIN-0247,AMD-Z-13,2026-05-21,illegal_dumping_spike
bin,AMD-BIN-0113,AMD-Z-06,2026-05-21,collection_gap
bin,AMD-BIN-0204,AMD-Z-11,2026-05-21,repeated_overflow
bin,AMD-BIN-0011,AMD-Z-01,2026-05-21,collection_gap
bin,AMD-BIN-0281,AMD-Z-15,2026-05-21,illegal_dumping_spike
bin,AMD-BIN-0151,AMD-Z-08,2026-05-21,repeated_overflow
bin,AMD-BIN-0046,AMD-Z-03,2026-05-21,illegal_dumping_spike
bin,AMD-BIN-0008,AMD-Z-01,2026-05-21,overnight_dumping
bin,AMD-BIN-0600,AMD-Z-33,2026-05-21,illegal_dumping_spike
bin,AMD-BIN-0039,AMD-Z-02,2026-05-21,composition_shift
bin,AMD-BIN-0594,AMD-Z-33,2026-05-21,composition_shift
bin,AMD-BIN-0338,AMD-Z-19,2026-05-21,collection_gap
bin,AMD-BIN-0025,AMD-Z-02,2026-05-21,repeated_overflow
bin,AMD-BIN-0477,AMD-Z-27,2026-05-21,illegal_dumping_spike
bin,AMD-BIN-0490,AMD-Z-27,2026-05-21,collection_gap
bin,AMD-BIN-0315,AMD-Z-18,2026-05-21,repeated_overflow
bin,AMD-BIN-0519,AMD-Z-29,2026-05-21,collection_gap
bin,AMD-BIN-0092,AMD-Z-05,2026-05-22,illegal_dumping_spike
bin,AMD-BIN-0259,AMD-Z-14,2026-05-22,composition_shift
bin,AMD-BIN-0113,AMD-Z-06,2026-05-22,collection_gap
bin,AMD-BIN-0011,AMD-Z-01,2026-05-22,collection_gap
bin,AMD-BIN-0281,AMD-Z-15,2026-05-22,illegal_dumping_spike
bin,AMD-BIN-0343,AMD-Z-19,2026-05-22,overnight_dumping
bin,AMD-BIN-0046,AMD-Z-03,2026-05-22,illegal_dumping_spike
bin,AMD-BIN-0252,AMD-Z-14,2026-05-22,composition_shift
bin,AMD-BIN-0061,AMD-Z-03,2026-05-22,festival_overload
bin,AMD-BIN-0594,AMD-Z-33,2026-05-22,composition_shift
bin,AMD-BIN-0490,AMD-Z-27,2026-05-22,collection_gap
bin,AMD-BIN-0519,AMD-Z-29,2026-05-22,collection_gap
zone,AMD-Z-19,AMD-Z-19,2026-05-22,zone_surge
bin,AMD-BIN-0077,AMD-Z-04,2026-05-23,composition_shift
bin,AMD-BIN-0212,AMD-Z-11,2026-05-23,weekend_spike
bin,AMD-BIN-0072,AMD-Z-04,2026-05-23,repeated_overflow
bin,AMD-BIN-0448,AMD-Z-25,2026-05-23,collection_gap
bin,AMD-BIN-0441,AMD-Z-25,2026-05-23,weekend_spike
bin,AMD-BIN-0315,AMD-Z-18,2026-05-23,weekend_spike
bin,AMD-BIN-0011,AMD-Z-01,2026-05-23,collection_gap
bin,AMD-BIN-0288,AMD-Z-16,2026-05-23,composition_shift
bin,AMD-BIN-0343,AMD-Z-19,2026-05-23,overnight_dumping
bin,AMD-BIN-0303,AMD-Z-17,2026-05-23,overnight_dumping
bin,AMD-BIN-0252,AMD-Z-14,2026-05-23,composition_shift
bin,AMD-BIN-0323,AMD-Z-18,2026-05-23,weekend_spike
bin,AMD-BIN-0018,AMD-Z-01,2026-05-23,overnight_dumping
bin,AMD-BIN-0022,AMD-Z-01,2026-05-23,illegal_dumping_spike
bin,AMD-BIN-0092,AMD-Z-05,2026-05-23,festival_overload
bin,AMD-BIN-0482,AMD-Z-27,2026-05-23,composition_shift
bin,AMD-BIN-0237,AMD-Z-13,2026-05-23,weekend_spike
bin,AMD-BIN-0141,AMD-Z-08,2026-05-23,collection_gap
bin,AMD-BIN-0129,AMD-Z-07,2026-05-23,weekend_spike
bin,AMD-BIN-0549,AMD-Z-30,2026-05-23,festival_overload
bin,AMD-BIN-0519,AMD-Z-29,2026-05-23,collection_gap
bin,AMD-BIN-0145,AMD-Z-08,2026-05-24,illegal_dumping_spike
bin,AMD-BIN-0077,AMD-Z-04,2026-05-24,composition_shift
bin,AMD-BIN-0212,AMD-Z-11,2026-05-24,weekend_spike
bin,AMD-BIN-0072,AMD-Z-04,2026-05-24,repeated_overflow
bin,AMD-BIN-0448,AMD-Z-25,2026-05-24,collection_gap
bin,AMD-BIN-0315,AMD-Z-18,2026-05-24,weekend_spike
bin,AMD-BIN-0288,AMD-Z-16,2026-05-24,composition_shift
bin,AMD-BIN-0193,AMD-Z-11,2026-05-24,illegal_dumping_spike
bin,AMD-BIN-0498,AMD-Z-28,2026-05-24,illegal_dumping_spike
bin,AMD-BIN-0303,AMD-Z-17,2026-05-24,overnight_dumping
bin,AMD-BIN-0252,AMD-Z-14,2026-05-24,composition_shift
bin,AMD-BIN-0018,AMD-Z-01,2026-05-24,overnight_dumping
bin,AMD-BIN-0556,AMD-Z-31,2026-05-24,illegal_dumping_spike
bin,AMD-BIN-0580,AMD-Z-32,2026-05-24,overnight_dumping
bin,AMD-BIN-0482,AMD-Z-27,2026-05-24,composition_shift
bin,AMD-BIN-0237,AMD-Z-13,2026-05-24,weekend_spike
bin,AMD-BIN-0508,AMD-Z-28,2026-05-24,repeated_overflow
bin,AMD-BIN-0141,AMD-Z-08,2026-05-24,collection_gap
bin,AMD-BIN-0077,AMD-Z-04,2026-05-25,composition_shift
bin,AMD-BIN-0045,AMD-Z-03,2026-05-25,repeated_overflow
bin,AMD-BIN-0498,AMD-Z-28,2026-05-25,illegal_dumping_spike
bin,AMD-BIN-0235,AMD-Z-13,2026-05-25,composition_shift
bin,AMD-BIN-0508,AMD-Z-28,2026-05-25,repeated_overflow
bin,AMD-BIN-0141,AMD-Z-08,2026-05-25,collection_gap
bin,AMD-BIN-0331,AMD-Z-18,2026-05-25,illegal_dumping_spike
bin,AMD-BIN-0405,AMD-Z-22,2026-05-25,collection_gap
bin,AMD-BIN-0055,AMD-Z-03,2026-05-25,illegal_dumping_spike
zone,AMD-Z-13,AMD-Z-13,2026-05-25,zone_surge
bin,AMD-BIN-0393,AMD-Z-22,2026-05-26,collection_gap
bin,AMD-BIN-0045,AMD-Z-03,2026-05-26,repeated_overflow
bin,AMD-BIN-0041,AMD-Z-02,2026-05-26,collection_gap
bin,AMD-BIN-0122,AMD-Z-06,2026-05-26,collection_gap
bin,AMD-BIN-0386,AMD-Z-21,2026-05-26,collection_gap
bin,AMD-BIN-0235,AMD-Z-13,2026-05-26,composition_shift
bin,AMD-BIN-0508,AMD-Z-28,2026-05-26,repeated_overflow
bin,AMD-BIN-0331,AMD-Z-18,2026-05-26,illegal_dumping_spike
bin,AMD-BIN-0405,AMD-Z-22,2026-05-26,collection_gap
bin,AMD-BIN-0393,AMD-Z-22,2026-05-27,collection_gap
bin,AMD-BIN-0090,AMD-Z-05,2026-05-27,composition_shift
bin,AMD-BIN-0045,AMD-Z-03,2026-05-27,repeated_overflow
bin,AMD-BIN-0041,AMD-Z-02,2026-05-27,collection_gap
bin,AMD-BIN-0122,AMD-Z-06,2026-05-27,collection_gap
bin,AMD-BIN-0527,AMD-Z-29,2026-05-27,festival_overload
bin,AMD-BIN-0386,AMD-Z-21,2026-05-27,collection_gap
bin,AMD-BIN-0594,AMD-Z-33,2026-05-27,collection_gap
bin,AMD-BIN-0062,AMD-Z-03,2026-05-27,repeated_overflow
bin,AMD-BIN-0508,AMD-Z-28,2026-05-27,repeated_overflow
bin,AMD-BIN-0405,AMD-Z-22,2026-05-27,collection_gap
bin,AMD-BIN-0416,AMD-Z-23,2026-05-27,festival_overload
bin,AMD-BIN-0358,AMD-Z-20,2026-05-27,repeated_overflow
zone,AMD-Z-18,AMD-Z-18,2026-05-27,zone_surge
bin,AMD-BIN-0413,AMD-Z-23,2026-05-28,illegal_dumping_spike
bin,AMD-BIN-0393,AMD-Z-22,2026-05-28,collection_gap
bin,AMD-BIN-0593,AMD-Z-33,2026-05-28,festival_overload
bin,AMD-BIN-0090,AMD-Z-05,2026-05-28,composition_shift
bin,AMD-BIN-0041,AMD-Z-02,2026-05-28,collection_gap
bin,AMD-BIN-0122,AMD-Z-06,2026-05-28,collection_gap
bin,AMD-BIN-0109,AMD-Z-06,2026-05-28,collection_gap
bin,AMD-BIN-0527,AMD-Z-29,2026-05-28,festival_overload
bin,AMD-BIN-0018,AMD-Z-01,2026-05-28,festival_overload
bin,AMD-BIN-0502,AMD-Z-28,2026-05-28,collection_gap
bin,AMD-BIN-0440,AMD-Z-25,2026-05-28,illegal_dumping_spike
bin,AMD-BIN-0594,AMD-Z-33,2026-05-28,collection_gap
bin,AMD-BIN-0383,AMD-Z-21,2026-05-28,illegal_dumping_spike
bin,AMD-BIN-0468,AMD-Z-26,2026-05-28,composition_shift
bin,AMD-BIN-0062,AMD-Z-03,2026-05-28,repeated_overflow
bin,AMD-BIN-0117,AMD-Z-06,2026-05-28,festival_overload
bin,AMD-BIN-0493,AMD-Z-28,2026-05-28,repeated_overflow
bin,AMD-BIN-0405,AMD-Z-22,2026-05-28,collection_gap
bin,AMD-BIN-0442,AMD-Z-25,2026-05-28,illegal_dumping_spike
bin,AMD-BIN-0358,AMD-Z-20,2026-05-28,repeated_overflow
bin,AMD-BIN-0320,AMD-Z-18,2026-05-28,overnight_dumping
bin,AMD-BIN-0561,AMD-Z-31,2026-05-29,collection_gap
bin,AMD-BIN-0041,AMD-Z-02,2026-05-29,collection_gap
bin,AMD-BIN-0122,AMD-Z-06,2026-05-29,collection_gap
bin,AMD-BIN-0481,AMD-Z-27,2026-05-29,composition_shift
bin,AMD-BIN-0109,AMD-Z-06,2026-05-29,collection_gap
bin,AMD-BIN-0502,AMD-Z-28,2026-05-29,collection_gap
bin,AMD-BIN-0304,AMD-Z-17,2026-05-29,composition_shift
bin,AMD-BIN-0594,AMD-Z-33,2026-05-29,collection_gap
bin,AMD-BIN-0383,AMD-Z-21,2026-05-29,illegal_dumping_spike
bin,AMD-BIN-0290,AMD-Z-16,2026-05-29,composition_shift
bin,AMD-BIN-0468,AMD-Z-26,2026-05-29,composition_shift
bin,AMD-BIN-0062,AMD-Z-03,2026-05-29,repeated_overflow
bin,AMD-BIN-0568,AMD-Z-31,2026-05-29,composition_shift
bin,AMD-BIN-0493,AMD-Z-28,2026-05-29,repeated_overflow
bin,AMD-BIN-0358,AMD-Z-20,2026-05-29,repeated_overflow
bin,AMD-BIN-0320,AMD-Z-18,2026-05-29,overnight_dumping
bin,AMD-BIN-0037,AMD-Z-02,2026-05-30,repeated_overflow
bin,AMD-BIN-0155,AMD-Z-08,2026-05-30,weekend_spike
bin,AMD-BIN-0561,AMD-Z-31,2026-05-30,collection_gap
bin,AMD-BIN-0497,AMD-Z-28,2026-05-30,weekend_spike
bin,AMD-BIN-0517,AMD-Z-29,2026-05-30,weekend_spike
bin,AMD-BIN-0481,AMD-Z-27,2026-05-30,composition_shift
bin,AMD-BIN-0109,AMD-Z-06,2026-05-30,collection_gap
bin,AMD-BIN-0391,AMD-Z-22,2026-05-30,illegal_dumping_spike
bin,AMD-BIN-0594,AMD-Z-33,2026-05-30,collection_gap
bin,AMD-BIN-0468,AMD-Z-26,2026-05-30,composition_shift
bin,AMD-BIN-0568,AMD-Z-31,2026-05-30,composition_shift
bin,AMD-BIN-0493,AMD-Z-28,2026-05-30,repeated_overflow
bin,AMD-BIN-0060,AMD-Z-03,2026-05-30,weekend_spike
bin,AMD-BIN-0358,AMD-Z-20,2026-05-30,repeated_overflow
bin,AMD-BIN-0037,AMD-Z-02,2026-05-31,repeated_overflow
bin,AMD-BIN-0561,AMD-Z-31,2026-05-31,collection_gap
bin,AMD-BIN-0497,AMD-Z-28,2026-05-31,weekend_spike
bin,AMD-BIN-0109,AMD-Z-06,2026-05-31,collection_gap
bin,AMD-BIN-0272,AMD-Z-15,2026-05-31,festival_overload
bin,AMD-BIN-0233,AMD-Z-13,2026-05-31,overnight_dumping
bin,AMD-BIN-0443,AMD-Z-25,2026-05-31,overnight_dumping
bin,AMD-BIN-0426,AMD-Z-24,2026-05-31,composition_shift
bin,AMD-BIN-0346,AMD-Z-19,2026-05-31,composition_shift
bin,AMD-BIN-0518,AMD-Z-29,2026-05-31,illegal_dumping_spike
bin,AMD-BIN-0202,AMD-Z-11,2026-05-31,collection_gap
bin,AMD-BIN-0493,AMD-Z-28,2026-05-31,repeated_overflow
bin,AMD-BIN-0060,AMD-Z-03,2026-05-31,weekend_spike
bin,AMD-BIN-0356,AMD-Z-20,2026-05-31,composition_shift
bin,AMD-BIN-0037,AMD-Z-02,2026-06-01,repeated_overflow
bin,AMD-BIN-0271,AMD-Z-15,2026-06-01,composition_shift
bin,AMD-BIN-0451,AMD-Z-25,2026-06-01,illegal_dumping_spike
bin,AMD-BIN-0385,AMD-Z-21,2026-06-01,overnight_dumping
bin,AMD-BIN-0233,AMD-Z-13,2026-06-01,overnight_dumping
bin,AMD-BIN-0443,AMD-Z-25,2026-06-01,overnight_dumping
bin,AMD-BIN-0426,AMD-Z-24,2026-06-01,composition_shift
bin,AMD-BIN-0292,AMD-Z-16,2026-06-01,illegal_dumping_spike
bin,AMD-BIN-0346,AMD-Z-19,2026-06-01,composition_shift
bin,AMD-BIN-0518,AMD-Z-29,2026-06-01,illegal_dumping_spike
bin,AMD-BIN-0202,AMD-Z-11,2026-06-01,collection_gap
bin,AMD-BIN-0356,AMD-Z-20,2026-06-01,composition_shift
bin,AMD-BIN-0598,AMD-Z-33,2026-06-01,illegal_dumping_spike
bin,AMD-BIN-0198,AMD-Z-11,2026-06-01,composition_shift
bin,AMD-BIN-0290,AMD-Z-16,2026-06-02,collection_gap
bin,AMD-BIN-0131,AMD-Z-07,2026-06-02,collection_gap
bin,AMD-BIN-0176,AMD-Z-10,2026-06-02,composition_shift
bin,AMD-BIN-0451,AMD-Z-25,2026-06-02,illegal_dumping_spike
bin,AMD-BIN-0110,AMD-Z-06,2026-06-02,overnight_dumping
bin,AMD-BIN-0409,AMD-Z-23,2026-06-02,repeated_overflow
bin,AMD-BIN-0568,AMD-Z-31,2026-06-02,illegal_dumping_spike
bin,AMD-BIN-0439,AMD-Z-25,2026-06-02,overnight_dumping
bin,AMD-BIN-0490,AMD-Z-27,2026-06-02,overnight_dumping
bin,AMD-BIN-0346,AMD-Z-19,2026-06-02,composition_shift
bin,AMD-BIN-0202,AMD-Z-11,2026-06-02,collection_gap
bin,AMD-BIN-0356,AMD-Z-20,2026-06-02,composition_shift
bin,AMD-BIN-0198,AMD-Z-11,2026-06-02,composition_shift
zone,AMD-Z-16,AMD-Z-16,2026-06-02,zone_surge
bin,AMD-BIN-0290,AMD-Z-16,2026-06-03,collection_gap
bin,AMD-BIN-0131,AMD-Z-07,2026-06-03,collection_gap
bin,AMD-BIN-0176,AMD-Z-10,2026-06-03,composition_shift
bin,AMD-BIN-0451,AMD-Z-25,2026-06-03,collection_gap
bin,AMD-BIN-0110,AMD-Z-06,2026-06-03,overnight_dumping
bin,AMD-BIN-0409,AMD-Z-23,2026-06-03,repeated_overflow
bin,AMD-BIN-0384,AMD-Z-21,2026-06-03,collection_gap
bin,AMD-BIN-0012,AMD-Z-01,2026-06-03,repeated_overflow
bin,AMD-BIN-0439,AMD-Z-25,2026-06-03,overnight_dumping
zone,AMD-Z-29,AMD-Z-29,2026-06-03,zone_surge
bin,AMD-BIN-0031,AMD-Z-02,2026-06-04,repeated_overflow
bin,AMD-BIN-0008,AMD-Z-01,2026-06-04,composition_shift
bin,AMD-BIN-0451,AMD-Z-25,2026-06-04,collection_gap
bin,AMD-BIN-0409,AMD-Z-23,2026-06-04,repeated_overflow
bin,AMD-BIN-0384,AMD-Z-21,2026-06-04,collection_gap
bin,AMD-BIN-0012,AMD-Z-01,2026-06-04,repeated_overflow
bin,AMD-BIN-0492,AMD-Z-27,2026-06-04,overnight_dumping
bin,AMD-BIN-0371,AMD-Z-21,2026-06-04,illegal_dumping_spike
zone,AMD-Z-14,AMD-Z-14,2026-06-04,zone_surge
bin,AMD-BIN-0031,AMD-Z-02,2026-06-05,repeated_overflow
bin,AMD-BIN-0538,AMD-Z-30,2026-06-05,illegal_dumping_spike
bin,AMD-BIN-0310,AMD-Z-17,2026-06-05,overnight_dumping
bin,AMD-BIN-0077,AMD-Z-04,2026-06-05,overnight_dumping
bin,AMD-BIN-0262,AMD-Z-14,2026-06-05,collection_gap
bin,AMD-BIN-0451,AMD-Z-25,2026-06-05,collection_gap
bin,AMD-BIN-0409,AMD-Z-23,2026-06-05,repeated_overflow
bin,AMD-BIN-0384,AMD-Z-21,2026-06-05,collection_gap
bin,AMD-BIN-0520,AMD-Z-29,2026-06-05,illegal_dumping_spike
bin,AMD-BIN-0012,AMD-Z-01,2026-06-05,repeated_overflow
bin,AMD-BIN-0501,AMD-Z-28,2026-06-05,collection_gap
bin,AMD-BIN-0371,AMD-Z-21,2026-06-05,illegal_dumping_spike
bin,AMD-BIN-0491,AMD-Z-27,2026-06-05,illegal_dumping_spike
bin,AMD-BIN-0012,AMD-Z-01,2026-06-06,composition_shift
bin,AMD-BIN-0031,AMD-Z-02,2026-06-06,repeated_overflow
bin,AMD-BIN-0538,AMD-Z-30,2026-06-06,illegal_dumping_spike
bin,AMD-BIN-0262,AMD-Z-14,2026-06-06,collection_gap
bin,AMD-BIN-0284,AMD-Z-16,2026-06-06,collection_gap
bin,AMD-BIN-0553,AMD-Z-31,2026-06-06,repeated_overflow
bin,AMD-BIN-0161,AMD-Z-09,2026-06-06,weekend_spike
bin,AMD-BIN-0427,AMD-Z-24,2026-06-06,overnight_dumping
bin,AMD-BIN-0451,AMD-Z-25,2026-06-06,collection_gap
bin,AMD-BIN-0384,AMD-Z-21,2026-06-06,collection_gap
bin,AMD-BIN-0520,AMD-Z-29,2026-06-06,illegal_dumping_spike
bin,AMD-BIN-0013,AMD-Z-01,2026-06-06,overnight_dumping
bin,AMD-BIN-0271,AMD-Z-15,2026-06-06,weekend_spike
bin,AMD-BIN-0491,AMD-Z-27,2026-06-06,collection_gap
bin,AMD-BIN-0501,AMD-Z-28,2026-06-06,collection_gap
bin,AMD-BIN-0098,AMD-Z-05,2026-06-06,illegal_dumping_spike
bin,AMD-BIN-0110,AMD-Z-06,2026-06-06,illegal_dumping_spike
bin,AMD-BIN-0378,AMD-Z-21,2026-06-06,weekend_spike
bin,AMD-BIN-0566,AMD-Z-31,2026-06-06,overnight_dumping
bin,AMD-BIN-0448,AMD-Z-25,2026-06-06,weekend_spike
zone,AMD-Z-06,AMD-Z-06,2026-06-06,zone_surge
bin,AMD-BIN-0593,AMD-Z-33,2026-06-07,overnight_dumping
bin,AMD-BIN-0440,AMD-Z-25,2026-06-07,illegal_dumping_spike
bin,AMD-BIN-0223,AMD-Z-12,2026-06-07,collection_gap
bin,AMD-BIN-0108,AMD-Z-06,2026-06-07,composition_shift
bin,AMD-BIN-0248,AMD-Z-13,2026-06-07,illegal_dumping_spike
bin,AMD-BIN-0284,AMD-Z-16,2026-06-07,collection_gap
bin,AMD-BIN-0553,AMD-Z-31,2026-06-07,repeated_overflow
bin,AMD-BIN-0013,AMD-Z-01,2026-06-07,overnight_dumping
bin,AMD-BIN-0426,AMD-Z-24,2026-06-07,overnight_dumping
bin,AMD-BIN-0224,AMD-Z-12,2026-06-07,illegal_dumping_spike
bin,AMD-BIN-0233,AMD-Z-13,2026-06-07,festival_overload
bin,AMD-BIN-0555,AMD-Z-31,2026-06-07,repeated_overflow
bin,AMD-BIN-0491,AMD-Z-27,2026-06-07,collection_gap
bin,AMD-BIN-0053,AMD-Z-03,2026-06-07,composition_shift
bin,AMD-BIN-0098,AMD-Z-05,2026-06-07,illegal_dumping_spike
bin,AMD-BIN-0110,AMD-Z-06,2026-06-07,illegal_dumping_spike
bin,AMD-BIN-0566,AMD-Z-31,2026-06-07,overnight_dumping
bin,AMD-BIN-0448,AMD-Z-25,2026-06-07,weekend_spike
bin,AMD-BIN-0501,AMD-Z-28,2026-06-07,illegal_dumping_spike
bin,AMD-BIN-0493,AMD-Z-28,2026-06-08,collection_gap
bin,AMD-BIN-0223,AMD-Z-12,2026-06-08,collection_gap
bin,AMD-BIN-0108,AMD-Z-06,2026-06-08,composition_shift
bin,AMD-BIN-0414,AMD-Z-23,2026-06-08,composition_shift
bin,AMD-BIN-0378,AMD-Z-21,2026-06-08,collection_gap
bin,AMD-BIN-0359,AMD-Z-20,2026-06-08,composition_shift
bin,AMD-BIN-0555,AMD-Z-31,2026-06-08,repeated_overflow
bin,AMD-BIN-0491,AMD-Z-27,2026-06-08,collection_gap
bin,AMD-BIN-0053,AMD-Z-03,2026-06-08,composition_shift
bin,AMD-BIN-0396,AMD-Z-22,2026-06-08,collection_gap
bin,AMD-BIN-0144,AMD-Z-08,2026-06-08,composition_shift
bin,AMD-BIN-0493,AMD-Z-28,2026-06-09,collection_gap
bin,AMD-BIN-0223,AMD-Z-12,2026-06-09,collection_gap
bin,AMD-BIN-0108,AMD-Z-06,2026-06-09,composition_shift
bin,AMD-BIN-0141,AMD-Z-08,2026-06-09,illegal_dumping_spike
bin,AMD-BIN-0344,AMD-Z-19,2026-06-09,composition_shift
bin,AMD-BIN-0431,AMD-Z-24,2026-06-09,composition_shift
bin,AMD-BIN-0414,AMD-Z-23,2026-06-09,composition_shift
bin,AMD-BIN-0378,AMD-Z-21,2026-06-09,collection_gap
bin,AMD-BIN-0359,AMD-Z-20,2026-06-09,composition_shift
bin,AMD-BIN-0555,AMD-Z-31,2026-06-09,repeated_overflow
bin,AMD-BIN-0053,AMD-Z-03,2026-06-09,composition_shift
bin,AMD-BIN-0589,AMD-Z-33,2026-06-09,overnight_dumping
bin,AMD-BIN-0396,AMD-Z-22,2026-06-09,collection_gap
bin,AMD-BIN-0350,AMD-Z-20,2026-06-09,overnight_dumping
bin,AMD-BIN-0508,AMD-Z-28,2026-06-09,composition_shift
bin,AMD-BIN-0144,AMD-Z-08,2026-06-09,composition_shift
bin,AMD-BIN-0493,AMD-Z-28,2026-06-10,collection_gap
bin,AMD-BIN-0223,AMD-Z-12,2026-06-10,collection_gap
bin,AMD-BIN-0141,AMD-Z-08,2026-06-10,illegal_dumping_spike
bin,AMD-BIN-0344,AMD-Z-19,2026-06-10,composition_shift
bin,AMD-BIN-0389,AMD-Z-22,2026-06-10,illegal_dumping_spike
bin,AMD-BIN-0378,AMD-Z-21,2026-06-10,collection_gap
bin,AMD-BIN-0359,AMD-Z-20,2026-06-10,composition_shift
bin,AMD-BIN-0438,AMD-Z-24,2026-06-10,illegal_dumping_spike
bin,AMD-BIN-0589,AMD-Z-33,2026-06-10,overnight_dumping
bin,AMD-BIN-0357,AMD-Z-20,2026-06-10,repeated_overflow
bin,AMD-BIN-0461,AMD-Z-26,2026-06-10,overnight_dumping
bin,AMD-BIN-0066,AMD-Z-03,2026-06-10,overnight_dumping
bin,AMD-BIN-0350,AMD-Z-20,2026-06-10,overnight_dumping
bin,AMD-BIN-0493,AMD-Z-28,2026-06-11,collection_gap
bin,AMD-BIN-0438,AMD-Z-24,2026-06-11,illegal_dumping_spike
bin,AMD-BIN-0261,AMD-Z-14,2026-06-11,composition_shift
bin,AMD-BIN-0357,AMD-Z-20,2026-06-11,repeated_overflow
bin,AMD-BIN-0461,AMD-Z-26,2026-06-11,overnight_dumping
bin,AMD-BIN-0066,AMD-Z-03,2026-06-11,overnight_dumping
bin,AMD-BIN-0260,AMD-Z-14,2026-06-11,overnight_dumping
bin,AMD-BIN-0123,AMD-Z-06,2026-06-11,illegal_dumping_spike
zone,AMD-Z-07,AMD-Z-07,2026-06-11,zone_surge
bin,AMD-BIN-0022,AMD-Z-01,2026-06-12,repeated_overflow
bin,AMD-BIN-0503,AMD-Z-28,2026-06-12,festival_overload
bin,AMD-BIN-0214,AMD-Z-11,2026-06-12,repeated_overflow
bin,AMD-BIN-0551,AMD-Z-30,2026-06-12,illegal_dumping_spike
bin,AMD-BIN-0261,AMD-Z-14,2026-06-12,composition_shift
bin,AMD-BIN-0357,AMD-Z-20,2026-06-12,repeated_overflow
bin,AMD-BIN-0381,AMD-Z-21,2026-06-13,weekend_spike
bin,AMD-BIN-0554,AMD-Z-31,2026-06-13,weekend_spike
bin,AMD-BIN-0022,AMD-Z-01,2026-06-13,repeated_overflow
bin,AMD-BIN-0052,AMD-Z-03,2026-06-13,composition_shift
bin,AMD-BIN-0503,AMD-Z-28,2026-06-13,festival_overload
bin,AMD-BIN-0214,AMD-Z-11,2026-06-13,repeated_overflow
bin,AMD-BIN-0114,AMD-Z-06,2026-06-13,weekend_spike
bin,AMD-BIN-0571,AMD-Z-32,2026-06-13,composition_shift
bin,AMD-BIN-0551,AMD-Z-30,2026-06-13,illegal_dumping_spike
bin,AMD-BIN-0426,AMD-Z-24,2026-06-13,collection_gap
bin,AMD-BIN-0592,AMD-Z-33,2026-06-13,collection_gap
bin,AMD-BIN-0460,AMD-Z-26,2026-06-13,illegal_dumping_spike
bin,AMD-BIN-0261,AMD-Z-14,2026-06-13,composition_shift
bin,AMD-BIN-0304,AMD-Z-17,2026-06-13,collection_gap
bin,AMD-BIN-0357,AMD-Z-20,2026-06-13,repeated_overflow
bin,AMD-BIN-0040,AMD-Z-02,2026-06-13,illegal_dumping_spike
bin,AMD-BIN-0377,AMD-Z-21,2026-06-13,collection_gap
bin,AMD-BIN-0233,AMD-Z-13,2026-06-13,overnight_dumping
bin,AMD-BIN-0365,AMD-Z-20,2026-06-13,weekend_spike
bin,AMD-BIN-0554,AMD-Z-31,2026-06-14,weekend_spike
bin,AMD-BIN-0022,AMD-Z-01,2026-06-14,repeated_overflow
bin,AMD-BIN-0052,AMD-Z-03,2026-06-14,composition_shift
bin,AMD-BIN-0056,AMD-Z-03,2026-06-14,collection_gap
bin,AMD-BIN-0095,AMD-Z-05,2026-06-14,illegal_dumping_spike
bin,AMD-BIN-0214,AMD-Z-11,2026-06-14,repeated_overflow
bin,AMD-BIN-0114,AMD-Z-06,2026-06-14,weekend_spike
bin,AMD-BIN-0157,AMD-Z-08,2026-06-14,collection_gap
bin,AMD-BIN-0549,AMD-Z-30,2026-06-14,illegal_dumping_spike
bin,AMD-BIN-0143,AMD-Z-08,2026-06-14,composition_shift
bin,AMD-BIN-0426,AMD-Z-24,2026-06-14,collection_gap
bin,AMD-BIN-0592,AMD-Z-33,2026-06-14,collection_gap
bin,AMD-BIN-0304,AMD-Z-17,2026-06-14,collection_gap
bin,AMD-BIN-0248,AMD-Z-13,2026-06-14,illegal_dumping_spike
bin,AMD-BIN-0026,AMD-Z-02,2026-06-14,repeated_overflow
bin,AMD-BIN-0377,AMD-Z-21,2026-06-14,collection_gap
bin,AMD-BIN-0233,AMD-Z-13,2026-06-14,overnight_dumping
bin,AMD-BIN-0365,AMD-Z-20,2026-06-14,weekend_spike
bin,AMD-BIN-0022,AMD-Z-01,2026-06-15,repeated_overflow
bin,AMD-BIN-0246,AMD-Z-13,2026-06-15,illegal_dumping_spike
bin,AMD-BIN-0052,AMD-Z-03,2026-06-15,composition_shift
bin,AMD-BIN-0056,AMD-Z-03,2026-06-15,collection_gap
bin,AMD-BIN-0095,AMD-Z-05,2026-06-15,illegal_dumping_spike
bin,AMD-BIN-0214,AMD-Z-11,2026-06-15,repeated_overflow
bin,AMD-BIN-0157,AMD-Z-08,2026-06-15,collection_gap
bin,AMD-BIN-0549,AMD-Z-30,2026-06-15,illegal_dumping_spike
bin,AMD-BIN-0143,AMD-Z-08,2026-06-15,composition_shift
bin,AMD-BIN-0426,AMD-Z-24,2026-06-15,collection_gap
bin,AMD-BIN-0592,AMD-Z-33,2026-06-15,collection_gap
bin,AMD-BIN-0413,AMD-Z-23,2026-06-15,festival_overload
bin,AMD-BIN-0248,AMD-Z-13,2026-06-15,illegal_dumping_spike
bin,AMD-BIN-0347,AMD-Z-19,2026-06-15,composition_shift
bin,AMD-BIN-0026,AMD-Z-02,2026-06-15,repeated_overflow
bin,AMD-BIN-0075,AMD-Z-04,2026-06-15,illegal_dumping_spike
bin,AMD-BIN-0377,AMD-Z-21,2026-06-15,collection_gap
bin,AMD-BIN-0503,AMD-Z-28,2026-06-15,composition_shift
zone,AMD-Z-07,AMD-Z-07,2026-06-15,zone_surge
bin,AMD-BIN-0290,AMD-Z-16,2026-06-16,festival_overload
bin,AMD-BIN-0483,AMD-Z-27,2026-06-16,collection_gap
bin,AMD-BIN-0494,AMD-Z-28,2026-06-16,illegal_dumping_spike
bin,AMD-BIN-0246,AMD-Z-13,2026-06-16,illegal_dumping_spike
bin,AMD-BIN-0317,AMD-Z-18,2026-06-16,illegal_dumping_spike
bin,AMD-BIN-0056,AMD-Z-03,2026-06-16,collection_gap
bin,AMD-BIN-0276,AMD-Z-15,2026-06-16,overnight_dumping
bin,AMD-BIN-0157,AMD-Z-08,2026-06-16,collection_gap
bin,AMD-BIN-0369,AMD-Z-20,2026-06-16,overnight_dumping
bin,AMD-BIN-0098,AMD-Z-05,2026-06-16,repeated_overflow
bin,AMD-BIN-0127,AMD-Z-07,2026-06-16,illegal_dumping_spike
bin,AMD-BIN-0116,AMD-Z-06,2026-06-16,composition_shift
bin,AMD-BIN-0592,AMD-Z-33,2026-06-16,collection_gap
bin,AMD-BIN-0571,AMD-Z-32,2026-06-16,repeated_overflow
bin,AMD-BIN-0248,AMD-Z-13,2026-06-16,illegal_dumping_spike
bin,AMD-BIN-0347,AMD-Z-19,2026-06-16,composition_shift
bin,AMD-BIN-0075,AMD-Z-04,2026-06-16,illegal_dumping_spike
bin,AMD-BIN-0260,AMD-Z-14,2026-06-16,illegal_dumping_spike
bin,AMD-BIN-0377,AMD-Z-21,2026-06-16,collection_gap
bin,AMD-BIN-0186,AMD-Z-10,2026-06-16,festival_overload
bin,AMD-BIN-0503,AMD-Z-28,2026-06-16,composition_shift
bin,AMD-BIN-0031,AMD-Z-02,2026-06-17,collection_gap
bin,AMD-BIN-0483,AMD-Z-27,2026-06-17,collection_gap
bin,AMD-BIN-0494,AMD-Z-28,2026-06-17,illegal_dumping_spike
bin,AMD-BIN-0099,AMD-Z-05,2026-06-17,repeated_overflow
bin,AMD-BIN-0045,AMD-Z-03,2026-06-17,illegal_dumping_spike
bin,AMD-BIN-0593,AMD-Z-33,2026-06-17,composition_shift
bin,AMD-BIN-0098,AMD-Z-05,2026-06-17,repeated_overflow
bin,AMD-BIN-0544,AMD-Z-30,2026-06-17,illegal_dumping_spike
bin,AMD-BIN-0116,AMD-Z-06,2026-06-17,composition_shift
bin,AMD-BIN-0306,AMD-Z-17,2026-06-17,composition_shift
bin,AMD-BIN-0571,AMD-Z-32,2026-06-17,repeated_overflow
bin,AMD-BIN-0347,AMD-Z-19,2026-06-17,composition_shift
bin,AMD-BIN-0260,AMD-Z-14,2026-06-17,illegal_dumping_spike
bin,AMD-BIN-0084,AMD-Z-04,2026-06-17,festival_overload
bin,AMD-BIN-0480,AMD-Z-27,2026-06-18,overnight_dumping
bin,AMD-BIN-0276,AMD-Z-15,2026-06-18,illegal_dumping_spike
bin,AMD-BIN-0031,AMD-Z-02,2026-06-18,collection_gap
bin,AMD-BIN-0483,AMD-Z-27,2026-06-18,collection_gap
bin,AMD-BIN-0099,AMD-Z-05,2026-06-18,repeated_overflow
bin,AMD-BIN-0045,AMD-Z-03,2026-06-18,illegal_dumping_spike
bin,AMD-BIN-0019,AMD-Z-01,2026-06-18,illegal_dumping_spike
bin,AMD-BIN-0593,AMD-Z-33,2026-06-18,composition_shift
bin,AMD-BIN-0116,AMD-Z-06,2026-06-18,composition_shift
bin,AMD-BIN-0571,AMD-Z-32,2026-06-18,repeated_overflow
bin,AMD-BIN-0007,AMD-Z-01,2026-06-18,illegal_dumping_spike
bin,AMD-BIN-0084,AMD-Z-04,2026-06-18,festival_overload
bin,AMD-BIN-0480,AMD-Z-27,2026-06-19,overnight_dumping
bin,AMD-BIN-0276,AMD-Z-15,2026-06-19,illegal_dumping_spike
bin,AMD-BIN-0031,AMD-Z-02,2026-06-19,collection_gap
bin,AMD-BIN-0483,AMD-Z-27,2026-06-19,collection_gap
bin,AMD-BIN-0099,AMD-Z-05,2026-06-19,repeated_overflow
bin,AMD-BIN-0019,AMD-Z-01,2026-06-19,illegal_dumping_spike
bin,AMD-BIN-0008,AMD-Z-01,2026-06-19,illegal_dumping_spike
bin,AMD-BIN-0170,AMD-Z-09,2026-06-19,collection_gap
bin,AMD-BIN-0290,AMD-Z-16,2026-06-19,illegal_dumping_spike
bin,AMD-BIN-0165,AMD-Z-09,2026-06-19,illegal_dumping_spike
bin,AMD-BIN-0126,AMD-Z-07,2026-06-19,composition_shift
bin,AMD-BIN-0521,AMD-Z-29,2026-06-19,repeated_overflow
bin,AMD-BIN-0499,AMD-Z-28,2026-06-19,collection_gap
bin,AMD-BIN-0543,AMD-Z-30,2026-06-20,illegal_dumping_spike
bin,AMD-BIN-0031,AMD-Z-02,2026-06-20,collection_gap
bin,AMD-BIN-0099,AMD-Z-05,2026-06-20,repeated_overflow
bin,AMD-BIN-0073,AMD-Z-04,2026-06-20,composition_shift
bin,AMD-BIN-0406,AMD-Z-22,2026-06-20,weekend_spike
bin,AMD-BIN-0008,AMD-Z-01,2026-06-20,illegal_dumping_spike
bin,AMD-BIN-0251,AMD-Z-14,2026-06-20,repeated_overflow
bin,AMD-BIN-0170,AMD-Z-09,2026-06-20,collection_gap
bin,AMD-BIN-0290,AMD-Z-16,2026-06-20,illegal_dumping_spike
bin,AMD-BIN-0376,AMD-Z-21,2026-06-20,collection_gap
bin,AMD-BIN-0475,AMD-Z-27,2026-06-20,composition_shift
bin,AMD-BIN-0111,AMD-Z-06,2026-06-20,overnight_dumping
bin,AMD-BIN-0126,AMD-Z-07,2026-06-20,composition_shift
bin,AMD-BIN-0069,AMD-Z-04,2026-06-20,illegal_dumping_spike
bin,AMD-BIN-0521,AMD-Z-29,2026-06-20,repeated_overflow
bin,AMD-BIN-0499,AMD-Z-28,2026-06-20,collection_gap
bin,AMD-BIN-0543,AMD-Z-30,2026-06-21,illegal_dumping_spike
bin,AMD-BIN-0052,AMD-Z-03,2026-06-21,collection_gap
bin,AMD-BIN-0147,AMD-Z-08,2026-06-21,composition_shift
bin,AMD-BIN-0254,AMD-Z-14,2026-06-21,repeated_overflow
bin,AMD-BIN-0228,AMD-Z-12,2026-06-21,illegal_dumping_spike
bin,AMD-BIN-0073,AMD-Z-04,2026-06-21,composition_shift
bin,AMD-BIN-0406,AMD-Z-22,2026-06-21,weekend_spike
bin,AMD-BIN-0485,AMD-Z-27,2026-06-21,overnight_dumping
bin,AMD-BIN-0251,AMD-Z-14,2026-06-21,repeated_overflow
bin,AMD-BIN-0376,AMD-Z-21,2026-06-21,collection_gap
bin,AMD-BIN-0083,AMD-Z-04,2026-06-21,illegal_dumping_spike
bin,AMD-BIN-0460,AMD-Z-26,2026-06-21,composition_shift
bin,AMD-BIN-0475,AMD-Z-27,2026-06-21,composition_shift
bin,AMD-BIN-0283,AMD-Z-16,2026-06-21,collection_gap
bin,AMD-BIN-0126,AMD-Z-07,2026-06-21,composition_shift
bin,AMD-BIN-0521,AMD-Z-29,2026-06-21,repeated_overflow
bin,AMD-BIN-0499,AMD-Z-28,2026-06-21,collection_gap
zone,AMD-Z-04,AMD-Z-04,2026-06-21,zone_surge
zone,AMD-Z-10,AMD-Z-10,2026-06-21,zone_surge
bin,AMD-BIN-0151,AMD-Z-08,2026-06-22,overnight_dumping
bin,AMD-BIN-0052,AMD-Z-03,2026-06-22,collection_gap
bin,AMD-BIN-0147,AMD-Z-08,2026-06-22,composition_shift
bin,AMD-BIN-0575,AMD-Z-32,2026-06-22,overnight_dumping
bin,AMD-BIN-0254,AMD-Z-14,2026-06-22,repeated_overflow
bin,AMD-BIN-0427,AMD-Z-24,2026-06-22,overnight_dumping
bin,AMD-BIN-0485,AMD-Z-27,2026-06-22,overnight_dumping
bin,AMD-BIN-0251,AMD-Z-14,2026-06-22,repeated_overflow
bin,AMD-BIN-0376,AMD-Z-21,2026-06-22,collection_gap
bin,AMD-BIN-0095,AMD-Z-05,2026-06-22,illegal_dumping_spike
bin,AMD-BIN-0136,AMD-Z-07,2026-06-22,illegal_dumping_spike
bin,AMD-BIN-0133,AMD-Z-07,2026-06-22,repeated_overflow
bin,AMD-BIN-0419,AMD-Z-23,2026-06-22,composition_shift
bin,AMD-BIN-0425,AMD-Z-24,2026-06-22,composition_shift
bin,AMD-BIN-0283,AMD-Z-16,2026-06-22,collection_gap
bin,AMD-BIN-0394,AMD-Z-22,2026-06-22,repeated_overflow
bin,AMD-BIN-0147,AMD-Z-08,2026-06-23,composition_shift
bin,AMD-BIN-0254,AMD-Z-14,2026-06-23,repeated_overflow
bin,AMD-BIN-0427,AMD-Z-24,2026-06-23,overnight_dumping
bin,AMD-BIN-0295,AMD-Z-16,2026-06-23,festival_overload
bin,AMD-BIN-0136,AMD-Z-07,2026-06-23,illegal_dumping_spike
bin,AMD-BIN-0133,AMD-Z-07,2026-06-23,repeated_overflow
bin,AMD-BIN-0419,AMD-Z-23,2026-06-23,composition_shift
bin,AMD-BIN-0425,AMD-Z-24,2026-06-23,composition_shift
bin,AMD-BIN-0484,AMD-Z-27,2026-06-23,repeated_overflow
bin,AMD-BIN-0283,AMD-Z-16,2026-06-23,collection_gap
bin,AMD-BIN-0569,AMD-Z-32,2026-06-23,illegal_dumping_spike
bin,AMD-BIN-0394,AMD-Z-22,2026-06-23,repeated_overflow
bin,AMD-BIN-0514,AMD-Z-28,2026-06-24,collection_gap
bin,AMD-BIN-0254,AMD-Z-14,2026-06-24,repeated_overflow
bin,AMD-BIN-0517,AMD-Z-29,2026-06-24,overnight_dumping
bin,AMD-BIN-0427,AMD-Z-24,2026-06-24,festival_overload
bin,AMD-BIN-0464,AMD-Z-26,2026-06-24,composition_shift
bin,AMD-BIN-0348,AMD-Z-19,2026-06-24,festival_overload
bin,AMD-BIN-0484,AMD-Z-27,2026-06-24,illegal_dumping_spike
bin,AMD-BIN-0133,AMD-Z-07,2026-06-24,repeated_overflow
bin,AMD-BIN-0450,AMD-Z-25,2026-06-24,festival_overload
bin,AMD-BIN-0370,AMD-Z-21,2026-06-24,repeated_overflow
bin,AMD-BIN-0048,AMD-Z-03,2026-06-24,repeated_overflow
bin,AMD-BIN-0394,AMD-Z-22,2026-06-24,repeated_overflow
bin,AMD-BIN-0377,AMD-Z-21,2026-06-24,illegal_dumping_spike
zone,AMD-Z-03,AMD-Z-03,2026-06-24,zone_surge
bin,AMD-BIN-0514,AMD-Z-28,2026-06-25,collection_gap
bin,AMD-BIN-0384,AMD-Z-21,2026-06-25,illegal_dumping_spike
bin,AMD-BIN-0409,AMD-Z-23,2026-06-25,repeated_overflow
bin,AMD-BIN-0464,AMD-Z-26,2026-06-25,composition_shift
bin,AMD-BIN-0348,AMD-Z-19,2026-06-25,festival_overload
bin,AMD-BIN-0133,AMD-Z-07,2026-06-25,repeated_overflow
bin,AMD-BIN-0370,AMD-Z-21,2026-06-25,repeated_overflow
bin,AMD-BIN-0287,AMD-Z-16,2026-06-25,repeated_overflow
bin,AMD-BIN-0085,AMD-Z-04,2026-06-25,repeated_overflow
bin,AMD-BIN-0305,AMD-Z-17,2026-06-25,illegal_dumping_spike
bin,AMD-BIN-0048,AMD-Z-03,2026-06-25,repeated_overflow
bin,AMD-BIN-0394,AMD-Z-22,2026-06-25,repeated_overflow
bin,AMD-BIN-0514,AMD-Z-28,2026-06-26,collection_gap
bin,AMD-BIN-0409,AMD-Z-23,2026-06-26,repeated_overflow
bin,AMD-BIN-0458,AMD-Z-26,2026-06-26,overnight_dumping
bin,AMD-BIN-0436,AMD-Z-24,2026-06-26,overnight_dumping
bin,AMD-BIN-0263,AMD-Z-14,2026-06-26,overnight_dumping
bin,AMD-BIN-0062,AMD-Z-03,2026-06-26,illegal_dumping_spike
bin,AMD-BIN-0165,AMD-Z-09,2026-06-26,collection_gap
bin,AMD-BIN-0370,AMD-Z-21,2026-06-26,repeated_overflow
bin,AMD-BIN-0287,AMD-Z-16,2026-06-26,repeated_overflow
bin,AMD-BIN-0085,AMD-Z-04,2026-06-26,repeated_overflow
bin,AMD-BIN-0142,AMD-Z-08,2026-06-26,collection_gap
bin,AMD-BIN-0305,AMD-Z-17,2026-06-26,illegal_dumping_spike
bin,AMD-BIN-0048,AMD-Z-03,2026-06-26,repeated_overflow
bin,AMD-BIN-0420,AMD-Z-23,2026-06-27,weekend_spike
bin,AMD-BIN-0268,AMD-Z-15,2026-06-27,weekend_spike
bin,AMD-BIN-0409,AMD-Z-23,2026-06-27,repeated_overflow
bin,AMD-BIN-0025,AMD-Z-02,2026-06-27,weekend_spike
bin,AMD-BIN-0458,AMD-Z-26,2026-06-27,overnight_dumping
bin,AMD-BIN-0024,AMD-Z-02,2026-06-27,weekend_spike
bin,AMD-BIN-0337,AMD-Z-19,2026-06-27,repeated_overflow
bin,AMD-BIN-0564,AMD-Z-31,2026-06-27,composition_shift
bin,AMD-BIN-0442,AMD-Z-25,2026-06-27,illegal_dumping_spike
bin,AMD-BIN-0290,AMD-Z-16,2026-06-27,weekend_spike
bin,AMD-BIN-0249,AMD-Z-13,2026-06-27,weekend_spike
bin,AMD-BIN-0599,AMD-Z-33,2026-06-27,weekend_spike
bin,AMD-BIN-0263,AMD-Z-14,2026-06-27,overnight_dumping
bin,AMD-BIN-0165,AMD-Z-09,2026-06-27,collection_gap
bin,AMD-BIN-0362,AMD-Z-20,2026-06-27,illegal_dumping_spike
bin,AMD-BIN-0085,AMD-Z-04,2026-06-27,repeated_overflow
bin,AMD-BIN-0142,AMD-Z-08,2026-06-27,collection_gap
bin,AMD-BIN-0251,AMD-Z-14,2026-06-27,weekend_spike
bin,AMD-BIN-0416,AMD-Z-23,2026-06-27,weekend_spike
zone,AMD-Z-03,AMD-Z-03,2026-06-27,zone_surge
bin,AMD-BIN-0141,AMD-Z-08,2026-06-28,illegal_dumping_spike
bin,AMD-BIN-0420,AMD-Z-23,2026-06-28,weekend_spike
bin,AMD-BIN-0148,AMD-Z-08,2026-06-28,composition_shift
bin,AMD-BIN-0281,AMD-Z-15,2026-06-28,overnight_dumping
bin,AMD-BIN-0214,AMD-Z-11,2026-06-28,collection_gap
bin,AMD-BIN-0409,AMD-Z-23,2026-06-28,repeated_overflow
bin,AMD-BIN-0025,AMD-Z-02,2026-06-28,weekend_spike
bin,AMD-BIN-0212,AMD-Z-11,2026-06-28,festival_overload
bin,AMD-BIN-0184,AMD-Z-10,2026-06-28,composition_shift
bin,AMD-BIN-0235,AMD-Z-13,2026-06-28,repeated_overflow
bin,AMD-BIN-0362,AMD-Z-20,2026-06-28,repeated_overflow
bin,AMD-BIN-0024,AMD-Z-02,2026-06-28,weekend_spike
bin,AMD-BIN-0337,AMD-Z-19,2026-06-28,repeated_overflow
bin,AMD-BIN-0442,AMD-Z-25,2026-06-28,illegal_dumping_spike
bin,AMD-BIN-0599,AMD-Z-33,2026-06-28,weekend_spike
bin,AMD-BIN-0328,AMD-Z-18,2026-06-28,composition_shift
bin,AMD-BIN-0165,AMD-Z-09,2026-06-28,collection_gap
bin,AMD-BIN-0155,AMD-Z-08,2026-06-28,repeated_overflow
bin,AMD-BIN-0494,AMD-Z-28,2026-06-28,illegal_dumping_spike
bin,AMD-BIN-0085,AMD-Z-04,2026-06-28,repeated_overflow
bin,AMD-BIN-0148,AMD-Z-08,2026-06-29,composition_shift
bin,AMD-BIN-0281,AMD-Z-15,2026-06-29,overnight_dumping
bin,AMD-BIN-0214,AMD-Z-11,2026-06-29,collection_gap
bin,AMD-BIN-0184,AMD-Z-10,2026-06-29,composition_shift
bin,AMD-BIN-0257,AMD-Z-14,2026-06-29,composition_shift
bin,AMD-BIN-0366,AMD-Z-20,2026-06-29,festival_overload
bin,AMD-BIN-0235,AMD-Z-13,2026-06-29,repeated_overflow
bin,AMD-BIN-0362,AMD-Z-20,2026-06-29,repeated_overflow
bin,AMD-BIN-0337,AMD-Z-19,2026-06-29,repeated_overflow
bin,AMD-BIN-0128,AMD-Z-07,2026-06-29,collection_gap
bin,AMD-BIN-0328,AMD-Z-18,2026-06-29,composition_shift
bin,AMD-BIN-0165,AMD-Z-09,2026-06-29,collection_gap
bin,AMD-BIN-0155,AMD-Z-08,2026-06-29,repeated_overflow
bin,AMD-BIN-0096,AMD-Z-05,2026-06-29,overnight_dumping
bin,AMD-BIN-0411,AMD-Z-23,2026-06-29,repeated_overflow
bin,AMD-BIN-0427,AMD-Z-24,2026-06-29,collection_gap
bin,AMD-BIN-0041,AMD-Z-02,2026-06-29,composition_shift
bin,AMD-BIN-0376,AMD-Z-21,2026-06-30,illegal_dumping_spike
bin,AMD-BIN-0148,AMD-Z-08,2026-06-30,composition_shift
bin,AMD-BIN-0237,AMD-Z-13,2026-06-30,illegal_dumping_spike
bin,AMD-BIN-0030,AMD-Z-02,2026-06-30,overnight_dumping
bin,AMD-BIN-0214,AMD-Z-11,2026-06-30,collection_gap
bin,AMD-BIN-0258,AMD-Z-14,2026-06-30,collection_gap
bin,AMD-BIN-0425,AMD-Z-24,2026-06-30,repeated_overflow
bin,AMD-BIN-0257,AMD-Z-14,2026-06-30,composition_shift
bin,AMD-BIN-0366,AMD-Z-20,2026-06-30,festival_overload
bin,AMD-BIN-0235,AMD-Z-13,2026-06-30,repeated_overflow
bin,AMD-BIN-0063,AMD-Z-03,2026-06-30,illegal_dumping_spike
bin,AMD-BIN-0128,AMD-Z-07,2026-06-30,collection_gap
bin,AMD-BIN-0057,AMD-Z-03,2026-06-30,repeated_overflow
bin,AMD-BIN-0155,AMD-Z-08,2026-06-30,repeated_overflow
bin,AMD-BIN-0335,AMD-Z-19,2026-06-30,repeated_overflow
bin,AMD-BIN-0411,AMD-Z-23,2026-06-30,repeated_overflow
bin,AMD-BIN-0382,AMD-Z-21,2026-06-30,overnight_dumping
bin,AMD-BIN-0060,AMD-Z-03,2026-06-30,composition_shift
bin,AMD-BIN-0427,AMD-Z-24,2026-06-30,collection_gap
bin,AMD-BIN-0376,AMD-Z-21,2026-07-01,illegal_dumping_spike
bin,AMD-BIN-0054,AMD-Z-03,2026-07-01,composition_shift
bin,AMD-BIN-0075,AMD-Z-04,2026-07-01,collection_gap
bin,AMD-BIN-0030,AMD-Z-02,2026-07-01,overnight_dumping
bin,AMD-BIN-0258,AMD-Z-14,2026-07-01,collection_gap
bin,AMD-BIN-0425,AMD-Z-24,2026-07-01,repeated_overflow
bin,AMD-BIN-0085,AMD-Z-04,2026-07-01,composition_shift
bin,AMD-BIN-0539,AMD-Z-30,2026-07-01,repeated_overflow
bin,AMD-BIN-0235,AMD-Z-13,2026-07-01,repeated_overflow
bin,AMD-BIN-0063,AMD-Z-03,2026-07-01,illegal_dumping_spike
bin,AMD-BIN-0128,AMD-Z-07,2026-07-01,collection_gap
bin,AMD-BIN-0057,AMD-Z-03,2026-07-01,repeated_overflow
bin,AMD-BIN-0335,AMD-Z-19,2026-07-01,repeated_overflow
bin,AMD-BIN-0411,AMD-Z-23,2026-07-01,repeated_overflow
bin,AMD-BIN-0060,AMD-Z-03,2026-07-01,composition_shift
bin,AMD-BIN-0427,AMD-Z-24,2026-07-01,collection_gap
bin,AMD-BIN-0155,AMD-Z-08,2026-07-01,overnight_dumping
zone,AMD-Z-06,AMD-Z-06,2026-07-01,zone_surge
bin,AMD-BIN-0054,AMD-Z-03,2026-07-02,composition_shift
bin,AMD-BIN-0075,AMD-Z-04,2026-07-02,collection_gap
bin,AMD-BIN-0132,AMD-Z-07,2026-07-02,festival_overload
bin,AMD-BIN-0130,AMD-Z-07,2026-07-02,composition_shift
bin,AMD-BIN-0425,AMD-Z-24,2026-07-02,repeated_overflow
bin,AMD-BIN-0539,AMD-Z-30,2026-07-02,repeated_overflow
bin,AMD-BIN-0213,AMD-Z-11,2026-07-02,composition_shift
bin,AMD-BIN-0415,AMD-Z-23,2026-07-02,collection_gap
bin,AMD-BIN-0128,AMD-Z-07,2026-07-02,collection_gap
bin,AMD-BIN-0501,AMD-Z-28,2026-07-02,overnight_dumping
bin,AMD-BIN-0335,AMD-Z-19,2026-07-02,repeated_overflow
bin,AMD-BIN-0411,AMD-Z-23,2026-07-02,repeated_overflow
bin,AMD-BIN-0060,AMD-Z-03,2026-07-02,composition_shift
bin,AMD-BIN-0308,AMD-Z-17,2026-07-02,composition_shift
zone,AMD-Z-10,AMD-Z-10,2026-07-02,zone_surge
bin,AMD-BIN-0218,AMD-Z-12,2026-07-03,overnight_dumping
bin,AMD-BIN-0548,AMD-Z-30,2026-07-03,illegal_dumping_spike
bin,AMD-BIN-0130,AMD-Z-07,2026-07-03,composition_shift
bin,AMD-BIN-0425,AMD-Z-24,2026-07-03,repeated_overflow
bin,AMD-BIN-0539,AMD-Z-30,2026-07-03,repeated_overflow
bin,AMD-BIN-0415,AMD-Z-23,2026-07-03,collection_gap
bin,AMD-BIN-0139,AMD-Z-07,2026-07-03,composition_shift
bin,AMD-BIN-0457,AMD-Z-26,2026-07-03,composition_shift
bin,AMD-BIN-0048,AMD-Z-03,2026-07-03,repeated_overflow
bin,AMD-BIN-0335,AMD-Z-19,2026-07-03,repeated_overflow
bin,AMD-BIN-0438,AMD-Z-24,2026-07-03,collection_gap
bin,AMD-BIN-0308,AMD-Z-17,2026-07-03,composition_shift
bin,AMD-BIN-0218,AMD-Z-12,2026-07-04,overnight_dumping
bin,AMD-BIN-0354,AMD-Z-20,2026-07-04,weekend_spike
bin,AMD-BIN-0280,AMD-Z-15,2026-07-04,weekend_spike
bin,AMD-BIN-0130,AMD-Z-07,2026-07-04,composition_shift
bin,AMD-BIN-0375,AMD-Z-21,2026-07-04,weekend_spike
bin,AMD-BIN-0415,AMD-Z-23,2026-07-04,collection_gap
bin,AMD-BIN-0457,AMD-Z-26,2026-07-04,composition_shift
bin,AMD-BIN-0048,AMD-Z-03,2026-07-04,repeated_overflow
bin,AMD-BIN-0186,AMD-Z-10,2026-07-04,weekend_spike
bin,AMD-BIN-0438,AMD-Z-24,2026-07-04,collection_gap
bin,AMD-BIN-0276,AMD-Z-15,2026-07-04,weekend_spike
bin,AMD-BIN-0191,AMD-Z-10,2026-07-04,illegal_dumping_spike
bin,AMD-BIN-0205,AMD-Z-11,2026-07-04,overnight_dumping
zone,AMD-Z-23,AMD-Z-23,2026-07-04,zone_surge
bin,AMD-BIN-0211,AMD-Z-11,2026-07-05,repeated_overflow
bin,AMD-BIN-0354,AMD-Z-20,2026-07-05,weekend_spike
bin,AMD-BIN-0280,AMD-Z-15,2026-07-05,weekend_spike
bin,AMD-BIN-0200,AMD-Z-11,2026-07-05,overnight_dumping
bin,AMD-BIN-0450,AMD-Z-25,2026-07-05,composition_shift
bin,AMD-BIN-0152,AMD-Z-08,2026-07-05,composition_shift
bin,AMD-BIN-0375,AMD-Z-21,2026-07-05,weekend_spike
bin,AMD-BIN-0415,AMD-Z-23,2026-07-05,collection_gap
bin,AMD-BIN-0094,AMD-Z-05,2026-07-05,illegal_dumping_spike
bin,AMD-BIN-0457,AMD-Z-26,2026-07-05,composition_shift
bin,AMD-BIN-0445,AMD-Z-25,2026-07-05,repeated_overflow
bin,AMD-BIN-0042,AMD-Z-02,2026-07-05,collection_gap
bin,AMD-BIN-0276,AMD-Z-15,2026-07-05,weekend_spike
bin,AMD-BIN-0064,AMD-Z-03,2026-07-05,repeated_overflow
bin,AMD-BIN-0211,AMD-Z-11,2026-07-06,repeated_overflow
bin,AMD-BIN-0200,AMD-Z-11,2026-07-06,overnight_dumping
bin,AMD-BIN-0450,AMD-Z-25,2026-07-06,composition_shift
bin,AMD-BIN-0272,AMD-Z-15,2026-07-06,repeated_overflow
bin,AMD-BIN-0316,AMD-Z-18,2026-07-06,illegal_dumping_spike
bin,AMD-BIN-0445,AMD-Z-25,2026-07-06,repeated_overflow
bin,AMD-BIN-0042,AMD-Z-02,2026-07-06,collection_gap
bin,AMD-BIN-0064,AMD-Z-03,2026-07-06,repeated_overflow
bin,AMD-BIN-0590,AMD-Z-33,2026-07-07,illegal_dumping_spike
bin,AMD-BIN-0406,AMD-Z-22,2026-07-07,collection_gap
bin,AMD-BIN-0355,AMD-Z-20,2026-07-07,illegal_dumping_spike
bin,AMD-BIN-0211,AMD-Z-11,2026-07-07,repeated_overflow
bin,AMD-BIN-0414,AMD-Z-23,2026-07-07,collection_gap
bin,AMD-BIN-0023,AMD-Z-01,2026-07-07,overnight_dumping
bin,AMD-BIN-0450,AMD-Z-25,2026-07-07,composition_shift
bin,AMD-BIN-0272,AMD-Z-15,2026-07-07,repeated_overflow
bin,AMD-BIN-0316,AMD-Z-18,2026-07-07,illegal_dumping_spike
bin,AMD-BIN-0546,AMD-Z-30,2026-07-07,collection_gap
bin,AMD-BIN-0445,AMD-Z-25,2026-07-07,repeated_overflow
bin,AMD-BIN-0375,AMD-Z-21,2026-07-07,collection_gap
bin,AMD-BIN-0042,AMD-Z-02,2026-07-07,collection_gap
bin,AMD-BIN-0538,AMD-Z-30,2026-07-07,collection_gap
bin,AMD-BIN-0590,AMD-Z-33,2026-07-08,illegal_dumping_spike
bin,AMD-BIN-0593,AMD-Z-33,2026-07-08,collection_gap
bin,AMD-BIN-0406,AMD-Z-22,2026-07-08,collection_gap
bin,AMD-BIN-0169,AMD-Z-09,2026-07-08,composition_shift
bin,AMD-BIN-0355,AMD-Z-20,2026-07-08,illegal_dumping_spike
bin,AMD-BIN-0211,AMD-Z-11,2026-07-08,repeated_overflow
bin,AMD-BIN-0414,AMD-Z-23,2026-07-08,collection_gap
bin,AMD-BIN-0111,AMD-Z-06,2026-07-08,composition_shift
bin,AMD-BIN-0558,AMD-Z-31,2026-07-08,festival_overload
bin,AMD-BIN-0187,AMD-Z-10,2026-07-08,composition_shift
bin,AMD-BIN-0537,AMD-Z-30,2026-07-08,overnight_dumping
bin,AMD-BIN-0347,AMD-Z-19,2026-07-08,illegal_dumping_spike
bin,AMD-BIN-0546,AMD-Z-30,2026-07-08,collection_gap
bin,AMD-BIN-0453,AMD-Z-25,2026-07-08,illegal_dumping_spike
bin,AMD-BIN-0375,AMD-Z-21,2026-07-08,collection_gap
bin,AMD-BIN-0538,AMD-Z-30,2026-07-08,collection_gap
bin,AMD-BIN-0386,AMD-Z-21,2026-07-09,composition_shift
bin,AMD-BIN-0593,AMD-Z-33,2026-07-09,collection_gap
bin,AMD-BIN-0597,AMD-Z-33,2026-07-09,illegal_dumping_spike
bin,AMD-BIN-0169,AMD-Z-09,2026-07-09,composition_shift
bin,AMD-BIN-0414,AMD-Z-23,2026-07-09,collection_gap
bin,AMD-BIN-0186,AMD-Z-10,2026-07-09,illegal_dumping_spike
bin,AMD-BIN-0111,AMD-Z-06,2026-07-09,composition_shift
bin,AMD-BIN-0037,AMD-Z-02,2026-07-09,illegal_dumping_spike
bin,AMD-BIN-0187,AMD-Z-10,2026-07-09,composition_shift
bin,AMD-BIN-0058,AMD-Z-03,2026-07-09,overnight_dumping
bin,AMD-BIN-0347,AMD-Z-19,2026-07-09,illegal_dumping_spike
bin,AMD-BIN-0246,AMD-Z-13,2026-07-09,illegal_dumping_spike
bin,AMD-BIN-0179,AMD-Z-10,2026-07-09,illegal_dumping_spike
bin,AMD-BIN-0546,AMD-Z-30,2026-07-09,collection_gap
bin,AMD-BIN-0206,AMD-Z-11,2026-07-09,collection_gap
bin,AMD-BIN-0183,AMD-Z-10,2026-07-09,overnight_dumping
bin,AMD-BIN-0566,AMD-Z-31,2026-07-09,collection_gap
bin,AMD-BIN-0538,AMD-Z-30,2026-07-09,collection_gap
bin,AMD-BIN-0386,AMD-Z-21,2026-07-10,composition_shift
bin,AMD-BIN-0187,AMD-Z-10,2026-07-10,composition_shift
bin,AMD-BIN-0512,AMD-Z-28,2026-07-10,overnight_dumping
bin,AMD-BIN-0206,AMD-Z-11,2026-07-10,collection_gap
bin,AMD-BIN-0183,AMD-Z-10,2026-07-10,overnight_dumping
bin,AMD-BIN-0566,AMD-Z-31,2026-07-10,collection_gap
bin,AMD-BIN-0306,AMD-Z-17,2026-07-10,illegal_dumping_spike
bin,AMD-BIN-0134,AMD-Z-07,2026-07-10,illegal_dumping_spike
bin,AMD-BIN-0105,AMD-Z-05,2026-07-11,collection_gap
bin,AMD-BIN-0438,AMD-Z-24,2026-07-11,overnight_dumping
bin,AMD-BIN-0389,AMD-Z-22,2026-07-11,overnight_dumping
bin,AMD-BIN-0569,AMD-Z-32,2026-07-11,illegal_dumping_spike
bin,AMD-BIN-0512,AMD-Z-28,2026-07-11,overnight_dumping
bin,AMD-BIN-0596,AMD-Z-33,2026-07-11,illegal_dumping_spike
bin,AMD-BIN-0206,AMD-Z-11,2026-07-11,collection_gap
bin,AMD-BIN-0578,AMD-Z-32,2026-07-11,weekend_spike
bin,AMD-BIN-0117,AMD-Z-06,2026-07-11,weekend_spike
bin,AMD-BIN-0467,AMD-Z-26,2026-07-11,illegal_dumping_spike
bin,AMD-BIN-0566,AMD-Z-31,2026-07-11,collection_gap
bin,AMD-BIN-0157,AMD-Z-08,2026-07-11,illegal_dumping_spike
bin,AMD-BIN-0306,AMD-Z-17,2026-07-11,illegal_dumping_spike
bin,AMD-BIN-0166,AMD-Z-09,2026-07-11,weekend_spike
bin,AMD-BIN-0019,AMD-Z-01,2026-07-12,festival_overload
bin,AMD-BIN-0105,AMD-Z-05,2026-07-12,collection_gap
bin,AMD-BIN-0213,AMD-Z-11,2026-07-12,repeated_overflow
bin,AMD-BIN-0441,AMD-Z-25,2026-07-12,overnight_dumping
bin,AMD-BIN-0118,AMD-Z-06,2026-07-12,overnight_dumping
bin,AMD-BIN-0569,AMD-Z-32,2026-07-12,illegal_dumping_spike
bin,AMD-BIN-0026,AMD-Z-02,2026-07-12,illegal_dumping_spike
bin,AMD-BIN-0577,AMD-Z-32,2026-07-12,festival_overload
bin,AMD-BIN-0471,AMD-Z-26,2026-07-12,collection_gap
bin,AMD-BIN-0196,AMD-Z-11,2026-07-12,collection_gap
bin,AMD-BIN-0117,AMD-Z-06,2026-07-12,weekend_spike
bin,AMD-BIN-0467,AMD-Z-26,2026-07-12,illegal_dumping_spike
bin,AMD-BIN-0127,AMD-Z-07,2026-07-12,composition_shift
bin,AMD-BIN-0213,AMD-Z-11,2026-07-13,repeated_overflow
bin,AMD-BIN-0262,AMD-Z-14,2026-07-13,illegal_dumping_spike
bin,AMD-BIN-0580,AMD-Z-32,2026-07-13,composition_shift
bin,AMD-BIN-0441,AMD-Z-25,2026-07-13,overnight_dumping
bin,AMD-BIN-0026,AMD-Z-02,2026-07-13,illegal_dumping_spike
bin,AMD-BIN-0577,AMD-Z-32,2026-07-13,festival_overload
bin,AMD-BIN-0471,AMD-Z-26,2026-07-13,collection_gap
bin,AMD-BIN-0588,AMD-Z-33,2026-07-13,illegal_dumping_spike
bin,AMD-BIN-0075,AMD-Z-04,2026-07-13,repeated_overflow
bin,AMD-BIN-0196,AMD-Z-11,2026-07-13,collection_gap
bin,AMD-BIN-0586,AMD-Z-33,2026-07-13,collection_gap
bin,AMD-BIN-0187,AMD-Z-10,2026-07-13,collection_gap
bin,AMD-BIN-0599,AMD-Z-33,2026-07-13,overnight_dumping
bin,AMD-BIN-0127,AMD-Z-07,2026-07-13,composition_shift
bin,AMD-BIN-0052,AMD-Z-03,2026-07-14,repeated_overflow
bin,AMD-BIN-0262,AMD-Z-14,2026-07-14,illegal_dumping_spike
bin,AMD-BIN-0035,AMD-Z-02,2026-07-14,collection_gap
bin,AMD-BIN-0195,AMD-Z-11,2026-07-14,overnight_dumping
bin,AMD-BIN-0229,AMD-Z-12,2026-07-14,repeated_overflow
bin,AMD-BIN-0471,AMD-Z-26,2026-07-14,collection_gap
bin,AMD-BIN-0588,AMD-Z-33,2026-07-14,illegal_dumping_spike
bin,AMD-BIN-0075,AMD-Z-04,2026-07-14,repeated_overflow
bin,AMD-BIN-0016,AMD-Z-01,2026-07-14,illegal_dumping_spike
bin,AMD-BIN-0196,AMD-Z-11,2026-07-14,collection_gap
bin,AMD-BIN-0586,AMD-Z-33,2026-07-14,collection_gap
bin,AMD-BIN-0062,AMD-Z-03,2026-07-14,illegal_dumping_spike
bin,AMD-BIN-0187,AMD-Z-10,2026-07-14,collection_gap
bin,AMD-BIN-0026,AMD-Z-02,2026-07-14,repeated_overflow
bin,AMD-BIN-0599,AMD-Z-33,2026-07-14,overnight_dumping
bin,AMD-BIN-0127,AMD-Z-07,2026-07-14,composition_shift
bin,AMD-BIN-0052,AMD-Z-03,2026-07-15,repeated_overflow
bin,AMD-BIN-0593,AMD-Z-33,2026-07-15,composition_shift
bin,AMD-BIN-0465,AMD-Z-26,2026-07-15,illegal_dumping_spike
bin,AMD-BIN-0320,AMD-Z-18,2026-07-15,repeated_overflow
bin,AMD-BIN-0035,AMD-Z-02,2026-07-15,collection_gap
bin,AMD-BIN-0284,AMD-Z-16,2026-07-15,illegal_dumping_spike
bin,AMD-BIN-0229,AMD-Z-12,2026-07-15,repeated_overflow
bin,AMD-BIN-0471,AMD-Z-26,2026-07-15,collection_gap
bin,AMD-BIN-0214,AMD-Z-11,2026-07-15,illegal_dumping_spike
bin,AMD-BIN-0377,AMD-Z-21,2026-07-15,illegal_dumping_spike
bin,AMD-BIN-0586,AMD-Z-33,2026-07-15,collection_gap
bin,AMD-BIN-0398,AMD-Z-22,2026-07-15,festival_overload
bin,AMD-BIN-0187,AMD-Z-10,2026-07-15,collection_gap
bin,AMD-BIN-0026,AMD-Z-02,2026-07-15,repeated_overflow
bin,AMD-BIN-0316,AMD-Z-18,2026-07-15,repeated_overflow
bin,AMD-BIN-0585,AMD-Z-33,2026-07-15,overnight_dumping
bin,AMD-BIN-0052,AMD-Z-03,2026-07-16,repeated_overflow
bin,AMD-BIN-0501,AMD-Z-28,2026-07-16,collection_gap
bin,AMD-BIN-0194,AMD-Z-11,2026-07-16,illegal_dumping_spike
bin,AMD-BIN-0593,AMD-Z-33,2026-07-16,composition_shift
bin,AMD-BIN-0465,AMD-Z-26,2026-07-16,illegal_dumping_spike
bin,AMD-BIN-0320,AMD-Z-18,2026-07-16,repeated_overflow
bin,AMD-BIN-0035,AMD-Z-02,2026-07-16,collection_gap
bin,AMD-BIN-0284,AMD-Z-16,2026-07-16,illegal_dumping_spike
bin,AMD-BIN-0176,AMD-Z-10,2026-07-16,overnight_dumping
bin,AMD-BIN-0214,AMD-Z-11,2026-07-16,illegal_dumping_spike
bin,AMD-BIN-0377,AMD-Z-21,2026-07-16,illegal_dumping_spike
bin,AMD-BIN-0586,AMD-Z-33,2026-07-16,collection_gap
bin,AMD-BIN-0263,AMD-Z-14,2026-07-16,illegal_dumping_spike
bin,AMD-BIN-0187,AMD-Z-10,2026-07-16,collection_gap
bin,AMD-BIN-0211,AMD-Z-11,2026-07-16,collection_gap
bin,AMD-BIN-0316,AMD-Z-18,2026-07-16,repeated_overflow
bin,AMD-BIN-0596,AMD-Z-33,2026-07-17,illegal_dumping_spike
bin,AMD-BIN-0052,AMD-Z-03,2026-07-17,repeated_overflow
bin,AMD-BIN-0501,AMD-Z-28,2026-07-17,collection_gap
bin,AMD-BIN-0528,AMD-Z-29,2026-07-17,overnight_dumping
bin,AMD-BIN-0035,AMD-Z-02,2026-07-17,collection_gap
bin,AMD-BIN-0459,AMD-Z-26,2026-07-17,illegal_dumping_spike
bin,AMD-BIN-0176,AMD-Z-10,2026-07-17,overnight_dumping
bin,AMD-BIN-0004,AMD-Z-01,2026-07-17,collection_gap
bin,AMD-BIN-0465,AMD-Z-26,2026-07-17,collection_gap
bin,AMD-BIN-0211,AMD-Z-11,2026-07-17,collection_gap
zone,AMD-Z-12,AMD-Z-12,2026-07-17,zone_surge
bin,AMD-BIN-0501,AMD-Z-28,2026-07-18,collection_gap
bin,AMD-BIN-0535,AMD-Z-30,2026-07-18,overnight_dumping
bin,AMD-BIN-0183,AMD-Z-10,2026-07-18,composition_shift
bin,AMD-BIN-0428,AMD-Z-24,2026-07-18,illegal_dumping_spike
bin,AMD-BIN-0345,AMD-Z-19,2026-07-18,weekend_spike
bin,AMD-BIN-0552,AMD-Z-30,2026-07-18,weekend_spike
bin,AMD-BIN-0498,AMD-Z-28,2026-07-18,illegal_dumping_spike
bin,AMD-BIN-0004,AMD-Z-01,2026-07-18,collection_gap
bin,AMD-BIN-0175,AMD-Z-09,2026-07-18,weekend_spike
bin,AMD-BIN-0518,AMD-Z-29,2026-07-18,illegal_dumping_spike
bin,AMD-BIN-0124,AMD-Z-07,2026-07-18,illegal_dumping_spike
bin,AMD-BIN-0258,AMD-Z-14,2026-07-19,collection_gap
bin,AMD-BIN-0501,AMD-Z-28,2026-07-19,collection_gap
bin,AMD-BIN-0378,AMD-Z-21,2026-07-19,illegal_dumping_spike
bin,AMD-BIN-0345,AMD-Z-19,2026-07-19,weekend_spike
bin,AMD-BIN-0552,AMD-Z-30,2026-07-19,weekend_spike
bin,AMD-BIN-0454,AMD-Z-25,2026-07-19,repeated_overflow
bin,AMD-BIN-0394,AMD-Z-22,2026-07-19,composition_shift
bin,AMD-BIN-0545,AMD-Z-30,2026-07-19,illegal_dumping_spike
bin,AMD-BIN-0004,AMD-Z-01,2026-07-19,collection_gap
bin,AMD-BIN-0081,AMD-Z-04,2026-07-19,composition_shift
bin,AMD-BIN-0518,AMD-Z-29,2026-07-19,illegal_dumping_spike
bin,AMD-BIN-0408,AMD-Z-23,2026-07-19,overnight_dumping
bin,AMD-BIN-0124,AMD-Z-07,2026-07-19,illegal_dumping_spike
bin,AMD-BIN-0258,AMD-Z-14,2026-07-20,collection_gap
bin,AMD-BIN-0271,AMD-Z-15,2026-07-20,collection_gap
bin,AMD-BIN-0307,AMD-Z-17,2026-07-20,collection_gap
bin,AMD-BIN-0121,AMD-Z-06,2026-07-20,illegal_dumping_spike
bin,AMD-BIN-0378,AMD-Z-21,2026-07-20,illegal_dumping_spike
bin,AMD-BIN-0191,AMD-Z-10,2026-07-20,overnight_dumping
bin,AMD-BIN-0152,AMD-Z-08,2026-07-20,illegal_dumping_spike
bin,AMD-BIN-0454,AMD-Z-25,2026-07-20,repeated_overflow
bin,AMD-BIN-0044,AMD-Z-02,2026-07-20,illegal_dumping_spike
bin,AMD-BIN-0545,AMD-Z-30,2026-07-20,illegal_dumping_spike
bin,AMD-BIN-0173,AMD-Z-09,2026-07-20,illegal_dumping_spike
bin,AMD-BIN-0004,AMD-Z-01,2026-07-20,collection_gap
bin,AMD-BIN-0092,AMD-Z-05,2026-07-20,repeated_overflow
bin,AMD-BIN-0408,AMD-Z-23,2026-07-20,overnight_dumping
bin,AMD-BIN-0332,AMD-Z-18,2026-07-20,repeated_overflow
bin,AMD-BIN-0149,AMD-Z-08,2026-07-20,festival_overload
bin,AMD-BIN-0188,AMD-Z-10,2026-07-20,overnight_dumping
zone,AMD-Z-10,AMD-Z-10,2026-07-20,zone_surge
bin,AMD-BIN-0199,AMD-Z-11,2026-07-21,repeated_overflow
bin,AMD-BIN-0480,AMD-Z-27,2026-07-21,overnight_dumping
bin,AMD-BIN-0271,AMD-Z-15,2026-07-21,collection_gap
bin,AMD-BIN-0307,AMD-Z-17,2026-07-21,collection_gap
bin,AMD-BIN-0412,AMD-Z-23,2026-07-21,overnight_dumping
bin,AMD-BIN-0121,AMD-Z-06,2026-07-21,illegal_dumping_spike
bin,AMD-BIN-0104,AMD-Z-05,2026-07-21,composition_shift
bin,AMD-BIN-0454,AMD-Z-25,2026-07-21,repeated_overflow
bin,AMD-BIN-0189,AMD-Z-10,2026-07-21,composition_shift
bin,AMD-BIN-0173,AMD-Z-09,2026-07-21,illegal_dumping_spike
bin,AMD-BIN-0015,AMD-Z-01,2026-07-21,repeated_overflow
bin,AMD-BIN-0092,AMD-Z-05,2026-07-21,repeated_overflow
bin,AMD-BIN-0128,AMD-Z-07,2026-07-21,festival_overload
bin,AMD-BIN-0342,AMD-Z-19,2026-07-21,composition_shift
bin,AMD-BIN-0534,AMD-Z-30,2026-07-21,collection_gap
bin,AMD-BIN-0006,AMD-Z-01,2026-07-21,repeated_overflow
bin,AMD-BIN-0332,AMD-Z-18,2026-07-21,repeated_overflow
bin,AMD-BIN-0420,AMD-Z-23,2026-07-21,repeated_overflow
bin,AMD-BIN-0339,AMD-Z-19,2026-07-22,collection_gap
bin,AMD-BIN-0199,AMD-Z-11,2026-07-22,repeated_overflow
bin,AMD-BIN-0271,AMD-Z-15,2026-07-22,collection_gap
bin,AMD-BIN-0412,AMD-Z-23,2026-07-22,overnight_dumping
bin,AMD-BIN-0582,AMD-Z-32,2026-07-22,illegal_dumping_spike
bin,AMD-BIN-0104,AMD-Z-05,2026-07-22,composition_shift
bin,AMD-BIN-0189,AMD-Z-10,2026-07-22,composition_shift
bin,AMD-BIN-0015,AMD-Z-01,2026-07-22,repeated_overflow
bin,AMD-BIN-0545,AMD-Z-30,2026-07-22,composition_shift
bin,AMD-BIN-0342,AMD-Z-19,2026-07-22,composition_shift
bin,AMD-BIN-0534,AMD-Z-30,2026-07-22,collection_gap
bin,AMD-BIN-0053,AMD-Z-03,2026-07-22,overnight_dumping
bin,AMD-BIN-0103,AMD-Z-05,2026-07-22,repeated_overflow
bin,AMD-BIN-0006,AMD-Z-01,2026-07-22,repeated_overflow
bin,AMD-BIN-0332,AMD-Z-18,2026-07-22,repeated_overflow
bin,AMD-BIN-0420,AMD-Z-23,2026-07-22,repeated_overflow
bin,AMD-BIN-0339,AMD-Z-19,2026-07-23,collection_gap
bin,AMD-BIN-0199,AMD-Z-11,2026-07-23,repeated_overflow
bin,AMD-BIN-0271,AMD-Z-15,2026-07-23,collection_gap
bin,AMD-BIN-0582,AMD-Z-32,2026-07-23,illegal_dumping_spike
bin,AMD-BIN-0184,AMD-Z-10,2026-07-23,repeated_overflow
bin,AMD-BIN-0189,AMD-Z-10,2026-07-23,composition_shift
bin,AMD-BIN-0300,AMD-Z-17,2026-07-23,collection_gap
bin,AMD-BIN-0250,AMD-Z-14,2026-07-23,illegal_dumping_spike
bin,AMD-BIN-0545,AMD-Z-30,2026-07-23,composition_shift
bin,AMD-BIN-0534,AMD-Z-30,2026-07-23,collection_gap
bin,AMD-BIN-0103,AMD-Z-05,2026-07-23,repeated_overflow
bin,AMD-BIN-0006,AMD-Z-01,2026-07-23,repeated_overflow
bin,AMD-BIN-0420,AMD-Z-23,2026-07-23,repeated_overflow
bin,AMD-BIN-0560,AMD-Z-31,2026-07-23,illegal_dumping_spike
bin,AMD-BIN-0157,AMD-Z-08,2026-07-24,collection_gap
bin,AMD-BIN-0199,AMD-Z-11,2026-07-24,repeated_overflow
bin,AMD-BIN-0152,AMD-Z-08,2026-07-24,repeated_overflow
bin,AMD-BIN-0487,AMD-Z-27,2026-07-24,composition_shift
bin,AMD-BIN-0222,AMD-Z-12,2026-07-24,overnight_dumping
bin,AMD-BIN-0196,AMD-Z-11,2026-07-24,composition_shift
bin,AMD-BIN-0302,AMD-Z-17,2026-07-24,illegal_dumping_spike
bin,AMD-BIN-0577,AMD-Z-32,2026-07-24,overnight_dumping
bin,AMD-BIN-0453,AMD-Z-25,2026-07-24,composition_shift
bin,AMD-BIN-0184,AMD-Z-10,2026-07-24,repeated_overflow
bin,AMD-BIN-0451,AMD-Z-25,2026-07-24,festival_overload
bin,AMD-BIN-0476,AMD-Z-27,2026-07-24,collection_gap
bin,AMD-BIN-0300,AMD-Z-17,2026-07-24,collection_gap
bin,AMD-BIN-0250,AMD-Z-14,2026-07-24,illegal_dumping_spike
bin,AMD-BIN-0212,AMD-Z-11,2026-07-24,collection_gap
bin,AMD-BIN-0109,AMD-Z-06,2026-07-24,illegal_dumping_spike
bin,AMD-BIN-0534,AMD-Z-30,2026-07-24,collection_gap
bin,AMD-BIN-0103,AMD-Z-05,2026-07-24,repeated_overflow
bin,AMD-BIN-0420,AMD-Z-23,2026-07-24,repeated_overflow
bin,AMD-BIN-0560,AMD-Z-31,2026-07-24,illegal_dumping_spike
bin,AMD-BIN-0374,AMD-Z-21,2026-07-25,weekend_spike
bin,AMD-BIN-0157,AMD-Z-08,2026-07-25,collection_gap
bin,AMD-BIN-0152,AMD-Z-08,2026-07-25,repeated_overflow
bin,AMD-BIN-0055,AMD-Z-03,2026-07-25,repeated_overflow
bin,AMD-BIN-0302,AMD-Z-17,2026-07-25,illegal_dumping_spike
bin,AMD-BIN-0482,AMD-Z-27,2026-07-25,weekend_spike
bin,AMD-BIN-0184,AMD-Z-10,2026-07-25,repeated_overflow
bin,AMD-BIN-0451,AMD-Z-25,2026-07-25,festival_overload
bin,AMD-BIN-0476,AMD-Z-27,2026-07-25,collection_gap
bin,AMD-BIN-0415,AMD-Z-23,2026-07-25,overnight_dumping
bin,AMD-BIN-0264,AMD-Z-14,2026-07-25,composition_shift
bin,AMD-BIN-0212,AMD-Z-11,2026-07-25,collection_gap
bin,AMD-BIN-0175,AMD-Z-09,2026-07-25,composition_shift
bin,AMD-BIN-0189,AMD-Z-10,2026-07-25,composition_shift
bin,AMD-BIN-0167,AMD-Z-09,2026-07-25,repeated_overflow
bin,AMD-BIN-0181,AMD-Z-10,2026-07-25,weekend_spike
bin,AMD-BIN-0118,AMD-Z-06,2026-07-25,collection_gap
bin,AMD-BIN-0525,AMD-Z-29,2026-07-25,weekend_spike
bin,AMD-BIN-0536,AMD-Z-30,2026-07-25,illegal_dumping_spike
bin,AMD-BIN-0170,AMD-Z-09,2026-07-25,weekend_spike
bin,AMD-BIN-0526,AMD-Z-29,2026-07-25,weekend_spike
bin,AMD-BIN-0523,AMD-Z-29,2026-07-26,collection_gap
bin,AMD-BIN-0305,AMD-Z-17,2026-07-26,festival_overload
bin,AMD-BIN-0152,AMD-Z-08,2026-07-26,repeated_overflow
bin,AMD-BIN-0208,AMD-Z-11,2026-07-26,composition_shift
bin,AMD-BIN-0055,AMD-Z-03,2026-07-26,repeated_overflow
bin,AMD-BIN-0162,AMD-Z-09,2026-07-26,illegal_dumping_spike
bin,AMD-BIN-0482,AMD-Z-27,2026-07-26,weekend_spike
bin,AMD-BIN-0207,AMD-Z-11,2026-07-26,composition_shift
bin,AMD-BIN-0476,AMD-Z-27,2026-07-26,collection_gap
bin,AMD-BIN-0175,AMD-Z-09,2026-07-26,composition_shift
bin,AMD-BIN-0091,AMD-Z-05,2026-07-26,festival_overload
bin,AMD-BIN-0189,AMD-Z-10,2026-07-26,composition_shift
bin,AMD-BIN-0167,AMD-Z-09,2026-07-26,repeated_overflow
bin,AMD-BIN-0118,AMD-Z-06,2026-07-26,collection_gap
bin,AMD-BIN-0536,AMD-Z-30,2026-07-26,illegal_dumping_spike
bin,AMD-BIN-0523,AMD-Z-29,2026-07-27,collection_gap
bin,AMD-BIN-0305,AMD-Z-17,2026-07-27,festival_overload
bin,AMD-BIN-0152,AMD-Z-08,2026-07-27,repeated_overflow
bin,AMD-BIN-0006,AMD-Z-01,2026-07-27,illegal_dumping_spike
bin,AMD-BIN-0208,AMD-Z-11,2026-07-27,composition_shift
bin,AMD-BIN-0162,AMD-Z-09,2026-07-27,illegal_dumping_spike
bin,AMD-BIN-0352,AMD-Z-20,2026-07-27,composition_shift
bin,AMD-BIN-0476,AMD-Z-27,2026-07-27,collection_gap
bin,AMD-BIN-0238,AMD-Z-13,2026-07-27,collection_gap
bin,AMD-BIN-0175,AMD-Z-09,2026-07-27,composition_shift
bin,AMD-BIN-0091,AMD-Z-05,2026-07-27,festival_overload
bin,AMD-BIN-0189,AMD-Z-10,2026-07-27,composition_shift
bin,AMD-BIN-0167,AMD-Z-09,2026-07-27,repeated_overflow
bin,AMD-BIN-0118,AMD-Z-06,2026-07-27,collection_gap
bin,AMD-BIN-0559,AMD-Z-31,2026-07-27,overnight_dumping
bin,AMD-BIN-0401,AMD-Z-22,2026-07-28,repeated_overflow
bin,AMD-BIN-0012,AMD-Z-01,2026-07-28,composition_shift
bin,AMD-BIN-0006,AMD-Z-01,2026-07-28,illegal_dumping_spike
bin,AMD-BIN-0227,AMD-Z-12,2026-07-28,illegal_dumping_spike
bin,AMD-BIN-0352,AMD-Z-20,2026-07-28,composition_shift
bin,AMD-BIN-0238,AMD-Z-13,2026-07-28,collection_gap
bin,AMD-BIN-0176,AMD-Z-10,2026-07-28,festival_overload
bin,AMD-BIN-0470,AMD-Z-26,2026-07-28,composition_shift
bin,AMD-BIN-0167,AMD-Z-09,2026-07-28,repeated_overflow
bin,AMD-BIN-0583,AMD-Z-32,2026-07-28,overnight_dumping
bin,AMD-BIN-0118,AMD-Z-06,2026-07-28,collection_gap
bin,AMD-BIN-0388,AMD-Z-22,2026-07-28,illegal_dumping_spike
bin,AMD-BIN-0381,AMD-Z-21,2026-07-28,festival_overload
bin,AMD-BIN-0559,AMD-Z-31,2026-07-28,overnight_dumping
bin,AMD-BIN-0401,AMD-Z-22,2026-07-29,repeated_overflow
bin,AMD-BIN-0012,AMD-Z-01,2026-07-29,composition_shift
bin,AMD-BIN-0227,AMD-Z-12,2026-07-29,illegal_dumping_spike
bin,AMD-BIN-0549,AMD-Z-30,2026-07-29,repeated_overflow
bin,AMD-BIN-0583,AMD-Z-32,2026-07-29,overnight_dumping
bin,AMD-BIN-0455,AMD-Z-26,2026-07-29,festival_overload
bin,AMD-BIN-0355,AMD-Z-20,2026-07-29,collection_gap
bin,AMD-BIN-0352,AMD-Z-20,2026-07-29,composition_shift
bin,AMD-BIN-0481,AMD-Z-27,2026-07-29,festival_overload
bin,AMD-BIN-0176,AMD-Z-10,2026-07-29,festival_overload
bin,AMD-BIN-0111,AMD-Z-06,2026-07-29,collection_gap
bin,AMD-BIN-0525,AMD-Z-29,2026-07-29,illegal_dumping_spike
bin,AMD-BIN-0056,AMD-Z-03,2026-07-29,collection_gap
bin,AMD-BIN-0099,AMD-Z-05,2026-07-29,illegal_dumping_spike
bin,AMD-BIN-0061,AMD-Z-03,2026-07-29,overnight_dumping
zone,AMD-Z-17,AMD-Z-17,2026-07-29,zone_surge
bin,AMD-BIN-0012,AMD-Z-01,2026-07-30,composition_shift
bin,AMD-BIN-0549,AMD-Z-30,2026-07-30,repeated_overflow
bin,AMD-BIN-0355,AMD-Z-20,2026-07-30,collection_gap
bin,AMD-BIN-0111,AMD-Z-06,2026-07-30,collection_gap
bin,AMD-BIN-0048,AMD-Z-03,2026-07-30,festival_overload
bin,AMD-BIN-0525,AMD-Z-29,2026-07-30,illegal_dumping_spike
bin,AMD-BIN-0582,AMD-Z-32,2026-07-30,composition_shift
bin,AMD-BIN-0056,AMD-Z-03,2026-07-30,collection_gap
bin,AMD-BIN-0099,AMD-Z-05,2026-07-30,illegal_dumping_spike
bin,AMD-BIN-0061,AMD-Z-03,2026-07-30,overnight_dumping
bin,AMD-BIN-0477,AMD-Z-27,2026-07-30,festival_overload
bin,AMD-BIN-0139,AMD-Z-07,2026-07-31,illegal_dumping_spike
bin,AMD-BIN-0577,AMD-Z-32,2026-07-31,composition_shift
bin,AMD-BIN-0425,AMD-Z-24,2026-07-31,overnight_dumping
bin,AMD-BIN-0486,AMD-Z-27,2026-07-31,collection_gap
bin,AMD-BIN-0355,AMD-Z-20,2026-07-31,collection_gap
bin,AMD-BIN-0397,AMD-Z-22,2026-07-31,composition_shift
bin,AMD-BIN-0296,AMD-Z-16,2026-07-31,illegal_dumping_spike
bin,AMD-BIN-0439,AMD-Z-25,2026-07-31,composition_shift
bin,AMD-BIN-0111,AMD-Z-06,2026-07-31,collection_gap
bin,AMD-BIN-0048,AMD-Z-03,2026-07-31,festival_overload
bin,AMD-BIN-0068,AMD-Z-04,2026-07-31,collection_gap
bin,AMD-BIN-0533,AMD-Z-30,2026-07-31,illegal_dumping_spike
bin,AMD-BIN-0524,AMD-Z-29,2026-07-31,illegal_dumping_spike
bin,AMD-BIN-0056,AMD-Z-03,2026-07-31,collection_gap
bin,AMD-BIN-0477,AMD-Z-27,2026-07-31,festival_overload
bin,AMD-BIN-0139,AMD-Z-07,2026-08-01,illegal_dumping_spike
bin,AMD-BIN-0486,AMD-Z-27,2026-08-01,collection_gap
bin,AMD-BIN-0420,AMD-Z-23,2026-08-01,illegal_dumping_spike
bin,AMD-BIN-0484,AMD-Z-27,2026-08-01,weekend_spike
bin,AMD-BIN-0296,AMD-Z-16,2026-08-01,illegal_dumping_spike
bin,AMD-BIN-0124,AMD-Z-07,2026-08-01,overnight_dumping
bin,AMD-BIN-0375,AMD-Z-21,2026-08-01,weekend_spike
bin,AMD-BIN-0212,AMD-Z-11,2026-08-01,illegal_dumping_spike
bin,AMD-BIN-0499,AMD-Z-28,2026-08-01,illegal_dumping_spike
bin,AMD-BIN-0388,AMD-Z-22,2026-08-01,weekend_spike
bin,AMD-BIN-0068,AMD-Z-04,2026-08-01,collection_gap
bin,AMD-BIN-0518,AMD-Z-29,2026-08-01,weekend_spike
bin,AMD-BIN-0056,AMD-Z-03,2026-08-01,collection_gap
bin,AMD-BIN-0260,AMD-Z-14,2026-08-01,illegal_dumping_spike
bin,AMD-BIN-0370,AMD-Z-21,2026-08-01,weekend_spike
bin,AMD-BIN-0486,AMD-Z-27,2026-08-02,collection_gap
bin,AMD-BIN-0420,AMD-Z-23,2026-08-02,illegal_dumping_spike
bin,AMD-BIN-0338,AMD-Z-19,2026-08-02,overnight_dumping
bin,AMD-BIN-0484,AMD-Z-27,2026-08-02,weekend_spike
bin,AMD-BIN-0124,AMD-Z-07,2026-08-02,overnight_dumping
bin,AMD-BIN-0130,AMD-Z-07,2026-08-02,composition_shift
bin,AMD-BIN-0245,AMD-Z-13,2026-08-02,repeated_overflow
bin,AMD-BIN-0388,AMD-Z-22,2026-08-02,weekend_spike
bin,AMD-BIN-0565,AMD-Z-31,2026-08-02,composition_shift
bin,AMD-BIN-0329,AMD-Z-18,2026-08-02,overnight_dumping
bin,AMD-BIN-0068,AMD-Z-04,2026-08-02,collection_gap
bin,AMD-BIN-0517,AMD-Z-29,2026-08-02,repeated_overflow
bin,AMD-BIN-0260,AMD-Z-14,2026-08-02,illegal_dumping_spike
bin,AMD-BIN-0135,AMD-Z-07,2026-08-03,overnight_dumping
bin,AMD-BIN-0508,AMD-Z-28,2026-08-03,illegal_dumping_spike
bin,AMD-BIN-0066,AMD-Z-03,2026-08-03,illegal_dumping_spike
bin,AMD-BIN-0338,AMD-Z-19,2026-08-03,overnight_dumping
bin,AMD-BIN-0248,AMD-Z-13,2026-08-03,illegal_dumping_spike
bin,AMD-BIN-0192,AMD-Z-10,2026-08-03,overnight_dumping
bin,AMD-BIN-0130,AMD-Z-07,2026-08-03,composition_shift
bin,AMD-BIN-0180,AMD-Z-10,2026-08-03,illegal_dumping_spike
bin,AMD-BIN-0245,AMD-Z-13,2026-08-03,repeated_overflow
bin,AMD-BIN-0448,AMD-Z-25,2026-08-03,festival_overload
bin,AMD-BIN-0565,AMD-Z-31,2026-08-03,composition_shift
bin,AMD-BIN-0329,AMD-Z-18,2026-08-03,overnight_dumping
bin,AMD-BIN-0068,AMD-Z-04,2026-08-03,collection_gap
bin,AMD-BIN-0517,AMD-Z-29,2026-08-03,repeated_overflow
bin,AMD-BIN-0398,AMD-Z-22,2026-08-03,composition_shift
bin,AMD-BIN-0139,AMD-Z-07,2026-08-04,composition_shift
bin,AMD-BIN-0066,AMD-Z-03,2026-08-04,illegal_dumping_spike
bin,AMD-BIN-0485,AMD-Z-27,2026-08-04,collection_gap
bin,AMD-BIN-0456,AMD-Z-26,2026-08-04,illegal_dumping_spike
bin,AMD-BIN-0195,AMD-Z-11,2026-08-04,illegal_dumping_spike
bin,AMD-BIN-0130,AMD-Z-07,2026-08-04,composition_shift
bin,AMD-BIN-0448,AMD-Z-25,2026-08-04,festival_overload
bin,AMD-BIN-0009,AMD-Z-01,2026-08-04,collection_gap
bin,AMD-BIN-0565,AMD-Z-31,2026-08-04,composition_shift
bin,AMD-BIN-0517,AMD-Z-29,2026-08-04,repeated_overflow
bin,AMD-BIN-0501,AMD-Z-28,2026-08-04,composition_shift
bin,AMD-BIN-0398,AMD-Z-22,2026-08-04,composition_shift
bin,AMD-BIN-0139,AMD-Z-07,2026-08-05,composition_shift
bin,AMD-BIN-0135,AMD-Z-07,2026-08-05,composition_shift
bin,AMD-BIN-0282,AMD-Z-15,2026-08-05,composition_shift
bin,AMD-BIN-0485,AMD-Z-27,2026-08-05,collection_gap
bin,AMD-BIN-0456,AMD-Z-26,2026-08-05,illegal_dumping_spike
bin,AMD-BIN-0195,AMD-Z-11,2026-08-05,illegal_dumping_spike
bin,AMD-BIN-0148,AMD-Z-08,2026-08-05,composition_shift
bin,AMD-BIN-0009,AMD-Z-01,2026-08-05,collection_gap
bin,AMD-BIN-0227,AMD-Z-12,2026-08-05,collection_gap
bin,AMD-BIN-0323,AMD-Z-18,2026-08-05,composition_shift
bin,AMD-BIN-0375,AMD-Z-21,2026-08-05,collection_gap
bin,AMD-BIN-0545,AMD-Z-30,2026-08-05,composition_shift
bin,AMD-BIN-0501,AMD-Z-28,2026-08-05,composition_shift
bin,AMD-BIN-0398,AMD-Z-22,2026-08-05,composition_shift
bin,AMD-BIN-0413,AMD-Z-23,2026-08-06,overnight_dumping
bin,AMD-BIN-0139,AMD-Z-07,2026-08-06,composition_shift
bin,AMD-BIN-0451,AMD-Z-25,2026-08-06,collection_gap
bin,AMD-BIN-0180,AMD-Z-10,2026-08-06,collection_gap
bin,AMD-BIN-0485,AMD-Z-27,2026-08-06,collection_gap
bin,AMD-BIN-0547,AMD-Z-30,2026-08-06,collection_gap
bin,AMD-BIN-0032,AMD-Z-02,2026-08-06,overnight_dumping
bin,AMD-BIN-0117,AMD-Z-06,2026-08-06,composition_shift
bin,AMD-BIN-0148,AMD-Z-08,2026-08-06,composition_shift
bin,AMD-BIN-0009,AMD-Z-01,2026-08-06,collection_gap
bin,AMD-BIN-0227,AMD-Z-12,2026-08-06,collection_gap
bin,AMD-BIN-0375,AMD-Z-21,2026-08-06,collection_gap
bin,AMD-BIN-0501,AMD-Z-28,2026-08-06,composition_shift
zone,AMD-Z-20,AMD-Z-20,2026-08-06,zone_surge
bin,AMD-BIN-0451,AMD-Z-25,2026-08-07,collection_gap
bin,AMD-BIN-0180,AMD-Z-10,2026-08-07,collection_gap
bin,AMD-BIN-0550,AMD-Z-30,2026-08-07,composition_shift
bin,AMD-BIN-0263,AMD-Z-14,2026-08-07,festival_overload
bin,AMD-BIN-0597,AMD-Z-33,2026-08-07,festival_overload
bin,AMD-BIN-0547,AMD-Z-30,2026-08-07,collection_gap
bin,AMD-BIN-0115,AMD-Z-06,2026-08-07,festival_overload
bin,AMD-BIN-0032,AMD-Z-02,2026-08-07,overnight_dumping
bin,AMD-BIN-0117,AMD-Z-06,2026-08-07,composition_shift
bin,AMD-BIN-0131,AMD-Z-07,2026-08-07,collection_gap
bin,AMD-BIN-0375,AMD-Z-21,2026-08-07,collection_gap
bin,AMD-BIN-0518,AMD-Z-29,2026-08-07,overnight_dumping
bin,AMD-BIN-0359,AMD-Z-20,2026-08-07,illegal_dumping_spike
bin,AMD-BIN-0456,AMD-Z-26,2026-08-07,illegal_dumping_spike
zone,AMD-Z-32,AMD-Z-32,2026-08-07,zone_surge
bin,AMD-BIN-0182,AMD-Z-10,2026-08-08,repeated_overflow
bin,AMD-BIN-0451,AMD-Z-25,2026-08-08,collection_gap
bin,AMD-BIN-0436,AMD-Z-24,2026-08-08,composition_shift
bin,AMD-BIN-0425,AMD-Z-24,2026-08-08,repeated_overflow
bin,AMD-BIN-0061,AMD-Z-03,2026-08-08,repeated_overflow
bin,AMD-BIN-0550,AMD-Z-30,2026-08-08,composition_shift
bin,AMD-BIN-0287,AMD-Z-16,2026-08-08,weekend_spike
bin,AMD-BIN-0590,AMD-Z-33,2026-08-08,weekend_spike
bin,AMD-BIN-0518,AMD-Z-29,2026-08-08,illegal_dumping_spike
bin,AMD-BIN-0547,AMD-Z-30,2026-08-08,collection_gap
bin,AMD-BIN-0424,AMD-Z-24,2026-08-08,illegal_dumping_spike
bin,AMD-BIN-0499,AMD-Z-28,2026-08-08,collection_gap
bin,AMD-BIN-0456,AMD-Z-26,2026-08-08,repeated_overflow
bin,AMD-BIN-0008,AMD-Z-01,2026-08-08,illegal_dumping_spike
bin,AMD-BIN-0252,AMD-Z-14,2026-08-08,weekend_spike
bin,AMD-BIN-0494,AMD-Z-28,2026-08-08,overnight_dumping
bin,AMD-BIN-0131,AMD-Z-07,2026-08-08,collection_gap
bin,AMD-BIN-0572,AMD-Z-32,2026-08-08,weekend_spike
bin,AMD-BIN-0375,AMD-Z-21,2026-08-08,collection_gap
bin,AMD-BIN-0327,AMD-Z-18,2026-08-08,overnight_dumping
bin,AMD-BIN-0299,AMD-Z-17,2026-08-08,weekend_spike
bin,AMD-BIN-0120,AMD-Z-06,2026-08-08,weekend_spike
bin,AMD-BIN-0074,AMD-Z-04,2026-08-08,repeated_overflow
bin,AMD-BIN-0094,AMD-Z-05,2026-08-08,weekend_spike
bin,AMD-BIN-0182,AMD-Z-10,2026-08-09,repeated_overflow
bin,AMD-BIN-0436,AMD-Z-24,2026-08-09,composition_shift
bin,AMD-BIN-0425,AMD-Z-24,2026-08-09,repeated_overflow
bin,AMD-BIN-0061,AMD-Z-03,2026-08-09,repeated_overflow
bin,AMD-BIN-0550,AMD-Z-30,2026-08-09,composition_shift
bin,AMD-BIN-0287,AMD-Z-16,2026-08-09,weekend_spike
bin,AMD-BIN-0590,AMD-Z-33,2026-08-09,weekend_spike
bin,AMD-BIN-0455,AMD-Z-26,2026-08-09,repeated_overflow
bin,AMD-BIN-0424,AMD-Z-24,2026-08-09,illegal_dumping_spike
bin,AMD-BIN-0499,AMD-Z-28,2026-08-09,collection_gap
bin,AMD-BIN-0456,AMD-Z-26,2026-08-09,repeated_overflow
bin,AMD-BIN-0008,AMD-Z-01,2026-08-09,illegal_dumping_spike
bin,AMD-BIN-0489,AMD-Z-27,2026-08-09,overnight_dumping
bin,AMD-BIN-0345,AMD-Z-19,2026-08-09,festival_overload
bin,AMD-BIN-0572,AMD-Z-32,2026-08-09,weekend_spike
bin,AMD-BIN-0488,AMD-Z-27,2026-08-09,repeated_overflow
bin,AMD-BIN-0327,AMD-Z-18,2026-08-09,overnight_dumping
bin,AMD-BIN-0074,AMD-Z-04,2026-08-09,repeated_overflow
bin,AMD-BIN-0182,AMD-Z-10,2026-08-10,overnight_dumping
bin,AMD-BIN-0436,AMD-Z-24,2026-08-10,composition_shift
bin,AMD-BIN-0425,AMD-Z-24,2026-08-10,repeated_overflow
bin,AMD-BIN-0061,AMD-Z-03,2026-08-10,repeated_overflow
bin,AMD-BIN-0455,AMD-Z-26,2026-08-10,repeated_overflow
bin,AMD-BIN-0456,AMD-Z-26,2026-08-10,repeated_overflow
bin,AMD-BIN-0489,AMD-Z-27,2026-08-10,overnight_dumping
bin,AMD-BIN-0488,AMD-Z-27,2026-08-10,repeated_overflow
bin,AMD-BIN-0507,AMD-Z-28,2026-08-10,overnight_dumping
bin,AMD-BIN-0135,AMD-Z-07,2026-08-10,composition_shift
bin,AMD-BIN-0061,AMD-Z-03,2026-08-11,repeated_overflow
bin,AMD-BIN-0269,AMD-Z-15,2026-08-11,collection_gap
bin,AMD-BIN-0277,AMD-Z-15,2026-08-11,collection_gap
bin,AMD-BIN-0369,AMD-Z-20,2026-08-11,illegal_dumping_spike
bin,AMD-BIN-0184,AMD-Z-10,2026-08-11,composition_shift
bin,AMD-BIN-0488,AMD-Z-27,2026-08-11,repeated_overflow
bin,AMD-BIN-0389,AMD-Z-22,2026-08-11,festival_overload
bin,AMD-BIN-0135,AMD-Z-07,2026-08-11,collection_gap
bin,AMD-BIN-0507,AMD-Z-28,2026-08-12,illegal_dumping_spike
bin,AMD-BIN-0480,AMD-Z-27,2026-08-12,repeated_overflow
bin,AMD-BIN-0145,AMD-Z-08,2026-08-12,composition_shift
bin,AMD-BIN-0269,AMD-Z-15,2026-08-12,collection_gap
bin,AMD-BIN-0277,AMD-Z-15,2026-08-12,collection_gap
bin,AMD-BIN-0184,AMD-Z-10,2026-08-12,composition_shift
bin,AMD-BIN-0545,AMD-Z-30,2026-08-12,collection_gap
bin,AMD-BIN-0488,AMD-Z-27,2026-08-12,repeated_overflow
bin,AMD-BIN-0389,AMD-Z-22,2026-08-12,festival_overload
bin,AMD-BIN-0135,AMD-Z-07,2026-08-12,collection_gap
bin,AMD-BIN-0358,AMD-Z-20,2026-08-13,overnight_dumping
bin,AMD-BIN-0184,AMD-Z-10,2026-08-13,composition_shift
bin,AMD-BIN-0480,AMD-Z-27,2026-08-13,repeated_overflow
bin,AMD-BIN-0269,AMD-Z-15,2026-08-13,collection_gap
bin,AMD-BIN-0545,AMD-Z-30,2026-08-13,collection_gap
bin,AMD-BIN-0216,AMD-Z-12,2026-08-13,collection_gap
bin,AMD-BIN-0357,AMD-Z-20,2026-08-13,overnight_dumping
bin,AMD-BIN-0135,AMD-Z-07,2026-08-13,collection_gap
bin,AMD-BIN-0582,AMD-Z-32,2026-08-13,collection_gap
bin,AMD-BIN-0181,AMD-Z-10,2026-08-13,repeated_overflow
bin,AMD-BIN-0358,AMD-Z-20,2026-08-14,overnight_dumping
bin,AMD-BIN-0480,AMD-Z-27,2026-08-14,repeated_overflow
bin,AMD-BIN-0007,AMD-Z-01,2026-08-14,festival_overload
bin,AMD-BIN-0269,AMD-Z-15,2026-08-14,collection_gap
bin,AMD-BIN-0216,AMD-Z-12,2026-08-14,collection_gap
bin,AMD-BIN-0317,AMD-Z-18,2026-08-14,composition_shift
bin,AMD-BIN-0166,AMD-Z-09,2026-08-14,composition_shift
bin,AMD-BIN-0582,AMD-Z-32,2026-08-14,collection_gap
bin,AMD-BIN-0181,AMD-Z-10,2026-08-14,repeated_overflow
bin,AMD-BIN-0491,AMD-Z-27,2026-08-15,weekend_spike
bin,AMD-BIN-0067,AMD-Z-03,2026-08-15,repeated_overflow
bin,AMD-BIN-0415,AMD-Z-23,2026-08-15,weekend_spike
bin,AMD-BIN-0050,AMD-Z-03,2026-08-15,overnight_dumping
bin,AMD-BIN-0003,AMD-Z-01,2026-08-15,collection_gap
bin,AMD-BIN-0095,AMD-Z-05,2026-08-15,collection_gap
bin,AMD-BIN-0202,AMD-Z-11,2026-08-15,weekend_spike
bin,AMD-BIN-0293,AMD-Z-16,2026-08-15,weekend_spike
bin,AMD-BIN-0216,AMD-Z-12,2026-08-15,collection_gap
bin,AMD-BIN-0014,AMD-Z-01,2026-08-15,weekend_spike
bin,AMD-BIN-0518,AMD-Z-29,2026-08-15,weekend_spike
bin,AMD-BIN-0317,AMD-Z-18,2026-08-15,composition_shift
bin,AMD-BIN-0166,AMD-Z-09,2026-08-15,composition_shift
bin,AMD-BIN-0582,AMD-Z-32,2026-08-15,collection_gap
bin,AMD-BIN-0181,AMD-Z-10,2026-08-15,repeated_overflow
bin,AMD-BIN-0491,AMD-Z-27,2026-08-16,weekend_spike
bin,AMD-BIN-0067,AMD-Z-03,2026-08-16,repeated_overflow
bin,AMD-BIN-0103,AMD-Z-05,2026-08-16,overnight_dumping
bin,AMD-BIN-0397,AMD-Z-22,2026-08-16,composition_shift
bin,AMD-BIN-0415,AMD-Z-23,2026-08-16,weekend_spike
bin,AMD-BIN-0003,AMD-Z-01,2026-08-16,collection_gap
bin,AMD-BIN-0211,AMD-Z-11,2026-08-16,composition_shift
bin,AMD-BIN-0182,AMD-Z-10,2026-08-16,festival_overload
bin,AMD-BIN-0095,AMD-Z-05,2026-08-16,collection_gap
bin,AMD-BIN-0516,AMD-Z-29,2026-08-16,illegal_dumping_spike
bin,AMD-BIN-0287,AMD-Z-16,2026-08-16,collection_gap
bin,AMD-BIN-0597,AMD-Z-33,2026-08-16,illegal_dumping_spike
bin,AMD-BIN-0202,AMD-Z-11,2026-08-16,weekend_spike
bin,AMD-BIN-0293,AMD-Z-16,2026-08-16,weekend_spike
bin,AMD-BIN-0488,AMD-Z-27,2026-08-16,overnight_dumping
bin,AMD-BIN-0518,AMD-Z-29,2026-08-16,weekend_spike
bin,AMD-BIN-0317,AMD-Z-18,2026-08-16,composition_shift
bin,AMD-BIN-0181,AMD-Z-10,2026-08-16,repeated_overflow
zone,AMD-Z-15,AMD-Z-15,2026-08-16,zone_surge
bin,AMD-BIN-0067,AMD-Z-03,2026-08-17,repeated_overflow
bin,AMD-BIN-0397,AMD-Z-22,2026-08-17,composition_shift
bin,AMD-BIN-0003,AMD-Z-01,2026-08-17,collection_gap
bin,AMD-BIN-0432,AMD-Z-24,2026-08-17,illegal_dumping_spike
bin,AMD-BIN-0182,AMD-Z-10,2026-08-17,festival_overload
bin,AMD-BIN-0506,AMD-Z-28,2026-08-17,composition_shift
bin,AMD-BIN-0080,AMD-Z-04,2026-08-17,repeated_overflow
bin,AMD-BIN-0287,AMD-Z-16,2026-08-17,collection_gap
bin,AMD-BIN-0297,AMD-Z-16,2026-08-17,festival_overload
bin,AMD-BIN-0123,AMD-Z-06,2026-08-17,repeated_overflow
bin,AMD-BIN-0454,AMD-Z-25,2026-08-18,composition_shift
bin,AMD-BIN-0067,AMD-Z-03,2026-08-18,repeated_overflow
bin,AMD-BIN-0003,AMD-Z-01,2026-08-18,collection_gap
bin,AMD-BIN-0483,AMD-Z-27,2026-08-18,illegal_dumping_spike
bin,AMD-BIN-0100,AMD-Z-05,2026-08-18,repeated_overflow
bin,AMD-BIN-0049,AMD-Z-03,2026-08-18,repeated_overflow
bin,AMD-BIN-0080,AMD-Z-04,2026-08-18,repeated_overflow
bin,AMD-BIN-0264,AMD-Z-14,2026-08-18,composition_shift
bin,AMD-BIN-0170,AMD-Z-09,2026-08-18,overnight_dumping
bin,AMD-BIN-0287,AMD-Z-16,2026-08-18,collection_gap
bin,AMD-BIN-0364,AMD-Z-20,2026-08-18,illegal_dumping_spike
bin,AMD-BIN-0123,AMD-Z-06,2026-08-18,repeated_overflow
bin,AMD-BIN-0538,AMD-Z-30,2026-08-18,illegal_dumping_spike
bin,AMD-BIN-0369,AMD-Z-20,2026-08-18,composition_shift
bin,AMD-BIN-0454,AMD-Z-25,2026-08-19,composition_shift
bin,AMD-BIN-0002,AMD-Z-01,2026-08-19,illegal_dumping_spike
bin,AMD-BIN-0100,AMD-Z-05,2026-08-19,repeated_overflow
bin,AMD-BIN-0049,AMD-Z-03,2026-08-19,repeated_overflow
bin,AMD-BIN-0058,AMD-Z-03,2026-08-19,repeated_overflow
bin,AMD-BIN-0080,AMD-Z-04,2026-08-19,repeated_overflow
bin,AMD-BIN-0170,AMD-Z-09,2026-08-19,overnight_dumping
bin,AMD-BIN-0364,AMD-Z-20,2026-08-19,illegal_dumping_spike
bin,AMD-BIN-0520,AMD-Z-29,2026-08-19,collection_gap
bin,AMD-BIN-0123,AMD-Z-06,2026-08-19,repeated_overflow
bin,AMD-BIN-0111,AMD-Z-06,2026-08-19,overnight_dumping
bin,AMD-BIN-0538,AMD-Z-30,2026-08-19,illegal_dumping_spike
bin,AMD-BIN-0369,AMD-Z-20,2026-08-19,composition_shift
bin,AMD-BIN-0322,AMD-Z-18,2026-08-20,collection_gap
bin,AMD-BIN-0454,AMD-Z-25,2026-08-20,composition_shift
bin,AMD-BIN-0002,AMD-Z-01,2026-08-20,illegal_dumping_spike
bin,AMD-BIN-0547,AMD-Z-30,2026-08-20,illegal_dumping_spike
bin,AMD-BIN-0100,AMD-Z-05,2026-08-20,repeated_overflow
bin,AMD-BIN-0049,AMD-Z-03,2026-08-20,repeated_overflow
bin,AMD-BIN-0058,AMD-Z-03,2026-08-20,repeated_overflow
bin,AMD-BIN-0080,AMD-Z-04,2026-08-20,repeated_overflow
bin,AMD-BIN-0520,AMD-Z-29,2026-08-20,collection_gap
bin,AMD-BIN-0197,AMD-Z-11,2026-08-20,composition_shift
bin,AMD-BIN-0111,AMD-Z-06,2026-08-20,overnight_dumping
bin,AMD-BIN-0027,AMD-Z-02,2026-08-20,overnight_dumping
bin,AMD-BIN-0444,AMD-Z-25,2026-08-20,composition_shift
bin,AMD-BIN-0538,AMD-Z-30,2026-08-20,composition_shift
zone,AMD-Z-18,AMD-Z-18,2026-08-20,zone_surge
bin,AMD-BIN-0180,AMD-Z-10,2026-08-21,overnight_dumping
bin,AMD-BIN-0322,AMD-Z-18,2026-08-21,collection_gap
bin,AMD-BIN-0087,AMD-Z-05,2026-08-21,illegal_dumping_spike
bin,AMD-BIN-0052,AMD-Z-03,2026-08-21,composition_shift
bin,AMD-BIN-0306,AMD-Z-17,2026-08-21,illegal_dumping_spike
bin,AMD-BIN-0079,AMD-Z-04,2026-08-21,collection_gap
bin,AMD-BIN-0100,AMD-Z-05,2026-08-21,repeated_overflow
bin,AMD-BIN-0135,AMD-Z-07,2026-08-21,repeated_overflow
bin,AMD-BIN-0058,AMD-Z-03,2026-08-21,repeated_overflow
bin,AMD-BIN-0239,AMD-Z-13,2026-08-21,collection_gap
bin,AMD-BIN-0570,AMD-Z-32,2026-08-21,illegal_dumping_spike
bin,AMD-BIN-0197,AMD-Z-11,2026-08-21,composition_shift
bin,AMD-BIN-0027,AMD-Z-02,2026-08-21,overnight_dumping
bin,AMD-BIN-0432,AMD-Z-24,2026-08-21,repeated_overflow
bin,AMD-BIN-0538,AMD-Z-30,2026-08-21,composition_shift
bin,AMD-BIN-0322,AMD-Z-18,2026-08-22,collection_gap
bin,AMD-BIN-0098,AMD-Z-05,2026-08-22,weekend_spike
bin,AMD-BIN-0289,AMD-Z-16,2026-08-22,festival_overload
bin,AMD-BIN-0052,AMD-Z-03,2026-08-22,composition_shift
bin,AMD-BIN-0304,AMD-Z-17,2026-08-22,collection_gap
bin,AMD-BIN-0306,AMD-Z-17,2026-08-22,illegal_dumping_spike
bin,AMD-BIN-0368,AMD-Z-20,2026-08-22,festival_overload
bin,AMD-BIN-0079,AMD-Z-04,2026-08-22,collection_gap
bin,AMD-BIN-0503,AMD-Z-28,2026-08-22,collection_gap
bin,AMD-BIN-0353,AMD-Z-20,2026-08-22,collection_gap
bin,AMD-BIN-0208,AMD-Z-11,2026-08-22,repeated_overflow
bin,AMD-BIN-0135,AMD-Z-07,2026-08-22,repeated_overflow
bin,AMD-BIN-0058,AMD-Z-03,2026-08-22,repeated_overflow
bin,AMD-BIN-0239,AMD-Z-13,2026-08-22,collection_gap
bin,AMD-BIN-0317,AMD-Z-18,2026-08-22,weekend_spike
bin,AMD-BIN-0570,AMD-Z-32,2026-08-22,illegal_dumping_spike
bin,AMD-BIN-0197,AMD-Z-11,2026-08-22,composition_shift
bin,AMD-BIN-0475,AMD-Z-27,2026-08-22,illegal_dumping_spike
bin,AMD-BIN-0423,AMD-Z-24,2026-08-22,repeated_overflow
bin,AMD-BIN-0146,AMD-Z-08,2026-08-22,illegal_dumping_spike
bin,AMD-BIN-0432,AMD-Z-24,2026-08-22,repeated_overflow
zone,AMD-Z-14,AMD-Z-14,2026-08-22,zone_surge
bin,AMD-BIN-0322,AMD-Z-18,2026-08-23,collection_gap
bin,AMD-BIN-0098,AMD-Z-05,2026-08-23,weekend_spike
bin,AMD-BIN-0052,AMD-Z-03,2026-08-23,composition_shift
bin,AMD-BIN-0304,AMD-Z-17,2026-08-23,collection_gap
bin,AMD-BIN-0368,AMD-Z-20,2026-08-23,festival_overload
bin,AMD-BIN-0512,AMD-Z-28,2026-08-23,illegal_dumping_spike
bin,AMD-BIN-0503,AMD-Z-28,2026-08-23,collection_gap
bin,AMD-BIN-0353,AMD-Z-20,2026-08-23,collection_gap
bin,AMD-BIN-0208,AMD-Z-11,2026-08-23,repeated_overflow
bin,AMD-BIN-0306,AMD-Z-17,2026-08-23,festival_overload
bin,AMD-BIN-0135,AMD-Z-07,2026-08-23,repeated_overflow
bin,AMD-BIN-0400,AMD-Z-22,2026-08-23,overnight_dumping
bin,AMD-BIN-0239,AMD-Z-13,2026-08-23,collection_gap
bin,AMD-BIN-0142,AMD-Z-08,2026-08-23,collection_gap
bin,AMD-BIN-0436,AMD-Z-24,2026-08-23,illegal_dumping_spike
bin,AMD-BIN-0319,AMD-Z-18,2026-08-23,illegal_dumping_spike
bin,AMD-BIN-0502,AMD-Z-28,2026-08-23,repeated_overflow
bin,AMD-BIN-0475,AMD-Z-27,2026-08-23,illegal_dumping_spike
bin,AMD-BIN-0054,AMD-Z-03,2026-08-23,illegal_dumping_spike
bin,AMD-BIN-0423,AMD-Z-24,2026-08-23,repeated_overflow
bin,AMD-BIN-0325,AMD-Z-18,2026-08-23,illegal_dumping_spike
bin,AMD-BIN-0048,AMD-Z-03,2026-08-23,illegal_dumping_spike
bin,AMD-BIN-0016,AMD-Z-01,2026-08-24,composition_shift
bin,AMD-BIN-0503,AMD-Z-28,2026-08-24,collection_gap
bin,AMD-BIN-0114,AMD-Z-06,2026-08-24,collection_gap
bin,AMD-BIN-0208,AMD-Z-11,2026-08-24,repeated_overflow
bin,AMD-BIN-0306,AMD-Z-17,2026-08-24,festival_overload
bin,AMD-BIN-0577,AMD-Z-32,2026-08-24,repeated_overflow
bin,AMD-BIN-0273,AMD-Z-15,2026-08-24,collection_gap
bin,AMD-BIN-0142,AMD-Z-08,2026-08-24,collection_gap
bin,AMD-BIN-0038,AMD-Z-02,2026-08-24,illegal_dumping_spike
bin,AMD-BIN-0502,AMD-Z-28,2026-08-24,repeated_overflow
bin,AMD-BIN-0506,AMD-Z-28,2026-08-24,illegal_dumping_spike
bin,AMD-BIN-0367,AMD-Z-20,2026-08-24,collection_gap
bin,AMD-BIN-0054,AMD-Z-03,2026-08-24,illegal_dumping_spike
bin,AMD-BIN-0423,AMD-Z-24,2026-08-24,repeated_overflow
bin,AMD-BIN-0371,AMD-Z-21,2026-08-24,overnight_dumping
bin,AMD-BIN-0160,AMD-Z-09,2026-08-25,illegal_dumping_spike
bin,AMD-BIN-0114,AMD-Z-06,2026-08-25,collection_gap
bin,AMD-BIN-0208,AMD-Z-11,2026-08-25,repeated_overflow
bin,AMD-BIN-0250,AMD-Z-14,2026-08-25,composition_shift
bin,AMD-BIN-0577,AMD-Z-32,2026-08-25,repeated_overflow
bin,AMD-BIN-0444,AMD-Z-25,2026-08-25,collection_gap
bin,AMD-BIN-0273,AMD-Z-15,2026-08-25,collection_gap
bin,AMD-BIN-0038,AMD-Z-02,2026-08-25,illegal_dumping_spike
bin,AMD-BIN-0506,AMD-Z-28,2026-08-25,illegal_dumping_spike
bin,AMD-BIN-0200,AMD-Z-11,2026-08-25,collection_gap
bin,AMD-BIN-0367,AMD-Z-20,2026-08-25,collection_gap
bin,AMD-BIN-0139,AMD-Z-07,2026-08-25,illegal_dumping_spike
bin,AMD-BIN-0423,AMD-Z-24,2026-08-25,repeated_overflow
bin,AMD-BIN-0143,AMD-Z-08,2026-08-25,repeated_overflow
bin,AMD-BIN-0371,AMD-Z-21,2026-08-25,overnight_dumping
bin,AMD-BIN-0403,AMD-Z-22,2026-08-25,repeated_overflow
bin,AMD-BIN-0577,AMD-Z-32,2026-08-26,collection_gap
bin,AMD-BIN-0160,AMD-Z-09,2026-08-26,illegal_dumping_spike
bin,AMD-BIN-0114,AMD-Z-06,2026-08-26,collection_gap
bin,AMD-BIN-0121,AMD-Z-06,2026-08-26,illegal_dumping_spike
bin,AMD-BIN-0439,AMD-Z-25,2026-08-26,repeated_overflow
bin,AMD-BIN-0444,AMD-Z-25,2026-08-26,collection_gap
bin,AMD-BIN-0427,AMD-Z-24,2026-08-26,overnight_dumping
bin,AMD-BIN-0273,AMD-Z-15,2026-08-26,collection_gap
bin,AMD-BIN-0149,AMD-Z-08,2026-08-26,repeated_overflow
bin,AMD-BIN-0353,AMD-Z-20,2026-08-26,overnight_dumping
bin,AMD-BIN-0272,AMD-Z-15,2026-08-26,collection_gap
bin,AMD-BIN-0007,AMD-Z-01,2026-08-26,overnight_dumping
bin,AMD-BIN-0200,AMD-Z-11,2026-08-26,collection_gap
bin,AMD-BIN-0367,AMD-Z-20,2026-08-26,collection_gap
bin,AMD-BIN-0139,AMD-Z-07,2026-08-26,illegal_dumping_spike
bin,AMD-BIN-0245,AMD-Z-13,2026-08-26,festival_overload
bin,AMD-BIN-0118,AMD-Z-06,2026-08-26,illegal_dumping_spike
bin,AMD-BIN-0143,AMD-Z-08,2026-08-26,repeated_overflow
bin,AMD-BIN-0403,AMD-Z-22,2026-08-26,repeated_overflow
bin,AMD-BIN-0577,AMD-Z-32,2026-08-27,collection_gap
bin,AMD-BIN-0406,AMD-Z-22,2026-08-27,festival_overload
bin,AMD-BIN-0114,AMD-Z-06,2026-08-27,collection_gap
bin,AMD-BIN-0526,AMD-Z-29,2026-08-27,repeated_overflow
bin,AMD-BIN-0439,AMD-Z-25,2026-08-27,repeated_overflow
bin,AMD-BIN-0425,AMD-Z-24,2026-08-27,repeated_overflow
bin,AMD-BIN-0444,AMD-Z-25,2026-08-27,collection_gap
bin,AMD-BIN-0149,AMD-Z-08,2026-08-27,repeated_overflow
bin,AMD-BIN-0458,AMD-Z-26,2026-08-27,collection_gap
bin,AMD-BIN-0371,AMD-Z-21,2026-08-27,illegal_dumping_spike
bin,AMD-BIN-0353,AMD-Z-20,2026-08-27,overnight_dumping
bin,AMD-BIN-0272,AMD-Z-15,2026-08-27,collection_gap
bin,AMD-BIN-0007,AMD-Z-01,2026-08-27,overnight_dumping
bin,AMD-BIN-0367,AMD-Z-20,2026-08-27,collection_gap
bin,AMD-BIN-0338,AMD-Z-19,2026-08-27,illegal_dumping_spike
bin,AMD-BIN-0035,AMD-Z-02,2026-08-27,overnight_dumping
bin,AMD-BIN-0566,AMD-Z-31,2026-08-27,collection_gap
bin,AMD-BIN-0066,AMD-Z-03,2026-08-27,illegal_dumping_spike
bin,AMD-BIN-0143,AMD-Z-08,2026-08-27,repeated_overflow
bin,AMD-BIN-0549,AMD-Z-30,2026-08-27,collection_gap
bin,AMD-BIN-0217,AMD-Z-12,2026-08-27,illegal_dumping_spike
bin,AMD-BIN-0407,AMD-Z-23,2026-08-27,overnight_dumping
bin,AMD-BIN-0403,AMD-Z-22,2026-08-27,repeated_overflow
bin,AMD-BIN-0577,AMD-Z-32,2026-08-28,collection_gap
bin,AMD-BIN-0408,AMD-Z-23,2026-08-28,illegal_dumping_spike
bin,AMD-BIN-0526,AMD-Z-29,2026-08-28,repeated_overflow
bin,AMD-BIN-0294,AMD-Z-16,2026-08-28,illegal_dumping_spike
bin,AMD-BIN-0346,AMD-Z-19,2026-08-28,festival_overload
bin,AMD-BIN-0425,AMD-Z-24,2026-08-28,repeated_overflow
bin,AMD-BIN-0149,AMD-Z-08,2026-08-28,repeated_overflow
bin,AMD-BIN-0107,AMD-Z-06,2026-08-28,overnight_dumping
bin,AMD-BIN-0458,AMD-Z-26,2026-08-28,collection_gap
bin,AMD-BIN-0476,AMD-Z-27,2026-08-28,overnight_dumping
bin,AMD-BIN-0272,AMD-Z-15,2026-08-28,collection_gap
bin,AMD-BIN-0566,AMD-Z-31,2026-08-28,collection_gap
bin,AMD-BIN-0066,AMD-Z-03,2026-08-28,illegal_dumping_spike
bin,AMD-BIN-0549,AMD-Z-30,2026-08-28,collection_gap
bin,AMD-BIN-0518,AMD-Z-29,2026-08-28,festival_overload
bin,AMD-BIN-0217,AMD-Z-12,2026-08-28,illegal_dumping_spike
bin,AMD-BIN-0407,AMD-Z-23,2026-08-28,overnight_dumping
bin,AMD-BIN-0403,AMD-Z-22,2026-08-28,repeated_overflow
bin,AMD-BIN-0380,AMD-Z-21,2026-08-29,weekend_spike
bin,AMD-BIN-0263,AMD-Z-14,2026-08-29,repeated_overflow
bin,AMD-BIN-0451,AMD-Z-25,2026-08-29,weekend_spike
bin,AMD-BIN-0526,AMD-Z-29,2026-08-29,repeated_overflow
bin,AMD-BIN-0371,AMD-Z-21,2026-08-29,weekend_spike
bin,AMD-BIN-0294,AMD-Z-16,2026-08-29,illegal_dumping_spike
bin,AMD-BIN-0346,AMD-Z-19,2026-08-29,festival_overload
bin,AMD-BIN-0149,AMD-Z-08,2026-08-29,repeated_overflow
bin,AMD-BIN-0458,AMD-Z-26,2026-08-29,collection_gap
bin,AMD-BIN-0272,AMD-Z-15,2026-08-29,collection_gap
bin,AMD-BIN-0031,AMD-Z-02,2026-08-29,composition_shift
bin,AMD-BIN-0313,AMD-Z-17,2026-08-29,weekend_spike
bin,AMD-BIN-0558,AMD-Z-31,2026-08-29,repeated_overflow
bin,AMD-BIN-0566,AMD-Z-31,2026-08-29,collection_gap
bin,AMD-BIN-0549,AMD-Z-30,2026-08-29,collection_gap
bin,AMD-BIN-0518,AMD-Z-29,2026-08-29,festival_overload
bin,AMD-BIN-0580,AMD-Z-32,2026-08-30,illegal_dumping_spike
bin,AMD-BIN-0263,AMD-Z-14,2026-08-30,repeated_overflow
bin,AMD-BIN-0451,AMD-Z-25,2026-08-30,weekend_spike
bin,AMD-BIN-0115,AMD-Z-06,2026-08-30,festival_overload
bin,AMD-BIN-0526,AMD-Z-29,2026-08-30,repeated_overflow
bin,AMD-BIN-0366,AMD-Z-20,2026-08-30,overnight_dumping
bin,AMD-BIN-0460,AMD-Z-26,2026-08-30,illegal_dumping_spike
bin,AMD-BIN-0458,AMD-Z-26,2026-08-30,collection_gap
bin,AMD-BIN-0122,AMD-Z-06,2026-08-30,illegal_dumping_spike
bin,AMD-BIN-0219,AMD-Z-12,2026-08-30,collection_gap
bin,AMD-BIN-0558,AMD-Z-31,2026-08-30,repeated_overflow
bin,AMD-BIN-0566,AMD-Z-31,2026-08-30,collection_gap
bin,AMD-BIN-0157,AMD-Z-08,2026-08-30,collection_gap
bin,AMD-BIN-0580,AMD-Z-32,2026-08-31,illegal_dumping_spike
bin,AMD-BIN-0567,AMD-Z-31,2026-08-31,collection_gap
bin,AMD-BIN-0445,AMD-Z-25,2026-08-31,composition_shift
bin,AMD-BIN-0437,AMD-Z-24,2026-08-31,festival_overload
bin,AMD-BIN-0122,AMD-Z-06,2026-08-31,illegal_dumping_spike
bin,AMD-BIN-0299,AMD-Z-17,2026-08-31,illegal_dumping_spike
bin,AMD-BIN-0219,AMD-Z-12,2026-08-31,collection_gap
bin,AMD-BIN-0239,AMD-Z-13,2026-08-31,illegal_dumping_spike
bin,AMD-BIN-0157,AMD-Z-08,2026-08-31,collection_gap
